time_sec,angle_x,angle_y,angle_z
0.068,93.6684,-17.5853,-103.6533
0.197,93.6601,-17.5611,-103.6466
0.318,93.6504,-17.3472,-103.6386
0.445,93.6694,-16.8544,-103.6273
0.564,93.6566,-16.5563,-103.6093
0.691,93.6499,-16.1684,-103.5909
0.809,93.6544,-15.9207,-103.5922
0.927,93.6516,-15.5885,-103.5745
1.049,93.6614,-15.2221,-103.5644
1.167,93.6622,-14.7243,-103.5547
1.302,93.6674,-14.2120,-103.5377
1.422,93.6662,-13.8643,-103.5284
1.544,93.6751,-13.5231,-103.5224
1.663,93.6809,-13.0112,-103.5126
1.790,93.6782,-12.5228,-103.4987
1.908,93.6818,-12.2283,-103.4972
2.026,93.6758,-11.9626,-103.4780
2.148,93.6887,-11.7312,-103.4813
2.266,93.6954,-11.5714,-103.4798
2.401,93.6887,-11.7312,-103.4813
2.521,93.6789,-11.7814,-103.4809
2.643,93.6863,-11.7460,-103.4904
2.762,93.6953,-11.6596,-103.4864
2.889,93.7038,-11.6630,-103.4942
3.007,93.6931,-11.6772,-103.4895
3.126,93.6874,-11.6779,-103.4965
3.247,93.6839,-11.6610,-103.5004
3.365,93.6831,-11.6249,-103.4960
3.501,93.6797,-11.6151,-103.4932
3.620,93.6707,-11.6061,-103.4973
3.742,93.6850,-11.6045,-103.4989
3.861,93.6764,-11.5938,-103.4979
3.988,93.6820,-11.5860,-103.4977
4.106,93.6874,-11.5825,-103.4967
4.225,93.6786,-11.5762,-103.4948
4.346,93.6786,-11.5762,-103.4948
4.465,93.6840,-11.5656,-103.5006
4.600,93.6895,-11.5577,-103.5004
4.719,93.6897,-11.5533,-103.5012
4.841,93.6812,-11.5499,-103.4934
4.960,93.6950,-11.5426,-103.5070
5.087,93.6952,-11.5383,-103.5078
5.206,93.7006,-11.5348,-103.5068
5.324,93.7008,-11.5304,-103.5076
5.446,93.7096,-11.5366,-103.5094
5.564,93.7099,-11.5395,-103.5035
5.691,93.7030,-11.5128,-103.5045
5.810,93.6944,-11.5022,-103.5035
5.937,93.6731,-11.4700,-103.5097
6.055,93.6732,-11.4772,-103.5029
6.174,93.6732,-11.4772,-103.5029
6.295,93.6643,-11.4753,-103.5002
6.414,93.6589,-11.4788,-103.5013
6.541,93.6886,-11.5072,-103.5097
6.659,93.6886,-11.5072,-103.5097
6.786,93.7219,-11.5598,-103.5074
6.904,93.7424,-11.5836,-103.5192
7.023,93.7793,-11.6415,-103.5207
7.144,93.8003,-11.6637,-103.5274
7.263,93.8631,-11.7275,-103.5534
7.398,93.9088,-11.7961,-103.5563
7.518,93.9411,-11.8025,-103.5626
7.639,93.9640,-11.8043,-103.5722
7.759,94.0463,-11.8297,-103.5888
7.885,94.0877,-11.8453,-103.5912
8.004,94.1230,-11.8630,-103.6058
8.122,94.1674,-11.8898,-103.6164
8.244,94.1709,-11.8995,-103.6194
8.362,94.2353,-11.9096,-103.6383
8.497,94.2657,-11.9409,-103.6412
8.617,94.2889,-11.9382,-103.6517
8.739,94.2924,-11.9479,-103.6547
8.858,94.3368,-11.9675,-103.6722
8.985,94.3604,-11.9677,-103.6768
9.103,94.3922,-11.9757,-103.6885
9.221,94.3837,-11.9723,-103.6805
9.343,94.3922,-11.9757,-103.6885
9.461,94.4067,-11.9741,-103.6902
9.589,94.4070,-11.9769,-103.6843
9.707,94.4073,-11.9725,-103.6851
9.834,94.4126,-11.9690,-103.6841
9.952,94.4214,-11.9680,-103.6928
10.071,94.4214,-11.9680,-103.6928
10.192,94.4217,-11.9708,-103.6869
10.311,94.4217,-11.9708,-103.6869
10.438,94.4303,-11.9742,-103.6948
10.557,94.4306,-11.9771,-103.6889
10.684,94.4306,-11.9771,-103.6889
10.802,94.4395,-11.9833,-103.6909
10.920,94.4341,-11.9868,-103.6919
11.043,94.4339,-11.9912,-103.6911
11.161,94.4393,-11.9877,-103.6901
11.271,94.4237,-11.9460,-103.6904
11.381,94.3988,-11.9069,-103.6870
11.509,94.2904,-11.7065,-103.6626
11.639,94.1734,-11.5160,-103.6286
11.758,94.1334,-11.4468,-103.6187
11.893,94.0516,-11.3217,-103.6033
12.012,93.9875,-11.2207,-103.5843
12.134,93.9306,-11.1419,-103.5653
12.253,93.8551,-11.0162,-103.5437
12.371,93.8343,-10.9940,-103.5373
12.493,93.7478,-10.8768,-103.5234
12.611,93.7173,-10.8139,-103.5164
12.738,93.6935,-10.7776,-103.5081
12.859,93.6306,-10.6723,-103.4913
12.986,93.5829,-10.5969,-103.4811
13.105,93.5179,-10.5091,-103.4676
13.232,93.4503,-10.4101,-103.4464
13.350,93.3825,-10.3125,-103.4307
13.469,93.3709,-10.2994,-103.4203
13.590,93.3121,-10.2038,-103.4074
13.709,93.2800,-10.1613,-103.3980
13.836,93.2477,-10.1160,-103.3948
13.955,93.2475,-10.1131,-103.4009
14.085,93.1978,-10.0266,-103.3839
14.212,93.1806,-10.0213,-103.3737
14.334,93.1749,-10.0220,-103.3808
14.453,93.1659,-9.9841,-103.3747
14.580,93.1515,-9.9786,-103.3802
14.698,93.1513,-9.9829,-103.3794
14.817,93.1458,-9.9864,-103.3804
14.938,93.1458,-9.9864,-103.3804
15.052,93.1458,-9.9864,-103.3804
15.169,93.1513,-9.9829,-103.3794
15.291,93.1599,-9.9819,-103.3879
15.409,93.1544,-9.9855,-103.3889
15.536,93.1457,-9.9793,-103.3873
15.655,93.1457,-9.9793,-103.3873
15.784,93.1544,-9.9855,-103.3889
15.903,93.1600,-9.9776,-103.3887
16.030,93.1718,-9.9936,-103.3929
16.148,93.1944,-9.9954,-103.4020
16.267,93.2471,-10.0700,-103.4040
16.388,93.2557,-10.0691,-103.4126
16.506,93.3374,-10.1765,-103.4215
16.642,93.3985,-10.2402,-103.4454
16.761,93.4484,-10.2936,-103.4529
16.883,93.4896,-10.3452,-103.4581
17.002,93.5367,-10.4176,-103.4740
17.129,93.6050,-10.5223,-103.4832
17.247,-162.7048,90.0000,169.1283
17.366,93.6818,-10.6304,-103.5005
17.487,93.7112,-10.6588,-103.5084
17.606,93.7652,-10.7623,-103.5228
17.741,93.7924,-10.8155,-103.5270
17.860,93.8132,-10.8377,-103.5334
17.982,93.8525,-10.9068,-103.5423
18.109,93.9039,-11.0035,-103.5483
18.231,93.8985,-11.0070,-103.5494
18.350,93.9553,-11.0857,-103.5682
18.477,93.9819,-11.1072,-103.5677
18.595,93.9994,-11.1197,-103.5714
18.714,94.0173,-11.1350,-103.5691
18.835,94.0294,-11.1509,-103.5738
18.954,94.0500,-11.1703,-103.5863
19.081,94.0647,-11.1715,-103.5820
19.200,94.0964,-11.1795,-103.5933
19.326,94.1032,-11.1989,-103.5991
19.445,94.0998,-11.1892,-103.5962
19.563,94.0998,-11.1892,-103.5962
19.685,94.0910,-11.1830,-103.5943
19.803,94.0910,-11.1830,-103.5943
19.930,94.0910,-11.1830,-103.5943
20.049,94.0910,-11.1830,-103.5943
20.175,94.0910,-11.1830,-103.5943
20.294,94.0910,-11.1830,-103.5943
20.412,94.0769,-11.1874,-103.5867
20.534,94.0766,-11.1846,-103.5927
20.652,94.0769,-11.1874,-103.5867
20.780,94.0854,-11.1908,-103.5946
20.898,94.0857,-11.1937,-103.5886
21.026,94.0854,-11.1908,-103.5946
21.144,94.0854,-11.1908,-103.5946
21.254,94.0854,-11.1908,-103.5946
21.364,94.0854,-11.1908,-103.5946
21.492,94.0854,-11.1908,-103.5946
21.611,94.0854,-11.1908,-103.5946
21.732,94.0854,-11.1908,-103.5946
21.853,94.0857,-11.1937,-103.5886
21.980,94.0857,-11.1937,-103.5886
22.099,94.0859,-11.1893,-103.5894
22.226,94.0581,-11.1405,-103.5838
22.344,94.0426,-11.1148,-103.5763
22.462,94.0030,-11.0457,-103.5669
22.584,94.0032,-11.0413,-103.5678
22.702,93.9374,-10.9535,-103.5531
22.837,93.9167,-10.9385,-103.5399
22.957,93.8809,-10.8820,-103.5276
23.079,93.8720,-10.8801,-103.5250
23.198,93.8152,-10.7985,-103.5125
23.325,93.7793,-10.7391,-103.5065
23.443,93.7618,-10.7266,-103.5030
23.561,93.7348,-10.6807,-103.4920
23.683,93.7263,-10.6773,-103.4842
23.801,93.6988,-10.6256,-103.4854
23.937,93.6815,-10.6088,-103.4827
24.055,93.6642,-10.6036,-103.4724
24.177,93.6695,-10.6044,-103.4706
24.296,93.6577,-10.5841,-103.4669
24.423,93.6577,-10.5841,-103.4669
24.541,93.6544,-10.5672,-103.4710
24.660,93.6544,-10.5672,-103.4710
24.781,93.6544,-10.5672,-103.4710
24.900,93.6544,-10.5672,-103.4710
25.027,93.6403,-10.5716,-103.4634
25.145,93.6490,-10.5779,-103.4652
25.272,93.6490,-10.5779,-103.4652
25.391,93.6433,-10.5785,-103.4722
25.509,93.6430,-10.5757,-103.4783
25.631,93.6433,-10.5785,-103.4722
25.749,93.6520,-10.5847,-103.4739
25.876,93.6520,-10.5847,-103.4739
25.995,93.6606,-10.5838,-103.4825
26.122,93.6606,-10.5838,-103.4825
26.240,93.6606,-10.5838,-103.4825
26.359,93.6608,-10.5795,-103.4834
26.480,93.6605,-10.5766,-103.4894
26.599,93.6661,-10.5688,-103.4892
26.729,93.6577,-10.5654,-103.4814
26.847,93.6574,-10.5625,-103.4875
26.977,93.6490,-10.5592,-103.4797
27.095,93.6487,-10.5563,-103.4857
27.222,93.6486,-10.5606,-103.4849
27.341,93.6401,-10.5573,-103.4772
27.459,93.6401,-10.5573,-103.4772
27.580,93.6458,-10.5494,-103.4770
27.699,93.6542,-10.5528,-103.4847
27.834,93.6542,-10.5528,-103.4847
27.952,93.6544,-10.5485,-103.4856
28.074,93.6599,-10.5450,-103.4845
28.193,93.6599,-10.5450,-103.4845
28.320,93.6599,-10.5450,-103.4845
28.438,93.6599,-10.5450,-103.4845
28.557,93.6599,-10.5450,-103.4845
28.679,93.6599,-10.5450,-103.4845
28.797,93.6599,-10.5450,-103.4845
28.924,93.6599,-10.5450,-103.4845
29.043,93.6512,-10.5387,-103.4828
29.170,93.6455,-10.5466,-103.4830
29.288,93.6457,-10.5422,-103.4838
29.406,93.6457,-10.5422,-103.4838
29.528,93.6512,-10.5387,-103.4828
29.647,93.6631,-10.5547,-103.4873
29.774,93.6784,-10.5876,-103.4876
29.892,93.6901,-10.6079,-103.4913
30.019,93.7195,-10.6363,-103.4993
30.137,93.7229,-10.6532,-103.4952
30.256,93.7346,-10.6663,-103.5057
30.378,93.7520,-10.6787,-103.5092
30.488,93.7845,-10.7212,-103.5192
30.598,93.7761,-10.7178,-103.5114
30.726,93.7999,-10.7541,-103.5197
30.844,93.8261,-10.7728,-103.5250
30.972,93.8469,-10.7949,-103.5313
31.091,93.8439,-10.7881,-103.5225
31.218,93.8502,-10.8119,-103.5273
31.337,93.8643,-10.8074,-103.5349
31.455,93.8941,-10.8386,-103.5371
31.577,93.9301,-10.8908,-103.5501
31.695,93.9443,-10.8936,-103.5508
31.822,93.9806,-10.9486,-103.5579
31.941,93.9948,-10.9514,-103.5587
32.069,94.0069,-10.9673,-103.5634
32.187,94.0072,-10.9701,-103.5574
32.305,94.0368,-10.9986,-103.5657
32.430,94.0578,-11.0279,-103.5654
32.549,94.0997,-11.0795,-103.5717
32.670,94.1031,-11.0892,-103.5746
32.789,94.1064,-11.0989,-103.5774
32.916,94.1359,-11.1317,-103.5851
33.034,94.1359,-11.1317,-103.5851
33.155,94.1361,-11.1273,-103.5859
33.277,94.1566,-11.1510,-103.5976
33.395,94.1601,-11.1564,-103.6013
33.522,94.1720,-11.1695,-103.6121
33.641,94.1899,-11.1848,-103.6098
33.768,94.1987,-11.1910,-103.6117
33.886,94.2017,-11.1979,-103.6206
34.005,94.2017,-11.1979,-103.6206
34.126,94.1963,-11.2013,-103.6216
34.244,94.2208,-11.2404,-103.6244
34.371,94.2349,-11.2360,-103.6320
34.490,94.2437,-11.2422,-103.6339
34.617,94.2733,-11.2750,-103.6417
34.735,94.2682,-11.2813,-103.6367
34.854,94.2739,-11.2734,-103.6365
34.975,94.2735,-11.2706,-103.6425
35.094,94.2737,-11.2662,-103.6433
35.229,94.2826,-11.2724,-103.6452
35.348,94.2768,-11.2731,-103.6522
35.470,94.2910,-11.2758,-103.6530
35.589,94.2766,-11.2774,-103.6514
35.716,94.2768,-11.2731,-103.6522
35.835,94.2853,-11.2764,-103.6600
35.953,94.2853,-11.2764,-103.6600
36.075,94.2799,-11.2799,-103.6611
36.193,94.2802,-11.2828,-103.6551
36.328,94.2802,-11.2828,-103.6551
36.448,94.2802,-11.2828,-103.6551
36.569,94.2802,-11.2828,-103.6551
36.689,94.2611,-11.2402,-103.6512
36.816,94.2403,-11.2137,-103.6454
36.934,94.2039,-11.1542,-103.6387
37.052,94.2005,-11.1445,-103.6358
37.174,94.1729,-11.0914,-103.6310
37.292,94.1522,-11.0648,-103.6252
37.427,94.1037,-10.9895,-103.6140
37.547,94.1006,-10.9754,-103.6120
37.669,94.0915,-10.9663,-103.6161
37.787,94.0706,-10.9442,-103.6096
37.915,94.0621,-10.9336,-103.6086
38.033,94.0378,-10.8945,-103.6061
38.151,94.0432,-10.8910,-103.6051
38.273,94.0432,-10.8910,-103.6051
38.391,94.0293,-10.8911,-103.5983
38.526,94.0346,-10.8920,-103.5964
38.646,94.0348,-10.8876,-103.5973
38.768,94.0490,-10.8904,-103.5981
38.887,94.0547,-10.8897,-103.5910
39.014,94.0493,-10.8932,-103.5921
39.132,94.0405,-10.8870,-103.5902
39.251,94.0402,-10.8841,-103.5962
39.372,94.0316,-10.8851,-103.5876
39.491,94.0316,-10.8851,-103.5876
39.612,94.0314,-10.8779,-103.5944
39.721,94.0170,-10.8796,-103.5928
39.846,94.0172,-10.8752,-103.5936
39.969,94.0169,-10.8723,-103.5996
40.095,94.0059,-10.8837,-103.6009
40.218,94.0145,-10.8827,-103.6095
40.339,94.0476,-10.9280,-103.6138
40.466,94.0649,-10.9448,-103.6166
40.585,94.0923,-10.9908,-103.6280
40.712,94.1109,-11.0305,-103.6376
40.830,94.1165,-11.0227,-103.6374
40.949,94.1344,-11.0380,-103.6351
41.070,94.1497,-11.0680,-103.6419
41.189,94.1673,-11.0804,-103.6456
41.316,94.1706,-11.0901,-103.6485
41.434,94.1885,-11.1054,-103.6462
41.561,94.2058,-11.1150,-103.6559
41.680,94.2059,-11.1222,-103.6491
41.798,94.2203,-11.1206,-103.6508
41.920,94.2202,-11.1134,-103.6576
42.038,94.2114,-11.1072,-103.6557
42.165,94.2029,-11.1038,-103.6479
42.284,94.2026,-11.1009,-103.6539
42.411,94.2026,-11.1009,-103.6539
42.529,94.2026,-11.1009,-103.6539
42.647,94.1969,-11.1016,-103.6609
42.769,94.1972,-11.1044,-103.6549
42.887,94.1972,-11.1044,-103.6549
43.014,94.2057,-11.1078,-103.6627
43.133,94.2057,-11.1078,-103.6627
43.260,94.1540,-11.1021,-103.6951
43.378,94.0373,-9.9636,-103.5866
43.497,93.8742,-9.2346,-103.3902
43.618,93.7569,-9.2463,-103.2983
43.737,93.6556,-9.2158,-103.3353
43.864,93.6271,-9.2148,-103.3334
43.982,93.5786,-9.2303,-103.3233
44.109,93.5096,-9.2494,-103.3243
44.227,93.4638,-9.2575,-103.3367
44.346,93.4096,-9.3556,-103.3662
44.468,93.3785,-9.4438,-103.3742
44.586,93.3416,-9.4623,-103.3490
44.713,93.3357,-9.4457,-103.3379
44.832,93.3272,-9.4466,-103.3294
44.959,93.3272,-9.4395,-103.3363
45.077,93.3215,-9.4544,-103.3295
45.195,93.3215,-9.4371,-103.3113
45.317,93.3671,-9.3860,-103.3021
45.436,93.3837,-9.3138,-103.3172
45.563,93.4122,-9.2848,-103.3416
45.681,93.4266,-9.3076,-103.3543
45.808,93.4381,-9.2920,-103.3540
45.927,93.4465,-9.2666,-103.3511
46.045,93.4608,-9.2650,-103.3525
46.167,93.4577,-9.2553,-103.3499
46.285,93.4665,-9.2931,-103.3559
46.412,93.4497,-9.3080,-103.3580
46.531,93.4754,-9.3266,-103.3627
46.658,93.5097,-9.3084,-103.3722
46.776,93.5153,-9.3049,-103.3712
46.894,93.5183,-9.3146,-103.3737
47.016,93.5386,-9.3368,-103.3794
47.135,93.5445,-9.3606,-103.3837
47.262,93.5529,-9.3711,-103.3844
47.380,93.5505,-9.3915,-103.3811
47.507,93.5735,-9.4320,-103.3877
47.626,93.5766,-9.4489,-103.3833
47.744,93.5824,-9.4411,-103.3832
47.866,93.5820,-9.4310,-103.3962
47.976,93.5936,-9.4111,-103.3967
48.086,93.5991,-9.4004,-103.4026
48.214,93.6048,-9.3926,-103.4024
48.332,93.6049,-9.3997,-103.3955
48.462,93.5962,-9.3864,-103.4008
48.581,93.5962,-9.3864,-103.4008
48.707,93.5904,-9.3870,-103.4079
48.826,93.6047,-9.3854,-103.4093
48.944,93.5993,-9.3961,-103.4034
49.066,93.5995,-9.3990,-103.3973
49.184,93.6079,-9.4023,-103.4050
49.311,93.6079,-9.4023,-103.4050
49.430,93.6079,-9.4023,-103.4050
49.557,93.6077,-9.4066,-103.4042
49.675,93.6165,-9.4085,-103.4065
49.794,93.6165,-9.4085,-103.4065
49.915,93.6165,-9.4085,-103.4065
50.033,93.6223,-9.4079,-103.3995
50.169,93.6308,-9.4069,-103.4079
50.288,93.6308,-9.4069,-103.4079
50.410,93.6308,-9.4069,-103.4079
50.529,93.6365,-9.3991,-103.4078
50.656,93.6222,-9.4007,-103.4064
50.774,93.5989,-9.4047,-103.4018
50.893,93.5848,-9.4020,-103.4012
51.014,93.5705,-9.4108,-103.3929
51.132,93.5419,-9.4140,-103.3901
51.268,93.4993,-9.4289,-103.3729
51.386,93.4873,-9.4388,-103.3854
51.508,93.4730,-9.4404,-103.3840
51.627,93.4387,-9.4586,-103.3745
51.754,93.4191,-9.4781,-103.3602
51.872,93.4277,-9.4843,-103.3618
51.991,93.4162,-9.4999,-103.3622
52.112,93.3962,-9.5093,-103.3609
52.231,93.3765,-9.5216,-103.3536
52.358,93.3649,-9.5416,-103.3531
52.477,93.3564,-9.5425,-103.3446
52.603,93.3507,-9.5503,-103.3448
52.722,93.3593,-9.5637,-103.3394
52.840,93.3538,-9.5672,-103.3404
52.962,93.3536,-9.5715,-103.3396
53.080,93.3393,-9.5731,-103.3382
53.207,93.2967,-9.5808,-103.3279
53.326,93.2911,-9.5958,-103.3212
53.453,93.2938,-9.5854,-103.3115
53.571,93.2792,-9.5841,-103.3163
53.690,93.2678,-9.5998,-103.3166
53.811,93.2452,-9.5980,-103.3075
53.930,93.2393,-9.6101,-103.3069
54.057,93.2424,-9.6199,-103.3094
54.175,93.2281,-9.6215,-103.3081
54.302,93.2367,-9.6277,-103.3096
54.420,93.2224,-9.6293,-103.3082
54.539,93.2169,-9.6328,-103.3092
54.661,93.2167,-9.6371,-103.3084
54.779,93.2167,-9.6371,-103.3084
54.906,93.2167,-9.6371,-103.3084
55.025,93.2253,-9.6433,-103.3100
55.152,93.2253,-9.6433,-103.3100
55.270,93.2253,-9.6433,-103.3100
55.389,93.2198,-9.6469,-103.3109
55.510,93.2198,-9.6469,-103.3109
55.629,93.2141,-9.6547,-103.3111
55.756,93.2143,-9.6792,-103.3225
55.874,93.2001,-9.7167,-103.3248
56.002,93.1778,-9.7537,-103.3132
56.120,93.1665,-9.7694,-103.3136
56.230,93.1663,-9.7737,-103.3127
56.340,93.1665,-9.7694,-103.3136
56.468,93.1408,-9.7866,-103.3125
56.587,93.1439,-9.7964,-103.3151
56.711,93.1466,-9.8076,-103.3229
56.829,93.1382,-9.8042,-103.3152
56.956,93.1381,-9.8085,-103.3144
57.075,93.1325,-9.8120,-103.3154
57.201,93.1238,-9.8101,-103.3130
57.320,93.1239,-9.8058,-103.3138
57.438,93.1239,-9.8058,-103.3138
57.560,93.1295,-9.8023,-103.3128
57.678,93.1295,-9.8023,-103.3128
57.813,93.1237,-9.8030,-103.3199
57.932,93.1153,-9.7996,-103.3123
58.054,93.1153,-9.7996,-103.3123
58.173,93.1152,-9.8039,-103.3114
58.299,93.1149,-9.8010,-103.3176
58.418,93.1151,-9.7967,-103.3184
58.536,93.1209,-9.7961,-103.3113
58.658,93.1206,-9.7932,-103.3174
58.776,93.1067,-9.7934,-103.3107
58.903,93.1066,-9.7977,-103.3099
59.022,93.1066,-9.7977,-103.3099
59.149,93.1063,-9.7948,-103.3160
59.267,93.1063,-9.7948,-103.3160
59.386,93.1063,-9.7948,-103.3160
59.507,93.0980,-9.7915,-103.3083
59.626,93.0980,-9.7915,-103.3083
59.753,93.0980,-9.7915,-103.3083
59.872,93.0980,-9.7915,-103.3083
59.998,93.0980,-9.7915,-103.3083
60.117,93.0980,-9.7915,-103.3083
60.235,93.0923,-9.7993,-103.3085
60.357,93.1009,-9.8055,-103.3101
60.475,93.0952,-9.8133,-103.3102
60.602,93.0952,-9.8133,-103.3102
60.721,93.0952,-9.8133,-103.3102
60.848,93.0898,-9.8240,-103.3043
60.966,93.0979,-9.8245,-103.3181
61.085,93.0981,-9.8274,-103.3120
61.206,93.1067,-9.8336,-103.3135
61.325,93.1013,-9.8443,-103.3076
61.452,93.1014,-9.8514,-103.3007
61.570,93.0988,-9.8690,-103.3034
61.697,93.1074,-9.8824,-103.2980
61.815,93.1105,-9.8921,-103.3006
61.934,93.1104,-9.8964,-103.2998
62.055,93.1448,-9.9213,-103.3061
62.174,93.1739,-9.9455,-103.3143
62.301,93.2115,-9.9801,-103.3232
62.420,93.2373,-9.9988,-103.3280
62.547,93.2579,-10.0238,-103.3277
62.665,93.2869,-10.0451,-103.3421
62.783,93.3041,-10.0575,-103.3453
62.905,93.3445,-10.0703,-103.3525
63.024,93.3964,-10.0962,-103.3700
63.151,93.4459,-10.1396,-103.3904
63.269,93.4548,-10.1487,-103.3859
63.396,93.5186,-10.2020,-103.4002
63.514,93.5305,-10.2251,-103.3976
63.633,93.5510,-10.2473,-103.4037
63.870,93.5720,-10.3011,-103.4144
63.997,93.6219,-10.3589,-103.4214
64.115,93.6193,-10.3808,-103.4235
64.233,93.6429,-10.4171,-103.4315
64.355,93.6317,-10.4284,-103.4327
64.473,93.6467,-10.4585,-103.4390
64.609,93.6323,-10.4601,-103.4375
64.728,93.5772,-10.4533,-103.4277
64.850,93.3905,-10.4570,-103.3896
64.969,93.0662,-10.4746,-103.3414
65.096,92.7803,-10.5008,-103.2862
65.214,92.7265,-10.5170,-103.2830
65.333,92.7349,-10.5204,-103.2908
65.454,92.7434,-10.5195,-103.2993
65.573,92.7491,-10.5188,-103.2922
65.708,92.7438,-10.5181,-103.2940
65.827,92.7493,-10.5145,-103.2930
65.949,92.7408,-10.5040,-103.2922
66.068,92.7319,-10.4949,-103.2967
66.195,92.7432,-10.4793,-103.2964
66.314,92.7602,-10.4818,-103.3126
66.432,92.7778,-10.4927,-103.3105
66.553,92.8321,-10.5011,-103.3252
66.672,92.8668,-10.5217,-103.3325
66.807,92.9215,-10.5400,-103.3342
66.927,92.9389,-10.5482,-103.3383
67.049,92.9878,-10.5715,-103.3463
67.168,93.0136,-10.5830,-103.3582
67.295,93.0486,-10.6064,-103.3595
67.413,93.0691,-10.6287,-103.3655
67.531,93.1128,-10.6583,-103.3686
67.653,93.1473,-10.6804,-103.3814
67.771,93.1626,-10.7090,-103.3824
67.906,93.2058,-10.7373,-103.3969
68.026,93.2092,-10.7499,-103.3935
68.148,93.2208,-10.7745,-103.3963
68.267,93.2505,-10.8015,-103.3988
68.394,93.2561,-10.7936,-103.3987
68.512,93.2616,-10.7901,-103.3977
68.630,93.2733,-10.8104,-103.4013
68.755,93.2788,-10.8069,-103.4003
68.874,93.2879,-10.8116,-103.3967
68.996,93.2998,-10.8276,-103.4012
69.115,93.2942,-10.8355,-103.4014
69.242,93.2942,-10.8355,-103.4014
69.360,93.2940,-10.8326,-103.4074
69.479,93.2855,-10.8292,-103.3996
69.601,93.2854,-10.8336,-103.3988
69.711,93.2799,-10.8371,-103.3998
69.821,93.2796,-10.8343,-103.4059
69.949,93.2710,-10.8352,-103.3973
70.067,93.2623,-10.8290,-103.3956
70.197,93.2569,-10.8325,-103.3966
70.316,93.2594,-10.8407,-103.3723
70.443,93.2625,-10.8619,-103.3673
70.561,93.2683,-10.8684,-103.3534
70.679,93.2683,-10.8684,-103.3534
70.801,93.2682,-10.8727,-103.3526
70.919,93.2515,-10.8991,-103.3471
71.054,93.2234,-10.9080,-103.3319
71.174,93.2090,-10.9211,-103.3227
71.296,93.2175,-10.9245,-103.3305
71.415,93.1951,-10.9516,-103.3320
71.542,93.1753,-10.9682,-103.3238
71.660,93.1610,-10.9698,-103.3223
71.778,93.1411,-10.9792,-103.3209
71.900,93.1157,-10.9922,-103.3206
72.018,93.1103,-11.0029,-103.3147
72.153,93.0990,-11.0114,-103.3220
72.273,93.0902,-11.0167,-103.3126
72.395,93.0902,-11.0167,-103.3126
72.514,93.0878,-11.0458,-103.3078
72.641,93.0823,-11.0493,-103.3088
72.759,93.0910,-11.0555,-103.3105
72.877,93.0910,-11.0555,-103.3105
72.999,93.0910,-11.0555,-103.3105
73.117,93.0913,-11.0583,-103.3045
73.253,93.0910,-11.0555,-103.3105
73.372,93.0909,-11.0599,-103.3097
73.494,93.0854,-11.0634,-103.3107
73.613,93.0854,-11.0634,-103.3107
73.740,93.0887,-11.0803,-103.3066
73.859,93.0744,-11.0819,-103.3050
73.977,93.0744,-11.0819,-103.3050
74.099,93.0798,-11.0712,-103.3109
74.217,93.0910,-11.0484,-103.3174
74.344,93.0959,-10.9973,-103.3201
74.463,93.1013,-10.9867,-103.3259
74.590,93.1009,-10.9695,-103.3457
74.708,93.0921,-10.9561,-103.3509
74.826,93.0928,-10.9692,-103.3703
74.948,93.1014,-10.9683,-103.3789
75.066,93.0959,-10.9833,-103.3722
75.201,93.1022,-11.0071,-103.3768
75.321,93.1108,-11.0062,-103.3854
75.443,93.1052,-11.0141,-103.3856
75.562,93.0996,-11.0219,-103.3857
75.689,93.0943,-11.0326,-103.3799
75.807,93.0884,-11.0376,-103.3861
75.925,93.0887,-11.0404,-103.3801
76.047,93.0831,-11.0483,-103.3803
76.165,93.0744,-11.0420,-103.3785
76.300,93.0798,-11.0385,-103.3775
76.419,93.0885,-11.0448,-103.3793
76.541,93.0887,-11.0476,-103.3732
76.660,93.0975,-11.0423,-103.3826
76.787,93.1060,-11.0457,-103.3904
76.905,93.1060,-11.0457,-103.3904
77.023,93.1060,-11.0457,-103.3904
77.145,93.1060,-11.0457,-103.3904
77.264,93.1060,-11.0457,-103.3904
77.391,93.1060,-11.0457,-103.3904
77.509,93.1060,-11.0457,-103.3904
77.636,93.1062,-11.0486,-103.3843
77.754,93.1008,-11.0521,-103.3853
77.873,93.1008,-11.0521,-103.3853
77.995,93.1356,-11.0770,-103.3922
78.113,93.1790,-11.1011,-103.4078
78.240,93.2143,-11.1317,-103.4026
78.359,93.2491,-11.1494,-103.4165
78.486,93.2756,-11.1595,-103.4234
78.604,93.3161,-11.1766,-103.4302
78.722,93.3251,-11.1856,-103.4260
78.844,93.3686,-11.2096,-103.4416
78.963,93.3983,-11.2337,-103.4506
79.089,93.4191,-11.2559,-103.4569
79.208,93.4542,-11.2765,-103.4649
79.335,93.4981,-11.3034,-103.4747
79.453,93.4896,-11.3000,-103.4669
79.572,93.4896,-11.3000,-103.4669
79.693,93.4981,-11.3034,-103.4747
79.812,93.5100,-11.3237,-103.4785
79.939,93.5396,-11.3522,-103.4868
80.058,93.5663,-11.3693,-103.4870
80.184,93.5838,-11.3746,-103.4975
80.303,93.5871,-11.3844,-103.5003
80.421,93.6012,-11.3799,-103.5080
80.543,93.6015,-11.3827,-103.5019
80.661,93.5959,-11.3906,-103.5022
80.788,93.5993,-11.4075,-103.4982
80.907,93.6078,-11.4109,-103.5060
81.034,93.6081,-11.4137,-103.5000
81.152,93.6081,-11.4137,-103.5000
81.270,93.6166,-11.4172,-103.5078
81.392,93.6166,-11.4172,-103.5078
81.511,93.6169,-11.4200,-103.5018
81.638,93.6309,-11.4155,-103.5095
81.756,93.6397,-11.4218,-103.5113
81.883,93.6431,-11.4315,-103.5141
82.001,93.6488,-11.4308,-103.5071
82.120,93.6519,-11.4449,-103.5092
82.242,93.6522,-11.4478,-103.5032
82.360,93.6720,-11.4426,-103.5038
82.487,93.6755,-11.4596,-103.4998
82.606,93.6700,-11.4746,-103.4932
82.733,93.6757,-11.4740,-103.4862
82.851,93.6702,-11.4774,-103.4872
82.969,93.6844,-11.4802,-103.4881
83.091,93.6845,-11.4874,-103.4813
83.210,93.6758,-11.4811,-103.4794
83.337,93.6758,-11.4811,-103.4794
83.455,93.6758,-11.4811,-103.4794
83.582,93.6758,-11.4811,-103.4794
83.700,93.6758,-11.4811,-103.4794
83.819,93.6758,-11.4811,-103.4794
83.940,93.6758,-11.4811,-103.4794
84.059,93.6758,-11.4811,-103.4794
84.186,93.6758,-11.4811,-103.4794
84.305,93.6789,-11.4953,-103.4815
84.431,93.6789,-11.4953,-103.4815
84.550,93.6789,-11.4953,-103.4815
84.668,93.6738,-11.5016,-103.4765
84.790,93.6823,-11.5050,-103.4843
84.908,93.6823,-11.5050,-103.4843
85.035,93.6824,-11.5122,-103.4775
85.154,93.6824,-11.5122,-103.4775
85.281,93.6824,-11.5122,-103.4775
85.399,93.6770,-11.5157,-103.4785
85.518,93.6887,-11.5332,-103.4884
85.639,93.6866,-11.5580,-103.4847
85.758,93.6875,-11.5897,-103.4899
85.885,93.6997,-11.6057,-103.4946
86.003,93.7117,-11.6260,-103.4985
86.130,93.7129,-11.6533,-103.5045
86.249,93.7129,-11.6533,-103.5045
86.367,93.7217,-11.6596,-103.5064
86.489,93.7339,-11.6755,-103.5112
86.607,93.7546,-11.6949,-103.5238
86.734,93.7634,-11.7012,-103.5257
86.853,93.7636,-11.6968,-103.5265
86.980,93.7668,-11.7109,-103.5286
87.098,93.7668,-11.7109,-103.5286
87.217,93.7617,-11.7172,-103.5237
87.338,93.7700,-11.7250,-103.5307
87.457,93.7700,-11.7250,-103.5307
87.584,93.7788,-11.7313,-103.5326
87.702,93.7791,-11.7341,-103.5266
87.829,93.7881,-11.7359,-103.5293
87.947,93.7881,-11.7359,-103.5293
88.066,93.7969,-11.7422,-103.5312
88.187,93.7969,-11.7422,-103.5312
88.306,93.7913,-11.7501,-103.5314
88.433,93.7913,-11.7501,-103.5314
88.552,93.7913,-11.7501,-103.5314
88.678,93.7660,-11.7702,-103.5242
88.797,93.7084,-11.7883,-103.5099
88.915,93.6683,-11.8117,-103.5061
89.037,93.6055,-11.8289,-103.4936
89.155,93.5314,-11.8662,-103.4808
89.282,93.4717,-11.8903,-103.4772
89.401,93.4231,-11.9030,-103.4724
89.528,93.3082,-11.9275,-103.4515
89.646,93.2421,-11.9278,-103.4431
89.765,93.2045,-11.9291,-103.4371
89.886,93.1240,-11.9425,-103.4194
90.005,93.0546,-11.9330,-103.4082
90.132,92.9477,-11.9133,-103.3989
90.250,92.8905,-11.9126,-103.3993
90.378,92.8276,-11.9314,-103.3922
90.496,92.7594,-11.9536,-103.3862
90.615,92.6794,-11.9697,-103.3627
90.736,92.5995,-11.9744,-103.3469
90.846,92.5566,-11.9836,-103.3414
90.956,92.5422,-11.9824,-103.3458
91.084,92.4393,-11.9867,-103.3260
91.203,92.3592,-11.9929,-103.3156
91.332,92.3112,-12.0084,-103.3050
91.451,92.2826,-12.0160,-103.3011
91.578,92.2629,-12.0255,-103.2997
91.696,92.2520,-12.0369,-103.3009
91.814,92.2379,-12.0413,-103.2933
91.936,92.2409,-12.0526,-103.3013
92.054,92.2354,-12.0605,-103.3014
92.189,92.2389,-12.0731,-103.2981
92.308,92.2333,-12.0853,-103.2975
92.430,92.2334,-12.0809,-103.2983
92.549,92.2419,-12.0844,-103.3061
92.675,92.2367,-12.0907,-103.3011
92.794,92.2451,-12.0986,-103.3081
92.912,92.2454,-12.0970,-103.3028
93.034,92.2454,-12.0970,-103.3028
93.153,92.2945,-12.1204,-103.3114
93.280,92.3295,-12.1411,-103.3193
93.398,92.3964,-12.1683,-103.3331
93.525,92.4489,-12.1943,-103.3515
93.643,92.5300,-12.2243,-103.3663
93.762,92.5740,-12.2540,-103.3701
93.883,92.6465,-12.2776,-103.3832
94.002,92.7167,-12.3162,-103.4055
94.129,92.7929,-12.3524,-103.4157
94.248,92.8567,-12.3626,-103.4341
94.374,92.9316,-12.3643,-103.4452
94.493,92.9958,-12.3844,-103.4509
94.611,93.0507,-12.3972,-103.4659
94.733,93.0828,-12.4037,-103.4722
94.851,93.1360,-12.4396,-103.4784
94.978,93.1891,-12.4727,-103.4906
95.097,93.2157,-12.4987,-103.4896
95.224,93.2406,-12.5407,-103.4866
95.342,93.2760,-12.5729,-103.4875
95.461,93.2974,-12.6095,-103.4808
95.582,93.3098,-12.6327,-103.4789
95.701,93.3401,-12.6640,-103.4818
95.828,93.3794,-12.7088,-103.4799
95.947,93.4057,-12.7248,-103.4918
96.073,93.4183,-12.7436,-103.4908
96.192,93.4483,-12.7649,-103.5065
96.310,93.4693,-12.7844,-103.5195
96.432,93.4731,-12.7969,-103.5165
96.550,93.4940,-12.8280,-103.5219
96.677,93.4943,-12.8308,-103.5160
96.796,93.5031,-12.8299,-103.5247
96.923,93.5190,-12.8672,-103.5252
97.041,93.5261,-12.8867,-103.5313
97.159,93.5314,-12.8832,-103.5303
97.281,93.5350,-12.8930,-103.5333
97.400,93.5474,-12.9090,-103.5384
97.527,93.5472,-12.9134,-103.5376
97.645,93.5474,-12.9090,-103.5384
97.772,93.5560,-12.9125,-103.5463
97.890,93.5508,-12.9231,-103.5406
98.009,93.5508,-12.9231,-103.5406
98.130,93.5543,-12.9329,-103.5437
98.249,93.5488,-12.9408,-103.5439
98.376,93.5577,-12.9470,-103.5459
98.495,93.5577,-12.9470,-103.5459
98.621,93.5630,-12.9436,-103.5449
98.740,93.5666,-12.9533,-103.5479
98.858,93.5183,-12.9761,-103.5301
98.980,93.4553,-12.9977,-103.5164
99.098,93.3849,-13.0448,-103.5062
99.225,93.3198,-13.0813,-103.5017
99.344,93.2656,-13.0948,-103.5035
99.471,93.1917,-13.1250,-103.4971
99.589,93.1399,-13.1309,-103.4830
99.708,93.0629,-13.1497,-103.4684
99.829,93.0231,-13.1731,-103.4645
99.948,92.8974,-13.2020,-103.4508
100.075,92.7800,-13.7901,-103.3279
100.193,92.7435,-13.2484,-103.4201
100.320,92.6400,-13.2528,-103.3990
100.439,92.5738,-13.2574,-103.3893
100.557,92.5276,-13.2553,-103.3751
100.679,92.4759,-13.2539,-103.3680
100.797,92.3901,-13.2609,-103.3637
100.924,92.2868,-13.2696,-103.3420
101.043,92.2157,-13.2805,-103.3275
101.170,92.1443,-13.2930,-103.3182
101.288,92.0697,-13.2984,-103.3001
101.407,92.0129,-13.3077,-103.2873
101.528,91.9756,-13.3090,-103.2813
101.647,91.9133,-13.3305,-103.2679
101.774,91.8301,-13.3368,-103.2412
101.892,91.7963,-13.3435,-103.2388
102.019,91.7450,-13.3492,-103.2251
102.137,91.7308,-13.3508,-103.2235
102.256,91.7111,-13.3647,-103.2212
102.377,91.7024,-13.3612,-103.2133
102.496,91.7111,-13.3718,-103.2144
102.623,91.7025,-13.3683,-103.2065
102.742,91.7024,-13.3612,-103.2133
102.868,91.7024,-13.3612,-103.2133
102.987,91.7113,-13.3702,-103.2091
103.105,91.7289,-13.3827,-103.2128
103.227,91.7431,-13.3811,-103.2145
103.345,91.7783,-13.4019,-103.2227
103.472,91.8311,-13.4281,-103.2416
103.591,91.8608,-13.4496,-103.2570
103.718,91.9225,-13.4821,-103.2778
103.836,91.9666,-13.5092,-103.2881
103.955,92.0572,-13.5438,-103.3004
104.076,92.1014,-13.5709,-103.3109
104.195,92.1669,-13.6158,-103.3289
104.322,92.2754,-13.6559,-103.3524
104.441,92.3250,-13.6723,-103.3688
104.567,92.4121,-13.6988,-103.3839
104.686,92.4675,-13.7056,-103.3950
104.804,92.4943,-13.7200,-103.4018
104.926,92.5351,-13.7301,-103.4164
105.044,92.5798,-13.7598,-103.4212
105.171,92.6495,-13.7738,-103.4326
105.290,92.6729,-13.7812,-103.4305
105.418,92.7051,-13.7877,-103.4371
105.536,92.7407,-13.8128,-103.4453
105.655,92.7356,-13.8190,-103.4403
105.779,92.7712,-13.8442,-103.4485
105.898,92.7695,-13.8690,-103.4450
106.020,92.7840,-13.8817,-103.4333
106.139,92.7769,-13.9217,-103.4234
106.266,92.7966,-13.9238,-103.4174
106.384,92.7966,-13.9166,-103.4242
106.503,92.7966,-13.9166,-103.4242
106.625,92.8055,-13.9229,-103.4262
106.743,92.8055,-13.9229,-103.4262
106.870,92.7948,-13.9415,-103.4207
106.989,92.7895,-13.9565,-103.4142
107.116,92.7697,-13.9661,-103.4126
107.234,92.7361,-13.9827,-103.3972
107.353,92.7252,-13.9986,-103.3977
107.474,92.7197,-14.0109,-103.3971
107.593,92.7146,-14.0171,-103.3922
107.720,92.6983,-14.0409,-103.3928
107.838,92.6499,-14.0653,-103.3800
107.965,92.6018,-14.0880,-103.3620
108.083,92.5676,-14.1036,-103.3578
108.202,92.5194,-14.1191,-103.3465
108.323,92.4802,-14.1410,-103.3374
108.442,92.4551,-14.1656,-103.3292
108.569,92.3871,-14.1951,-103.3156
108.688,92.3817,-14.2030,-103.3158
108.815,92.3336,-14.2185,-103.3046
108.933,92.3175,-14.2379,-103.3060
109.051,92.2888,-14.2455,-103.3016
109.173,92.2837,-14.2517,-103.2967
109.292,92.2496,-14.2673,-103.2924
109.421,92.2298,-14.2813,-103.2900
109.540,92.2300,-14.2769,-103.2908
109.669,92.2282,-14.2946,-103.2941
109.788,92.2192,-14.2999,-103.2845
109.915,92.2140,-14.3034,-103.2855
110.033,92.2086,-14.3113,-103.2857
110.151,92.2087,-14.3140,-103.2798
110.273,92.2033,-14.3219,-103.2800
110.391,92.1980,-14.3299,-103.2802
110.526,92.1926,-14.3378,-103.2804
110.646,92.1837,-14.3315,-103.2784
110.768,92.1836,-14.3359,-103.2776
110.887,92.1694,-14.3403,-103.2698
111.014,92.1694,-14.3403,-103.2698
111.132,92.1694,-14.3403,-103.2698
111.251,92.1782,-14.3439,-103.2778
111.372,92.1783,-14.3394,-103.2786
111.490,92.1783,-14.3394,-103.2786
111.626,92.1856,-14.3165,-103.2691
111.744,92.2195,-14.3098,-103.2717
111.866,92.2371,-14.3081,-103.2894
111.985,92.2838,-14.3157,-103.2919
112.112,92.3426,-14.3384,-103.3108
112.230,92.3658,-14.3431,-103.3147
112.349,92.4018,-14.3666,-103.3178
112.470,92.4250,-14.3713,-103.3217
112.589,92.4752,-14.3976,-103.3259
112.716,92.5110,-14.4184,-103.3350
112.835,92.5325,-14.4408,-103.3423
112.961,92.5613,-14.4872,-103.3551
113.080,92.6064,-14.5170,-103.3604
113.198,92.6243,-14.5368,-103.3579
113.320,92.6513,-14.5512,-103.3651
113.438,92.6623,-14.5922,-103.3670
113.565,92.7289,-14.6417,-103.3859
113.684,92.7289,-14.6417,-103.3859
113.811,92.7490,-14.6890,-103.3901
113.929,92.7654,-14.7265,-103.3911
114.048,92.7856,-14.7693,-103.3961
114.169,92.8070,-14.7935,-103.4088
114.288,92.8000,-14.8075,-103.4200
114.415,92.8398,-14.8308,-103.4394
114.533,92.8362,-14.8165,-103.4370
114.660,92.8467,-14.7980,-103.4424
114.779,92.8557,-14.8043,-103.4446
114.897,92.8774,-14.8195,-103.4589
115.019,92.8702,-14.8307,-103.4760
115.137,92.8612,-14.8453,-103.5100
115.264,92.8542,-14.8638,-103.5204
115.383,92.8579,-14.8736,-103.5236
115.510,92.8542,-14.8638,-103.5204
115.628,92.8542,-14.8638,-103.5204
115.746,92.8543,-14.8710,-103.5137
115.868,92.8289,-14.8858,-103.5181
115.987,92.7844,-14.9112,-103.5099
116.114,92.7268,-14.9222,-103.5013
116.232,92.6838,-14.9343,-103.4887
116.359,92.6072,-14.9631,-103.4608
116.477,92.5443,-14.9821,-103.4525
116.596,92.4818,-14.9993,-103.4391
116.717,92.4209,-15.0104,-103.4147
116.836,92.3243,-15.0433,-103.3969
116.963,92.2581,-15.0507,-103.3804
117.082,92.1865,-15.0705,-103.3633
117.208,92.0973,-15.0830,-103.3301
117.327,92.0724,-15.1005,-103.3287
117.445,92.0115,-15.1044,-103.3112
117.567,91.9918,-15.1184,-103.3087
117.685,91.9636,-15.1271,-103.2931
117.812,91.9439,-15.1411,-103.2906
117.931,91.9155,-15.1426,-103.2817
118.058,91.8816,-15.1583,-103.2773
118.176,91.8673,-15.1670,-103.2687
118.295,91.8336,-15.1809,-103.2592
118.416,91.8231,-15.1995,-103.2537
118.535,91.8214,-15.2217,-103.2562
118.662,91.8250,-15.2360,-103.2585
118.780,91.8197,-15.2440,-103.2588
118.907,91.8198,-15.2466,-103.2528
119.026,91.8198,-15.2466,-103.2528
119.144,91.8146,-15.2501,-103.2538
119.266,91.8146,-15.2501,-103.2538
119.384,91.8146,-15.2501,-103.2538
119.511,91.8198,-15.2466,-103.2528
119.630,91.8198,-15.2466,-103.2528
119.757,91.8466,-15.2585,-103.2659
119.875,91.8736,-15.2730,-103.2731
119.994,91.8915,-15.2856,-103.2773
120.115,91.9688,-15.3149,-103.2965
