time_sec,world_x,world_y,world_z,local_x,local_y,local_z,world_rot_x,world_rot_y,world_rot_z,local_rot_x,local_rot_y,local_rot_z
0.000,598.4180,4.8499,250.4659,0.2510,3.8000,-0.4500,0.0000,180.0000,0.0000,0.0000,0.0000,0.0000
0.000,598.4180,4.8499,250.4659,0.2510,3.8000,-0.4500,0.0000,180.0000,0.0000,0.0000,0.0000,0.0000
0.100,598.0535,4.5306,250.3550,0.2510,3.8000,-0.4500,0.0000,180.0000,0.0000,0.0000,0.0000,0.0000
0.209,597.6331,4.1497,249.9611,0.2510,3.8000,-0.4500,0.0000,180.0000,0.0000,0.0000,0.0000,0.0000
0.320,597.0623,3.6193,249.1529,0.2510,3.8000,-0.4500,0.0000,180.0000,0.0000,0.0000,0.0000,0.0000
0.431,596.5370,3.1227,248.2284,0.2510,3.8000,-0.4500,0.0000,180.0000,0.0000,0.0000,0.0000,0.0000
0.543,595.8536,2.4682,246.8504,0.2510,3.8000,-0.4500,0.0000,180.0000,0.0000,0.0000,0.0000,0.0000
0.653,595.2443,1.8789,245.5010,0.2510,3.8000,-0.4500,0.0000,180.0000,0.0000,0.0000,0.0000,0.0000
0.765,594.4711,1.1250,243.6568,0.2510,3.8000,-0.4500,0.0000,180.0000,0.0000,0.0000,0.0000,0.0000
0.876,593.6581,0.3253,241.5733,0.2510,3.8000,-0.4500,0.0000,180.0000,0.0000,0.0000,0.0000,0.0000
0.987,593.0142,-0.2855,239.9204,0.2510,3.8000,-0.4500,359.8232,180.0000,0.0000,0.0000,0.0000,0.0000
1.112,592.4707,-0.7055,238.6373,0.2510,3.8000,-0.4500,358.1399,180.0000,0.0000,0.0000,0.0000,0.0000
1.224,592.0709,-0.8418,237.8524,0.2510,3.8000,-0.4500,356.9375,180.0000,0.0000,0.0000,0.0000,0.0000
1.335,591.7960,-0.8088,237.4296,0.2510,3.8000,-0.4500,356.5051,180.0000,0.0000,0.0000,0.0000,0.0000
1.446,591.5031,-0.6912,237.0889,0.2510,3.8000,-0.4500,356.5051,180.0000,0.0000,0.0000,0.0000,0.0000
1.558,591.2319,-0.5744,236.8547,0.2510,3.8000,-0.4500,356.5051,180.0000,0.0000,0.0000,0.0000,0.0000
1.670,591.0146,-0.5135,236.7023,0.2510,3.8000,-0.4500,356.5051,180.0000,0.0000,0.0000,0.0000,0.0000
1.780,590.7603,-0.4972,236.5458,0.2510,3.8000,-0.4500,356.5051,180.0000,0.0000,0.0000,0.0000,0.0000
1.891,590.5538,-0.5243,236.3921,0.2510,3.8000,-0.4500,356.5051,180.0000,0.0000,0.0000,0.0000,0.0000
2.002,590.3201,-0.5807,236.0477,0.2510,3.8000,-0.4500,356.5051,180.0000,0.0000,0.0000,0.0000,0.0000
2.114,590.1352,-0.6323,235.6302,0.2510,3.8000,-0.4500,356.5051,180.0000,0.0000,0.0000,0.0000,0.0000
2.225,589.9210,-0.6883,235.0215,0.2510,3.8000,-0.4500,356.5051,180.0000,0.0000,0.0000,0.0000,0.0000
2.336,589.7115,-0.7319,234.3436,0.2510,3.8000,-0.4500,356.5051,180.0000,0.0000,0.0000,0.0000,0.0000
2.447,589.5385,-0.7588,233.7588,0.2510,3.8000,-0.4500,356.5051,180.0000,0.0000,0.0000,0.0000,0.0000
2.559,589.3312,-0.7823,233.0564,0.2510,3.8000,-0.4500,356.5051,180.0000,0.0000,0.0000,0.0000,0.0000
2.670,589.1585,-0.7974,232.4774,0.2510,3.8000,-0.4500,356.5051,180.0000,0.0000,0.0000,0.0000,0.0000
2.780,588.9509,-0.8135,231.7920,0.2510,3.8000,-0.4500,356.5051,180.0000,0.0000,0.0000,0.0000,0.0000
2.892,588.7776,-0.8271,231.2274,0.2510,3.8000,-0.4500,356.5051,180.0000,0.0000,0.0000,0.0000,0.0000
3.003,588.5695,-0.8451,230.5561,0.2510,3.8000,-0.4500,356.5051,180.0000,0.0000,0.0000,0.0000,0.0000
3.114,588.3959,-0.8625,230.0007,0.2510,3.8000,-0.4500,356.4233,180.0000,-0.0007,0.0000,0.0000,0.0000
3.225,588.1875,-0.8844,229.3365,0.2510,3.8000,-0.4500,356.4233,180.0000,-0.0007,0.0000,0.0000,0.0000
3.337,587.9803,-0.9065,228.6481,0.2510,3.8000,-0.4500,356.4233,180.0001,-0.0007,0.0000,0.0000,0.0000
3.447,587.8077,-0.9245,228.0714,0.2510,3.8000,-0.4500,356.4233,180.0001,-0.0007,0.0000,0.0000,0.0000
3.559,587.5975,-0.9512,227.4355,0.2510,3.8000,-0.4500,356.2564,180.0001,-0.0033,0.0000,0.0000,0.0000
3.670,587.4184,-0.9771,226.9685,0.2510,3.8000,-0.4500,356.2564,180.0001,-0.0033,0.0000,0.0000,0.0000
3.781,587.1989,-1.0141,226.4805,0.2510,3.8000,-0.4500,356.2564,180.0001,-0.0033,0.0000,0.0000,0.0000
3.892,587.0128,-1.0494,226.1221,0.2510,3.8000,-0.4500,356.2564,180.0000,-0.0033,0.0000,0.0000,0.0000
4.003,586.7866,-1.0975,225.7347,0.2510,3.8000,-0.4500,356.0904,180.0001,359.9921,0.0000,0.0000,0.0000
4.114,586.5965,-1.1393,225.4348,0.2510,3.8000,-0.4500,356.0904,180.0001,359.9921,0.0000,0.0000,0.0000
4.226,586.3670,-1.1935,225.0945,0.2510,3.8000,-0.4500,355.9265,180.0001,359.9857,0.0000,0.0000,0.0000
4.351,586.1367,-1.2484,224.7657,0.2510,3.8000,-0.4500,355.9265,180.0001,359.9857,0.0000,0.0000,0.0000
4.461,585.9058,-1.3064,224.4453,0.2510,3.8000,-0.4500,355.7656,180.0001,359.9776,0.0000,0.0000,0.0000
4.573,585.7135,-1.3546,224.1806,0.2510,3.8000,-0.4500,355.7656,180.0001,359.9776,0.0000,0.0000,0.0000
4.684,585.4821,-1.4135,223.8652,0.2510,3.8000,-0.4500,355.7656,180.0001,359.9776,0.0000,0.0000,0.0000
4.795,585.2892,-1.4649,223.6044,0.2510,3.8000,-0.4500,355.5992,180.0002,359.9677,0.0000,0.0000,0.0000
4.906,585.0578,-1.5257,223.2910,0.2510,3.8000,-0.4500,355.5992,180.0002,359.9677,0.0000,0.0000,0.0000
5.018,584.8263,-1.5881,222.9785,0.2510,3.8000,-0.4500,355.5173,180.0003,359.9628,0.0000,0.0000,0.0000
5.128,584.6335,-1.6409,222.7171,0.2510,3.8000,-0.4500,355.4349,180.0003,359.9581,0.0000,0.0000,0.0000
5.240,584.4023,-1.7044,222.4001,0.2510,3.8000,-0.4500,355.3541,180.0004,359.9538,0.0000,0.0000,0.0000
5.351,584.2098,-1.7570,222.1328,0.2510,3.8000,-0.4500,355.3541,180.0004,359.9538,0.0000,0.0000,0.0000
5.462,583.9803,-1.8209,221.7929,0.2510,3.8000,-0.4500,355.1871,180.0005,359.9483,0.0000,0.0000,0.0000
5.587,583.7560,-1.8776,221.3805,0.2510,3.8000,-0.4500,355.1871,180.0005,359.9483,0.0000,0.0000,0.0000
5.698,583.5363,-1.9270,220.8948,0.2510,3.8000,-0.4500,355.1871,180.0006,359.9483,0.0000,0.0000,0.0000
5.810,583.3566,-1.9638,220.4399,0.2510,3.8000,-0.4500,355.1091,180.0007,359.9489,0.0000,0.0000,0.0000
5.920,583.1458,-1.9988,219.8113,0.2510,3.8000,-0.4500,355.1091,180.0007,359.9489,0.0000,0.0000,0.0000
6.031,582.9725,-2.0224,219.2429,0.2510,3.8000,-0.4500,355.1091,180.0006,359.9489,0.0000,0.0000,0.0000
6.143,582.7657,-2.0475,218.5434,0.2510,3.8000,-0.4500,355.1091,180.0006,359.9489,0.0000,0.0000,0.0000
6.254,582.5937,-2.0677,217.9615,0.2510,3.8000,-0.4500,355.1091,180.0006,359.9489,0.0000,0.0000,0.0000
6.367,582.3868,-2.0919,217.2717,0.2510,3.8000,-0.4500,355.1091,180.0006,359.9489,0.0000,0.0000,0.0000
6.476,582.1797,-2.1167,216.5920,0.2510,3.8000,-0.4500,355.1091,180.0006,359.9489,0.0000,0.0000,0.0000
6.587,582.0068,-2.1376,216.0319,0.2510,3.8000,-0.4500,355.1091,180.0006,359.9489,0.0000,0.0000,0.0000
6.698,581.7991,-2.1628,215.3655,0.2510,3.8000,-0.4500,355.1090,180.0006,359.9489,0.0000,0.0000,0.0000
6.809,581.6259,-2.1835,214.8136,0.2510,3.8000,-0.4500,355.1090,180.0006,359.9489,0.0000,0.0000,0.0000
6.920,581.4181,-2.2079,214.1540,0.2510,3.8000,-0.4500,355.1090,180.0006,359.9489,0.0000,0.0000,0.0000
7.032,581.2449,-2.2276,213.6058,0.2510,3.8000,-0.4500,355.1090,180.0006,359.9489,0.0000,0.0000,0.0000
7.142,581.0370,-2.2503,212.9491,0.2510,3.8000,-0.4500,355.1090,180.0006,359.9489,0.0000,0.0000,0.0000
7.253,580.8643,-2.2683,212.4006,0.2510,3.8000,-0.4500,355.1090,180.0006,359.9489,0.0000,0.0000,0.0000
7.364,580.6580,-2.2875,211.7260,0.2510,3.8000,-0.4500,355.1090,180.0006,359.9489,0.0000,0.0000,0.0000
7.489,580.4528,-2.3033,211.0294,0.2510,3.8000,-0.4500,355.1090,180.0006,359.9489,0.0000,0.0000,0.0000
7.600,580.2488,-2.3160,210.3136,0.2510,3.8000,-0.4500,355.1090,180.0006,359.9489,0.0000,0.0000,0.0000
7.711,580.0785,-2.3255,209.7269,0.2510,3.8000,-0.4500,355.1090,180.0006,359.9489,0.0000,0.0000,0.0000
7.823,579.8693,-2.3418,209.1080,0.2510,3.8000,-0.4500,355.1090,180.0006,359.9489,0.0000,0.0000,0.0000
7.934,579.6892,-2.3621,208.6856,0.2510,3.8000,-0.4500,355.1090,180.0006,359.9489,0.0000,0.0000,0.0000
8.059,579.4283,-2.4002,208.2257,0.2510,3.8000,-0.4500,355.1090,180.0006,359.9489,0.0000,0.0000,0.0000
8.170,579.2370,-2.4321,207.9699,0.2510,3.8000,-0.4500,355.1090,180.0006,359.9489,0.0000,0.0000,0.0000
8.281,579.0045,-2.4702,207.7189,0.2510,3.8000,-0.4500,355.1070,180.0006,0.1133,0.0000,0.0000,0.0000
8.392,578.8082,-2.5031,207.5415,0.2510,3.8000,-0.4500,355.1206,180.0006,0.1906,0.0000,0.0000,0.0000
8.503,578.5714,-2.5396,207.3533,0.2510,3.8000,-0.4500,355.1779,180.0009,0.3465,0.0000,0.0000,0.0000
8.614,578.3731,-2.5672,207.2096,0.2510,3.8000,-0.4500,355.2590,180.0015,0.4929,0.0000,0.0000,0.0000
8.725,578.1348,-2.5955,207.0466,0.2510,3.8000,-0.4500,355.4075,180.0031,0.6913,0.0000,0.0000,0.0000
8.850,577.8958,-2.6207,206.8893,0.2510,3.8000,-0.4500,355.5193,180.0045,0.8108,0.0000,0.0000,0.0000
8.975,577.6573,-2.6392,206.7343,0.2510,3.8000,-0.4500,355.7113,180.0075,0.9750,0.0000,0.0000,0.0000
9.086,577.4189,-2.6536,206.5807,0.2510,3.8000,-0.4500,355.8448,180.0099,1.0764,0.0000,0.0000,0.0000
9.197,577.1816,-2.6583,206.4259,0.2510,3.8000,-0.4500,356.2091,180.0175,1.3017,0.0000,0.0000,0.0000
9.308,576.9835,-2.6610,206.2975,0.2510,3.8000,-0.4500,356.3600,180.0211,1.3795,0.0000,0.0000,0.0000
9.420,576.7465,-2.6583,206.1423,0.2510,3.8000,-0.4500,356.5875,180.0268,1.4895,0.0000,0.0000,0.0000
9.530,576.5497,-2.6499,206.0113,0.2510,3.8000,-0.4500,356.8947,180.0351,1.6216,0.0000,0.0000,0.0000
9.641,576.3135,-2.6369,205.8535,0.2510,3.8000,-0.4500,357.1382,180.0422,1.7122,0.0000,0.0000,0.0000
9.766,576.0779,-2.6173,205.6938,0.2510,3.8000,-0.4500,357.4550,180.0520,1.8209,0.0000,0.0000,0.0000
9.891,575.8425,-2.5934,205.5328,0.2510,3.8000,-0.4500,357.6970,180.0599,1.8939,0.0000,0.0000,0.0000
10.018,575.5687,-2.5575,205.3420,0.2510,3.8000,-0.4500,358.0926,180.0733,1.9992,0.0000,0.0000,0.0000
10.128,575.3735,-2.5303,205.2056,0.2510,3.8000,-0.4500,358.1715,180.0761,2.0183,0.0000,0.0000,0.0000
10.252,575.1401,-2.4894,205.0382,0.2510,3.8000,-0.4500,358.5979,180.0915,2.1044,0.0000,0.0000,0.0000
10.364,574.9067,-2.4452,204.8698,0.2510,3.8000,-0.4500,358.9332,180.1040,2.1571,0.0000,0.0000,0.0000
10.475,574.7122,-2.4072,204.7295,0.2510,3.8000,-0.4500,359.0196,180.1072,2.1671,0.0000,0.0000,0.0000
10.586,574.4794,-2.3543,204.5568,0.2510,3.8000,-0.4500,359.5301,180.1268,2.2153,0.0000,0.0000,0.0000
10.699,574.2463,-2.3019,204.3851,0.2510,3.8000,-0.4500,359.6128,180.1300,2.2177,0.0000,0.0000,0.0000
10.808,574.0521,-2.2545,204.2396,0.2510,3.8000,-0.4500,359.8667,180.1398,2.2216,0.0000,0.0000,0.0000
10.933,573.8188,-2.1950,204.0633,0.2510,3.8000,-0.4500,0.2009,180.1528,2.2099,0.0000,0.0000,0.0000
11.045,573.5861,-2.1347,203.8867,0.2510,3.8000,-0.4500,0.3662,180.1591,2.1940,0.0000,0.0000,0.0000
11.155,573.3917,-2.0821,203.7370,0.2510,3.8000,-0.4500,0.7006,180.1718,2.1502,0.0000,0.0000,0.0000
11.280,573.1188,-2.0084,203.5278,0.2510,3.8000,-0.4500,0.9474,180.1810,2.0959,0.0000,0.0000,0.0000
11.391,572.9236,-1.9552,203.3778,0.2510,3.8000,-0.4500,1.1064,180.1867,2.0568,0.0000,0.0000,0.0000
11.518,572.6494,-1.8806,203.1664,0.2510,3.8000,-0.4500,1.4311,180.1981,1.9412,0.0000,0.0000,0.0000
11.628,572.4534,-1.8278,203.0162,0.2510,3.8000,-0.4500,1.5080,180.2007,1.9114,0.0000,0.0000,0.0000
11.731,572.2560,-1.7757,202.8642,0.2510,3.8000,-0.4500,1.8075,180.2103,1.7619,0.0000,0.0000,0.0000
11.836,572.0197,-1.7141,202.6834,0.2510,3.8000,-0.4500,1.8774,180.2124,1.7192,0.0000,0.0000,0.0000
11.959,571.7819,-1.6546,202.5016,0.2510,3.8000,-0.4500,2.0875,180.2185,1.5803,0.0000,0.0000,0.0000
12.085,571.5428,-1.5976,202.3199,0.2510,3.8000,-0.4500,2.2843,180.2236,1.4218,0.0000,0.0000,0.0000
12.196,571.3025,-1.5441,202.1380,0.2510,3.8000,-0.4500,2.5242,180.2291,1.1919,0.0000,0.0000,0.0000
12.321,571.0619,-1.4927,201.9574,0.2510,3.8000,-0.4500,2.6303,180.2312,1.0679,0.0000,0.0000,0.0000
12.446,570.8194,-1.4457,201.7770,0.2510,3.8000,-0.4500,2.7833,180.2338,0.8615,0.0000,0.0000,0.0000
12.558,570.5752,-1.4038,201.5968,0.2510,3.8000,-0.4500,2.9623,180.2360,0.5738,0.0000,0.0000,0.0000
12.669,570.3724,-1.3690,201.4479,0.2510,3.8000,-0.4500,2.9623,180.2360,0.5738,0.0000,0.0000,0.0000
12.780,570.1254,-1.3367,201.2686,0.2510,3.8000,-0.4500,3.1461,180.2373,0.1842,0.0000,0.0000,0.0000
12.891,569.9200,-1.3112,201.1200,0.2510,3.8000,-0.4500,3.2036,180.2374,0.0281,0.0000,0.0000,0.0000
13.002,569.6719,-1.2859,200.9418,0.2510,3.8000,-0.4500,3.2796,180.2373,359.7877,0.0000,0.0000,0.0000
13.127,569.4234,-1.2646,200.7639,0.2510,3.8000,-0.4500,3.3243,180.2370,359.6270,0.0000,0.0000,0.0000
13.251,569.1731,-1.2514,200.5860,0.2510,3.8000,-0.4500,3.3895,180.2364,359.2955,0.0000,0.0000,0.0000
13.376,568.8807,-1.2405,200.3784,0.2510,3.8000,-0.4500,3.4253,180.2359,359.0492,0.0000,0.0000,0.0000
13.487,568.6714,-1.2370,200.2299,0.2510,3.8000,-0.4500,3.4419,180.2356,358.8845,0.0000,0.0000,0.0000
13.612,568.4186,-1.2400,200.0514,0.2510,3.8000,-0.4500,3.4576,180.2353,358.5494,0.0000,0.0000,0.0000
13.723,568.1663,-1.2453,199.8720,0.2510,3.8000,-0.4500,3.4555,180.2353,358.3834,0.0000,0.0000,0.0000
13.835,567.9562,-1.2523,199.7218,0.2510,3.8000,-0.4500,3.4536,180.2354,358.3007,0.0000,0.0000,0.0000
13.960,567.6601,-1.2714,199.5108,0.2510,3.8000,-0.4500,3.4252,180.2363,357.9666,0.0000,0.0000,0.0000
14.085,567.4075,-1.2870,199.3282,0.2510,3.8000,-0.4500,3.4252,180.2363,357.9666,0.0000,0.0000,0.0000
14.196,567.1532,-1.3107,199.1455,0.2510,3.8000,-0.4500,3.3816,180.2380,357.7222,0.0000,0.0000,0.0000
14.307,566.9422,-1.3288,198.9920,0.2510,3.8000,-0.4500,3.3816,180.2380,357.7222,0.0000,0.0000,0.0000
14.432,566.6887,-1.3526,198.8074,0.2510,3.8000,-0.4500,3.3816,180.2380,357.7222,0.0000,0.0000,0.0000
14.543,566.4343,-1.3811,198.6228,0.2510,3.8000,-0.4500,3.3280,180.2402,357.5626,0.0000,0.0000,0.0000
14.668,566.1808,-1.4071,198.4370,0.2510,3.8000,-0.4500,3.3280,180.2402,357.5626,0.0000,0.0000,0.0000
14.780,565.9274,-1.4331,198.2507,0.2510,3.8000,-0.4500,3.3280,180.2402,357.5626,0.0000,0.0000,0.0000
14.891,565.7165,-1.4542,198.0952,0.2510,3.8000,-0.4500,3.3280,180.2402,357.5626,0.0000,0.0000,0.0000
15.002,565.4632,-1.4784,197.9082,0.2510,3.8000,-0.4500,3.3280,180.2402,357.5626,0.0000,0.0000,0.0000
15.102,565.2521,-1.4973,197.7521,0.2510,3.8000,-0.4500,3.3280,180.2402,357.5626,0.0000,0.0000,0.0000
15.209,565.0416,-1.5148,197.5957,0.2510,3.8000,-0.4500,3.3280,180.2402,357.5626,0.0000,0.0000,0.0000
15.321,564.7897,-1.5335,197.4066,0.2510,3.8000,-0.4500,3.3280,180.2402,357.5626,0.0000,0.0000,0.0000
15.446,564.5387,-1.5506,197.2159,0.2510,3.8000,-0.4500,3.1595,180.2474,357.5820,0.0000,0.0000,0.0000
15.570,564.2888,-1.5641,197.0226,0.2510,3.8000,-0.4500,2.9222,180.2572,357.6669,0.0000,0.0000,0.0000
15.686,564.0411,-1.5740,196.8108,0.2510,3.8000,-0.4500,2.7802,180.2629,357.7605,0.0000,0.0000,0.0000
15.795,563.8373,-1.5801,196.6113,0.2510,3.8000,-0.4500,2.6467,180.2680,357.8610,0.0000,0.0000,0.0000
15.904,563.5961,-1.5834,196.3468,0.2510,3.8000,-0.4500,2.4116,180.2763,358.1001,0.0000,0.0000,0.0000
16.015,563.3998,-1.5844,196.0645,0.2510,3.8000,-0.4500,2.2608,180.2811,358.2936,0.0000,0.0000,0.0000
16.128,563.1743,-1.5867,195.5796,0.2510,3.8000,-0.4500,2.1663,180.2838,358.4394,0.0000,0.0000,0.0000
16.237,562.9583,-1.5864,194.9693,0.2510,3.8000,-0.4500,1.9927,180.2881,358.7343,0.0000,0.0000,0.0000
16.348,562.7823,-1.5855,194.3989,0.2510,3.8000,-0.4500,1.9150,180.2897,358.8802,0.0000,0.0000,0.0000
16.460,562.5754,-1.5778,193.6779,0.2510,3.8000,-0.4500,1.7389,180.2926,359.2679,0.0000,0.0000,0.0000
16.571,562.4033,-1.5702,193.0687,0.2510,3.8000,-0.4500,1.6759,180.2933,359.4217,0.0000,0.0000,0.0000
16.682,562.1985,-1.5543,192.3433,0.2510,3.8000,-0.4500,1.5540,180.2942,359.7329,0.0000,0.0000,0.0000
16.807,561.9930,-1.5352,191.6283,0.2510,3.8000,-0.4500,1.4949,180.2944,359.8904,0.0000,0.0000,0.0000
16.932,561.7889,-1.5096,190.9237,0.2510,3.8000,-0.4500,1.4045,180.2944,0.1339,0.0000,0.0000,0.0000
17.057,561.5527,-1.4716,190.1118,0.2510,3.8000,-0.4500,1.2595,180.2935,0.5279,0.0000,0.0000,0.0000
17.157,561.3838,-1.4422,189.5361,0.2510,3.8000,-0.4500,1.1997,180.2929,0.6886,0.0000,0.0000,0.0000
17.265,561.2160,-1.4086,188.9634,0.2510,3.8000,-0.4500,1.1107,180.2916,0.9260,0.0000,0.0000,0.0000
17.390,561.0153,-1.3651,188.2784,0.2510,3.8000,-0.4500,1.0217,180.2900,1.1590,0.0000,0.0000,0.0000
17.515,560.8158,-1.3187,187.5806,0.2510,3.8000,-0.4500,0.9604,180.2887,1.3162,0.0000,0.0000,0.0000
17.625,560.6199,-1.2677,186.8487,0.2510,3.8000,-0.4500,0.8661,180.2863,1.5544,0.0000,0.0000,0.0000
17.739,560.4253,-1.2132,186.1100,0.2510,3.8000,-0.4500,0.7713,180.2835,1.7872,0.0000,0.0000,0.0000
17.848,560.2628,-1.1655,185.5163,0.2510,3.8000,-0.4500,0.7072,180.2814,1.9426,0.0000,0.0000,0.0000
17.962,560.0623,-1.1039,184.9124,0.2510,3.8000,-0.4500,0.6061,180.2778,2.1766,0.0000,0.0000,0.0000
18.084,559.8516,-1.0407,184.4630,0.2510,3.8000,-0.4500,0.5731,180.2766,2.2520,0.0000,0.0000,0.0000
18.195,559.6321,-0.9732,184.1521,0.2510,3.8000,-0.4500,0.5018,180.2736,2.4024,0.0000,0.0000,0.0000
18.320,559.4058,-0.9036,183.9424,0.2510,3.8000,-0.4500,0.4262,180.2704,2.5519,0.0000,0.0000,0.0000
18.431,559.2134,-0.8450,183.8174,0.2510,3.8000,-0.4500,0.3877,180.2686,2.6237,0.0000,0.0000,0.0000
18.556,558.9413,-0.7623,183.6982,0.2510,3.8000,-0.4500,0.3489,180.2668,2.6944,0.0000,0.0000,0.0000
18.682,558.7068,-0.6906,183.6763,0.2510,3.8000,-0.4500,0.3070,180.2648,2.7663,0.0000,0.0000,0.0000
18.808,558.4726,-0.6187,183.7007,0.2510,3.8000,-0.4500,0.2656,180.2628,2.8367,0.0000,0.0000,0.0000
18.932,558.2379,-0.5475,183.7504,0.2510,3.8000,-0.4500,0.2656,180.2628,2.8367,0.0000,0.0000,0.0000
19.057,557.9650,-0.4628,183.8267,0.2510,3.8000,-0.4500,0.1817,180.2585,2.9721,0.0000,0.0000,0.0000
19.169,557.7697,-0.4034,183.8878,0.2510,3.8000,-0.4500,0.1817,180.2585,2.9721,0.0000,0.0000,0.0000
19.280,557.5353,-0.3322,183.9652,0.2510,3.8000,-0.4500,0.1817,180.2585,2.9721,0.0000,0.0000,0.0000
19.405,557.3009,-0.2610,184.0450,0.2510,3.8000,-0.4500,0.1817,180.2585,2.9721,0.0000,0.0000,0.0000
19.516,557.0665,-0.1899,184.1260,0.2510,3.8000,-0.4500,0.1817,180.2585,2.9721,0.0000,0.0000,0.0000
19.641,556.8322,-0.1192,184.2075,0.2510,3.8000,-0.4500,0.1817,180.2585,2.9721,0.0000,0.0000,0.0000
19.752,556.6367,-0.0606,184.2755,0.2510,3.8000,-0.4500,0.1817,180.2585,2.9721,0.0000,0.0000,0.0000
19.865,556.4020,0.0091,184.3572,0.2510,3.8000,-0.4500,0.1817,180.2585,2.9721,0.0000,0.0000,0.0000
19.974,556.2063,0.0665,184.4253,0.2510,3.8000,-0.4500,0.1817,180.2585,2.9721,0.0000,0.0000,0.0000
20.085,555.9712,0.1343,184.5070,0.2510,3.8000,-0.4500,0.1817,180.2586,2.9721,0.0000,0.0000,0.0000
20.196,555.7355,0.2006,184.5885,0.2510,3.8000,-0.4500,0.1817,180.2586,2.9721,0.0000,0.0000,0.0000
20.308,555.5387,0.2543,184.6564,0.2510,3.8000,-0.4500,0.1817,180.2586,2.9721,0.0000,0.0000,0.0000
20.418,555.3022,0.3166,184.7378,0.2510,3.8000,-0.4500,0.1817,180.2586,2.9721,0.0000,0.0000,0.0000
20.529,555.1047,0.3662,184.8057,0.2510,3.8000,-0.4500,0.1817,180.2586,2.9721,0.0000,0.0000,0.0000
20.654,554.8669,0.4222,184.8873,0.2510,3.8000,-0.4500,0.1817,180.2586,2.9721,0.0000,0.0000,0.0000
20.768,554.6285,0.4737,184.9689,0.2510,3.8000,-0.4500,0.1817,180.2586,2.9721,0.0000,0.0000,0.0000
20.877,554.3892,0.5198,185.0508,0.2510,3.8000,-0.4500,0.1817,180.2586,2.9721,0.0000,0.0000,0.0000
20.988,554.1873,0.5490,185.1201,0.2510,3.8000,-0.4500,0.0493,180.2519,2.7646,0.0000,0.0000,0.0000
21.114,553.9453,0.5822,185.2007,0.2510,3.8000,-0.4500,0.0056,180.2498,2.6958,0.0000,0.0000,0.0000
21.225,553.6991,0.6002,185.2800,0.2510,3.8000,-0.4500,359.7314,180.2380,2.2665,0.0000,0.0000,0.0000
21.351,553.4540,0.6188,185.3530,0.2510,3.8000,-0.4500,359.6871,180.2362,2.1991,0.0000,0.0000,0.0000
21.468,553.2057,0.6247,185.4223,0.2510,3.8000,-0.4500,359.4997,180.2295,1.9179,0.0000,0.0000,0.0000
21.582,552.9562,0.6242,185.4861,0.2510,3.8000,-0.4500,359.3579,180.2250,1.7105,0.0000,0.0000,0.0000
21.695,552.7458,0.6132,185.5361,0.2510,3.8000,-0.4500,359.1115,180.2184,1.3551,0.0000,0.0000,0.0000
21.808,552.4938,0.5988,185.5892,0.2510,3.8000,-0.4500,359.0126,180.2162,1.2138,0.0000,0.0000,0.0000
21.918,552.2388,0.5712,185.6370,0.2510,3.8000,-0.4500,358.7698,180.2118,0.8667,0.0000,0.0000,0.0000
22.029,552.0261,0.5451,185.6713,0.2510,3.8000,-0.4500,358.6736,180.2104,0.7279,0.0000,0.0000,0.0000
22.140,551.7684,0.5036,185.7074,0.2510,3.8000,-0.4500,358.4822,180.2085,0.4500,0.0000,0.0000,0.0000
22.267,551.5095,0.4536,185.7379,0.2510,3.8000,-0.4500,358.2893,180.2074,0.1624,0.0000,0.0000,0.0000
22.390,551.2499,0.3971,185.7634,0.2510,3.8000,-0.4500,358.1490,180.2073,359.9484,0.0000,0.0000,0.0000
22.504,550.9894,0.3325,185.7860,0.2510,3.8000,-0.4500,358.0115,180.2077,359.7346,0.0000,0.0000,0.0000
22.612,550.7710,0.2704,185.8048,0.2510,3.8000,-0.4500,357.8366,180.2089,359.4528,0.0000,0.0000,0.0000
22.724,550.5098,0.1934,185.8283,0.2510,3.8000,-0.4500,357.7536,180.2098,359.3148,0.0000,0.0000,0.0000
22.835,550.2911,0.1196,185.8506,0.2510,3.8000,-0.4500,357.5840,180.2123,359.0225,0.0000,0.0000,0.0000
22.960,549.9861,0.0122,185.8862,0.2510,3.8000,-0.4500,357.4637,180.2146,358.8051,0.0000,0.0000,0.0000
23.071,549.7684,-0.0699,185.9155,0.2510,3.8000,-0.4500,357.3843,180.2163,358.6563,0.0000,0.0000,0.0000
23.182,549.5069,-0.1752,185.9550,0.2510,3.8000,-0.4500,357.2689,180.2193,358.4327,0.0000,0.0000,0.0000
23.293,549.2888,-0.2682,185.9919,0.2510,3.8000,-0.4500,357.1601,180.2225,358.2078,0.0000,0.0000,0.0000
23.404,549.0284,-0.3803,186.0404,0.2510,3.8000,-0.4500,357.1264,180.2235,358.1341,0.0000,0.0000,0.0000
23.529,548.7680,-0.4987,186.0933,0.2510,3.8000,-0.4500,357.0606,180.2258,357.9828,0.0000,0.0000,0.0000
23.654,548.5078,-0.6209,186.1505,0.2510,3.8000,-0.4500,356.9969,180.2281,357.8297,0.0000,0.0000,0.0000
23.765,548.2479,-0.7447,186.2111,0.2510,3.8000,-0.4500,356.9692,180.2292,357.7516,0.0000,0.0000,0.0000
23.890,547.9882,-0.8707,186.2743,0.2510,3.8000,-0.4500,356.9424,180.2302,357.6739,0.0000,0.0000,0.0000
24.001,547.7289,-0.9966,186.3400,0.2510,3.8000,-0.4500,356.9424,180.2302,357.6739,0.0000,0.0000,0.0000
24.113,547.5130,-1.1018,186.3959,0.2510,3.8000,-0.4500,356.9424,180.2302,357.6739,0.0000,0.0000,0.0000
24.225,547.2530,-1.2310,186.4648,0.2510,3.8000,-0.4500,356.9063,180.2318,357.5113,0.0000,0.0000,0.0000
24.335,547.0372,-1.3350,186.5238,0.2510,3.8000,-0.4500,356.9063,180.2318,357.5113,0.0000,0.0000,0.0000
24.446,546.7783,-1.4579,186.5957,0.2510,3.8000,-0.4500,356.9063,180.2318,357.5113,0.0000,0.0000,0.0000
24.557,546.5195,-1.5780,186.6682,0.2510,3.8000,-0.4500,356.9063,180.2318,357.5113,0.0000,0.0000,0.0000
24.684,546.2606,-1.6947,186.7409,0.2510,3.8000,-0.4500,356.9063,180.2318,357.5113,0.0000,0.0000,0.0000
24.794,546.0450,-1.7888,186.8015,0.2510,3.8000,-0.4500,356.9063,180.2318,357.5113,0.0000,0.0000,0.0000
24.919,545.7432,-1.9156,186.8864,0.2510,3.8000,-0.4500,356.9063,180.2318,357.5113,0.0000,0.0000,0.0000
25.030,545.5278,-2.0021,186.9471,0.2510,3.8000,-0.4500,356.9063,180.2318,357.5113,0.0000,0.0000,0.0000
25.155,545.2263,-2.1173,187.0318,0.2510,3.8000,-0.4500,356.9063,180.2318,357.5113,0.0000,0.0000,0.0000
25.265,545.0110,-2.1950,187.0922,0.2510,3.8000,-0.4500,356.9063,180.2318,357.5113,0.0000,0.0000,0.0000
25.376,544.7527,-2.2799,187.1625,0.2510,3.8000,-0.4500,357.2432,180.2171,357.5300,0.0000,0.0000,0.0000
25.501,544.4950,-2.3598,187.2335,0.2510,3.8000,-0.4500,357.4056,180.2102,357.5735,0.0000,0.0000,0.0000
25.615,544.2371,-2.4335,187.3036,0.2510,3.8000,-0.4500,357.5644,180.2035,357.6219,0.0000,0.0000,0.0000
25.724,544.0226,-2.4881,187.3603,0.2510,3.8000,-0.4500,357.8004,180.1939,357.7292,0.0000,0.0000,0.0000
25.849,543.7645,-2.5510,187.4276,0.2510,3.8000,-0.4500,357.8767,180.1909,357.7660,0.0000,0.0000,0.0000
25.960,543.5076,-2.6020,187.4907,0.2510,3.8000,-0.4500,358.2449,180.1772,357.9804,0.0000,0.0000,0.0000
26.077,543.2501,-2.6507,187.5519,0.2510,3.8000,-0.4500,358.3818,180.1725,358.0723,0.0000,0.0000,0.0000
26.181,543.0352,-2.6873,187.6007,0.2510,3.8000,-0.4500,358.4500,180.1702,358.1189,0.0000,0.0000,0.0000
26.306,542.7780,-2.7216,187.6550,0.2510,3.8000,-0.4500,358.7202,180.1618,358.3165,0.0000,0.0000,0.0000
26.406,542.5632,-2.7475,187.6977,0.2510,3.8000,-0.4500,358.8507,180.1581,358.4190,0.0000,0.0000,0.0000
26.515,542.3486,-2.7694,187.7378,0.2510,3.8000,-0.4500,358.9787,180.1547,358.5210,0.0000,0.0000,0.0000
26.625,542.0910,-2.7910,187.7826,0.2510,3.8000,-0.4500,359.1063,180.1515,358.6288,0.0000,0.0000,0.0000
26.738,541.8338,-2.8060,187.8234,0.2510,3.8000,-0.4500,359.2960,180.1472,358.7947,0.0000,0.0000,0.0000
26.849,541.6191,-2.8169,187.8549,0.2510,3.8000,-0.4500,359.3562,180.1460,358.8500,0.0000,0.0000,0.0000
26.959,541.3619,-2.8247,187.8891,0.2510,3.8000,-0.4500,359.4760,180.1437,358.9612,0.0000,0.0000,0.0000
27.071,541.1476,-2.8273,187.9147,0.2510,3.8000,-0.4500,359.5942,180.1417,359.0785,0.0000,0.0000,0.0000
27.196,540.8472,-2.8292,187.9469,0.2510,3.8000,-0.4500,359.6504,180.1408,359.1359,0.0000,0.0000,0.0000
27.320,540.5906,-2.8238,187.9544,0.2510,3.8000,-0.4500,359.8184,180.1385,359.3198,0.0000,0.0000,0.0000
27.432,540.3757,-2.8208,187.9509,0.2510,3.8000,-0.4500,359.8184,180.1385,359.3199,0.0000,0.0000,0.0000
27.545,540.1187,-2.8131,187.9430,0.2510,3.8000,-0.4500,359.8697,180.1380,359.3857,0.0000,0.0000,0.0000
27.653,539.9049,-2.8031,187.9433,0.2510,3.8000,-0.4500,359.9697,180.1370,359.5164,0.0000,0.0000,0.0000
27.767,539.6475,-2.7927,187.9490,0.2510,3.8000,-0.4500,359.9697,180.1370,359.5164,0.0000,0.0000,0.0000
27.875,539.3909,-2.7790,187.9572,0.2510,3.8000,-0.4500,0.0110,180.1367,359.5862,0.0000,0.0000,0.0000
27.987,539.1766,-2.7678,187.9651,0.2510,3.8000,-0.4500,0.0110,180.1367,359.5862,0.0000,0.0000,0.0000
28.098,538.9200,-2.7516,187.9742,0.2510,3.8000,-0.4500,0.0479,180.1364,359.6577,0.0000,0.0000,0.0000
28.223,538.6630,-2.7361,187.9830,0.2510,3.8000,-0.4500,0.0479,180.1364,359.6577,0.0000,0.0000,0.0000
28.334,538.4495,-2.7210,187.9896,0.2510,3.8000,-0.4500,0.0772,180.1363,359.7332,0.0000,0.0000,0.0000
28.445,538.1929,-2.7044,187.9969,0.2510,3.8000,-0.4500,0.0772,180.1363,359.7332,0.0000,0.0000,0.0000
28.559,537.9376,-2.6844,188.0029,0.2510,3.8000,-0.4500,0.1145,180.1362,359.8879,0.0000,0.0000,0.0000
28.681,537.6810,-2.6673,188.0076,0.2510,3.8000,-0.4500,0.1145,180.1362,359.8879,0.0000,0.0000,0.0000
28.792,537.4672,-2.6530,188.0110,0.2510,3.8000,-0.4500,0.1145,180.1362,359.8879,0.0000,0.0000,0.0000
28.904,537.2117,-2.6345,188.0148,0.2510,3.8000,-0.4500,0.1135,180.1362,359.9671,0.0000,0.0000,0.0000
29.015,536.9984,-2.6202,188.0179,0.2510,3.8000,-0.4500,0.1135,180.1362,359.9671,0.0000,0.0000,0.0000
29.126,536.7431,-2.6019,188.0216,0.2510,3.8000,-0.4500,0.1039,180.1362,0.0458,0.0000,0.0000,0.0000
29.237,536.4875,-2.5848,188.0254,0.2510,3.8000,-0.4500,0.1039,180.1362,0.0458,0.0000,0.0000,0.0000
29.348,536.2756,-2.5681,188.0293,0.2510,3.8000,-0.4500,0.0645,180.1361,0.2041,0.0000,0.0000,0.0000
29.473,536.0204,-2.5509,188.0349,0.2510,3.8000,-0.4500,0.0645,180.1361,0.2041,0.0000,0.0000,0.0000
29.584,535.7661,-2.5323,188.0416,0.2510,3.8000,-0.4500,0.0366,180.1360,0.2801,0.0000,0.0000,0.0000
29.695,535.5544,-2.5163,188.0483,0.2510,3.8000,-0.4500,0.0059,180.1358,0.3555,0.0000,0.0000,0.0000
29.795,535.3427,-2.4999,188.0562,0.2510,3.8000,-0.4500,359.9752,180.1356,0.4305,0.0000,0.0000,0.0000
29.903,535.0883,-2.4809,188.0674,0.2510,3.8000,-0.4500,359.9752,180.1356,0.4305,0.0000,0.0000,0.0000
30.028,534.8355,-2.4587,188.0803,0.2510,3.8000,-0.4500,359.9108,180.1350,0.5801,0.0000,0.0000,0.0000
30.153,534.5825,-2.4374,188.0950,0.2510,3.8000,-0.4500,359.9108,180.1350,0.5801,0.0000,0.0000,0.0000
30.278,534.2883,-2.4096,188.1141,0.2510,3.8000,-0.4500,359.8815,180.1347,0.6560,0.0000,0.0000,0.0000
30.390,534.0780,-2.3891,188.1288,0.2510,3.8000,-0.4500,359.8815,180.1347,0.6560,0.0000,0.0000,0.0000
30.501,533.8281,-2.3590,188.1489,0.2510,3.8000,-0.4500,359.8051,180.1337,0.8954,0.0000,0.0000,0.0000
30.627,533.5774,-2.3303,188.1713,0.2510,3.8000,-0.4500,359.8051,180.1337,0.8954,0.0000,0.0000,0.0000
30.753,533.3282,-2.2964,188.1955,0.2510,3.8000,-0.4500,359.7785,180.1332,1.0576,0.0000,0.0000,0.0000
30.862,533.0790,-2.2624,188.2218,0.2510,3.8000,-0.4500,359.7785,180.1332,1.0576,0.0000,0.0000,0.0000
30.973,532.8723,-2.2304,188.2450,0.2510,3.8000,-0.4500,359.7750,180.1331,1.1427,0.0000,0.0000,0.0000
31.099,532.5833,-2.1826,188.2801,0.2510,3.8000,-0.4500,359.7724,180.1331,1.2280,0.0000,0.0000,0.0000
31.210,532.3788,-2.1424,188.3074,0.2510,3.8000,-0.4500,359.7856,180.1334,1.4755,0.0000,0.0000,0.0000
31.321,532.1323,-2.0964,188.3436,0.2510,3.8000,-0.4500,359.7856,180.1334,1.4755,0.0000,0.0000,0.0000
31.432,531.9291,-2.0508,188.3752,0.2510,3.8000,-0.4500,359.8303,180.1347,1.7200,0.0000,0.0000,0.0000
31.543,531.6843,-1.9986,188.4167,0.2510,3.8000,-0.4500,359.8303,180.1347,1.7200,0.0000,0.0000,0.0000
31.668,531.4414,-1.9398,188.4603,0.2510,3.8000,-0.4500,359.8751,180.1361,1.8841,0.0000,0.0000,0.0000
31.793,531.1985,-1.8795,188.5072,0.2510,3.8000,-0.4500,359.8976,180.1368,1.9645,0.0000,0.0000,0.0000
31.918,530.9175,-1.8023,188.5652,0.2510,3.8000,-0.4500,359.9710,180.1395,2.1980,0.0000,0.0000,0.0000
32.030,530.7164,-1.7482,188.6099,0.2510,3.8000,-0.4500,359.9710,180.1395,2.1980,0.0000,0.0000,0.0000
32.140,530.4763,-1.6793,188.6657,0.2510,3.8000,-0.4500,-0.0052,180.1404,2.2774,0.0000,0.0000,0.0000
32.251,530.2773,-1.6200,188.7140,0.2510,3.8000,-0.4500,0.0183,180.1414,2.3569,0.0000,0.0000,0.0000
32.363,530.0389,-1.5475,188.7742,0.2510,3.8000,-0.4500,0.0367,180.1421,2.4384,0.0000,0.0000,0.0000
32.473,529.8412,-1.4858,188.8261,0.2510,3.8000,-0.4500,0.0543,180.1429,2.5198,0.0000,0.0000,0.0000
32.584,529.6042,-1.4111,188.8908,0.2510,3.8000,-0.4500,0.0627,180.1433,2.6014,0.0000,0.0000,0.0000
32.696,529.3677,-1.3358,188.9576,0.2510,3.8000,-0.4500,0.0651,180.1434,2.6835,0.0000,0.0000,0.0000
32.809,529.1716,-1.2725,189.0154,0.2510,3.8000,-0.4500,0.0664,180.1434,2.7651,0.0000,0.0000,0.0000
32.918,528.9360,-1.1982,189.0872,0.2510,3.8000,-0.4500,0.0664,180.1434,2.7651,0.0000,0.0000,0.0000
33.029,528.7406,-1.1353,189.1484,0.2510,3.8000,-0.4500,0.0516,180.1427,2.8462,0.0000,0.0000,0.0000
33.140,528.5063,-1.0608,189.2243,0.2510,3.8000,-0.4500,0.0334,180.1418,2.9251,0.0000,0.0000,0.0000
33.252,528.3115,-0.9994,189.2894,0.2510,3.8000,-0.4500,0.0042,180.1403,3.0006,0.0000,0.0000,0.0000
33.377,528.0393,-0.9148,189.3835,0.2510,3.8000,-0.4500,359.9237,180.1360,3.1454,0.0000,0.0000,0.0000
33.487,527.8445,-0.8571,189.4528,0.2510,3.8000,-0.4500,359.9237,180.1360,3.1454,0.0000,0.0000,0.0000
33.598,527.6123,-0.7882,189.5392,0.2510,3.8000,-0.4500,359.7549,180.1264,3.3313,0.0000,0.0000,0.0000
33.709,527.4183,-0.7343,189.6129,0.2510,3.8000,-0.4500,359.7549,180.1264,3.3313,0.0000,0.0000,0.0000
33.820,527.1860,-0.6721,189.7042,0.2510,3.8000,-0.4500,359.6833,180.1222,3.3787,0.0000,0.0000,0.0000
33.947,526.9539,-0.6130,189.7988,0.2510,3.8000,-0.4500,359.5380,180.1135,3.4694,0.0000,0.0000,0.0000
34.057,526.7216,-0.5583,189.8968,0.2510,3.8000,-0.4500,359.3069,180.0993,3.5652,0.0000,0.0000,0.0000
34.171,526.5275,-0.5156,189.9793,0.2510,3.8000,-0.4500,359.3069,180.0993,3.5653,0.0000,0.0000,0.0000
34.282,526.2946,-0.4698,190.0826,0.2510,3.8000,-0.4500,358.9710,180.0782,3.6363,0.0000,0.0000,0.0000
34.393,526.1002,-0.4342,190.1686,0.2510,3.8000,-0.4500,358.9710,180.0782,3.6363,0.0000,0.0000,0.0000
34.503,525.8663,-0.3978,190.2751,0.2510,3.8000,-0.4500,358.7162,180.0619,3.6506,0.0000,0.0000,0.0000
34.614,525.6708,-0.3724,190.3652,0.2510,3.8000,-0.4500,358.4630,180.0458,3.6398,0.0000,0.0000,0.0000
34.725,525.4360,-0.3461,190.4733,0.2510,3.8000,-0.4500,358.2965,180.0352,3.6264,0.0000,0.0000,0.0000
34.837,525.2000,-0.3287,190.5836,0.2510,3.8000,-0.4500,357.8872,180.0095,3.5523,0.0000,0.0000,0.0000
34.944,525.0035,-0.3152,190.6733,0.2510,3.8000,-0.4500,357.8872,180.0095,3.5523,0.0000,0.0000,0.0000
35.055,524.8057,-0.3095,190.7645,0.2510,3.8000,-0.4500,357.6286,179.9936,3.4764,0.0000,0.0000,0.0000
35.180,524.5280,-0.3066,190.8870,0.2510,3.8000,-0.4500,357.4619,179.9836,3.4241,0.0000,0.0000,0.0000
35.304,524.2884,-0.3122,190.9277,0.2510,3.8000,-0.4500,357.0564,179.9598,3.2666,0.0000,0.0000,0.0000
35.416,524.0490,-0.3167,190.9136,0.2510,3.8000,-0.4500,356.9015,179.9511,3.1958,0.0000,0.0000,0.0000
35.541,523.8077,-0.3249,190.8724,0.2510,3.8000,-0.4500,356.7484,179.9426,3.1237,0.0000,0.0000,0.0000
35.655,523.6058,-0.3369,190.8283,0.2510,3.8000,-0.4500,356.5255,179.9306,3.0070,0.0000,0.0000,0.0000
35.763,523.3632,-0.3539,190.7692,0.2510,3.8000,-0.4500,356.3776,179.9230,2.9237,0.0000,0.0000,0.0000
35.874,523.1594,-0.3753,190.7191,0.2510,3.8000,-0.4500,356.0865,179.9085,2.7483,0.0000,0.0000,0.0000
35.987,522.9158,-0.3993,190.6577,0.2510,3.8000,-0.4500,356.0865,179.9085,2.7482,0.0000,0.0000,0.0000
36.098,522.6697,-0.4356,190.5995,0.2510,3.8000,-0.4500,355.7408,179.8926,2.5144,0.0000,0.0000,0.0000
36.209,522.4655,-0.4641,190.5517,0.2510,3.8000,-0.4500,355.7408,179.8926,2.5144,0.0000,0.0000,0.0000
36.320,522.2184,-0.5070,190.4973,0.2510,3.8000,-0.4500,355.5473,179.8843,2.3663,0.0000,0.0000,0.0000
36.431,522.0120,-0.5441,190.4536,0.2510,3.8000,-0.4500,355.4851,179.8818,2.3167,0.0000,0.0000,0.0000
36.543,521.7634,-0.5938,190.4038,0.2510,3.8000,-0.4500,355.3628,179.8769,2.2126,0.0000,0.0000,0.0000
36.667,521.5140,-0.6459,190.3561,0.2510,3.8000,-0.4500,355.3013,179.8746,2.1585,0.0000,0.0000,0.0000
36.778,521.2645,-0.7013,190.3108,0.2510,3.8000,-0.4500,355.2426,179.8723,2.1035,0.0000,0.0000,0.0000
36.889,521.0556,-0.7513,190.2748,0.2510,3.8000,-0.4500,355.1273,179.8682,1.9872,0.0000,0.0000,0.0000
37.001,520.8055,-0.8097,190.2329,0.2510,3.8000,-0.4500,355.1273,179.8682,1.9872,0.0000,0.0000,0.0000
37.126,520.5546,-0.8712,190.1928,0.2510,3.8000,-0.4500,355.0748,179.8664,1.9270,0.0000,0.0000,0.0000
37.237,520.3038,-0.9321,190.1538,0.2510,3.8000,-0.4500,355.0748,179.8664,1.9270,0.0000,0.0000,0.0000
37.349,520.0944,-0.9831,190.1218,0.2510,3.8000,-0.4500,355.0748,179.8664,1.9270,0.0000,0.0000,0.0000
37.459,519.8433,-1.0437,190.0837,0.2510,3.8000,-0.4500,355.0748,179.8664,1.9270,0.0000,0.0000,0.0000
37.570,519.6338,-1.0934,190.0522,0.2510,3.8000,-0.4500,355.0748,179.8664,1.9270,0.0000,0.0000,0.0000
37.681,519.3823,-1.1514,190.0143,0.2510,3.8000,-0.4500,355.0748,179.8664,1.9270,0.0000,0.0000,0.0000
37.792,519.1727,-1.1979,189.9828,0.2510,3.8000,-0.4500,355.0748,179.8664,1.9270,0.0000,0.0000,0.0000
37.903,518.9219,-1.2509,189.9449,0.2510,3.8000,-0.4500,355.0748,179.8664,1.9270,0.0000,0.0000,0.0000
38.015,518.7129,-1.2923,189.9132,0.2510,3.8000,-0.4500,355.0748,179.8664,1.9270,0.0000,0.0000,0.0000
38.126,518.4622,-1.3382,189.8752,0.2510,3.8000,-0.4500,355.0748,179.8664,1.9270,0.0000,0.0000,0.0000
38.237,518.2120,-1.3793,189.8370,0.2510,3.8000,-0.4500,355.0748,179.8664,1.9270,0.0000,0.0000,0.0000
38.348,518.0038,-1.4095,189.8051,0.2510,3.8000,-0.4500,355.0748,179.8664,1.9270,0.0000,0.0000,0.0000
38.459,517.7544,-1.4402,189.7661,0.2510,3.8000,-0.4500,355.1527,179.8690,1.9059,0.0000,0.0000,0.0000
38.582,517.5054,-1.4642,189.7267,0.2510,3.8000,-0.4500,355.3125,179.8743,1.8740,0.0000,0.0000,0.0000
38.708,517.2573,-1.4804,189.6872,0.2510,3.8000,-0.4500,355.5623,179.8825,1.8735,0.0000,0.0000,0.0000
38.819,517.0103,-1.4880,189.6471,0.2510,3.8000,-0.4500,355.8897,179.8934,1.9301,0.0000,0.0000,0.0000
38.930,516.8051,-1.4896,189.6137,0.2510,3.8000,-0.4500,356.0578,179.8992,1.9873,0.0000,0.0000,0.0000
39.041,516.5605,-1.4814,189.5710,0.2510,3.8000,-0.4500,356.4590,179.9137,2.1445,0.0000,0.0000,0.0000
39.165,516.3167,-1.4692,189.5325,0.2510,3.8000,-0.4500,356.6138,179.9196,2.2231,0.0000,0.0000,0.0000
39.291,516.0743,-1.4483,189.5370,0.2510,3.8000,-0.4500,356.9184,179.9318,2.3855,0.0000,0.0000,0.0000
39.402,515.8333,-1.4209,189.5739,0.2510,3.8000,-0.4500,357.2058,179.9443,2.5559,0.0000,0.0000,0.0000
39.513,515.6333,-1.3928,189.6194,0.2510,3.8000,-0.4500,357.4229,179.9542,2.6937,0.0000,0.0000,0.0000
39.624,515.3949,-1.3518,189.6851,0.2510,3.8000,-0.4500,357.6992,179.9677,2.8755,0.0000,0.0000,0.0000
39.736,515.1578,-1.3043,189.7595,0.2510,3.8000,-0.4500,357.9124,179.9787,3.0224,0.0000,0.0000,0.0000
39.846,514.9612,-1.2598,189.8265,0.2510,3.8000,-0.4500,358.0510,179.9861,3.1190,0.0000,0.0000,0.0000
39.958,514.7273,-1.1976,189.9108,0.2510,3.8000,-0.4500,358.3264,180.0016,3.3162,0.0000,0.0000,0.0000
40.069,514.5331,-1.1426,189.9848,0.2510,3.8000,-0.4500,358.4593,180.0094,3.4131,0.0000,0.0000,0.0000
40.193,514.3016,-1.0701,190.0767,0.2510,3.8000,-0.4500,358.6628,180.0218,3.5630,0.0000,0.0000,0.0000
40.318,514.0331,-0.9791,190.1881,0.2510,3.8000,-0.4500,358.8677,180.0348,3.7157,0.0000,0.0000,0.0000
40.430,513.8420,-0.9119,190.2707,0.2510,3.8000,-0.4500,358.9335,180.0391,3.7648,0.0000,0.0000,0.0000
40.541,513.6133,-0.8278,190.3721,0.2510,3.8000,-0.4500,359.0016,180.0437,3.8158,0.0000,0.0000,0.0000
40.652,513.4246,-0.7524,190.4572,0.2510,3.8000,-0.4500,359.2011,180.0572,3.9652,0.0000,0.0000,0.0000
40.763,513.1974,-0.6646,190.5633,0.2510,3.8000,-0.4500,359.2011,180.0572,3.9652,0.0000,0.0000,0.0000
40.889,512.9705,-0.5754,190.6707,0.2510,3.8000,-0.4500,359.2011,180.0572,3.9652,0.0000,0.0000,0.0000
41.015,512.7438,-0.4856,190.7789,0.2510,3.8000,-0.4500,359.2011,180.0572,3.9652,0.0000,0.0000,0.0000
41.124,512.5172,-0.3962,190.8875,0.2510,3.8000,-0.4500,359.2011,180.0572,3.9651,0.0000,0.0000,0.0000
41.236,512.2905,-0.3082,190.9963,0.2510,3.8000,-0.4500,359.2011,180.0572,3.9652,0.0000,0.0000,0.0000
41.346,512.1014,-0.2366,191.0871,0.2510,3.8000,-0.4500,359.2011,180.0572,3.9652,0.0000,0.0000,0.0000
41.457,511.8742,-0.1536,191.1962,0.2510,3.8000,-0.4500,359.2011,180.0572,3.9651,0.0000,0.0000,0.0000
41.568,511.6844,-0.0875,191.2874,0.2510,3.8000,-0.4500,359.2011,180.0572,3.9651,0.0000,0.0000,0.0000
41.693,511.4561,-0.0126,191.3970,0.2510,3.8000,-0.4500,359.2011,180.0572,3.9651,0.0000,0.0000,0.0000
41.805,511.2268,0.0568,191.5069,0.2510,3.8000,-0.4500,359.2011,180.0572,3.9651,0.0000,0.0000,0.0000
41.929,510.9966,0.1198,191.6172,0.2510,3.8000,-0.4500,359.2011,180.0572,3.9651,0.0000,0.0000,0.0000
42.041,510.7651,0.1757,191.7281,0.2510,3.8000,-0.4500,359.2011,180.0572,3.9651,0.0000,0.0000,0.0000
42.153,510.5714,0.2164,191.8208,0.2510,3.8000,-0.4500,359.2011,180.0572,3.9651,0.0000,0.0000,0.0000
42.263,510.3359,0.2530,191.9334,0.2510,3.8000,-0.4500,359.0647,180.0480,3.7415,0.0000,0.0000,0.0000
42.388,510.0981,0.2795,192.0439,0.2510,3.8000,-0.4500,358.8762,180.0362,3.4574,0.0000,0.0000,0.0000
42.499,509.8586,0.2973,192.1501,0.2510,3.8000,-0.4500,358.6653,180.0240,3.1844,0.0000,0.0000,0.0000
42.609,509.6577,0.3059,192.2346,0.2510,3.8000,-0.4500,358.5057,180.0154,2.9878,0.0000,0.0000,0.0000
42.720,509.4152,0.3090,192.3304,0.2510,3.8000,-0.4500,358.3431,180.0071,2.7938,0.0000,0.0000,0.0000
42.832,509.2110,0.3022,192.4064,0.2510,3.8000,-0.4500,358.1169,179.9966,2.5297,0.0000,0.0000,0.0000
42.942,508.9641,0.2859,192.4919,0.2510,3.8000,-0.4500,357.8439,179.9853,2.2142,0.0000,0.0000,0.0000
43.054,508.7581,0.2692,192.5573,0.2510,3.8000,-0.4500,357.7353,179.9812,2.0887,0.0000,0.0000,0.0000
43.165,508.5091,0.2405,192.6306,0.2510,3.8000,-0.4500,357.5710,179.9755,1.8982,0.0000,0.0000,0.0000
43.290,508.2579,0.2024,192.6981,0.2510,3.8000,-0.4500,357.3502,179.9687,1.6406,0.0000,0.0000,0.0000
43.401,508.0055,0.1572,192.7596,0.2510,3.8000,-0.4500,357.1360,179.9630,1.3874,0.0000,0.0000,0.0000
43.512,507.7951,0.1178,192.8059,0.2510,3.8000,-0.4500,357.0816,179.9617,1.3225,0.0000,0.0000,0.0000
43.623,507.5407,0.0622,192.8572,0.2510,3.8000,-0.4500,356.9182,179.9582,1.1267,0.0000,0.0000,0.0000
43.748,507.2853,0.0012,192.9038,0.2510,3.8000,-0.4500,356.7538,179.9553,0.9269,0.0000,0.0000,0.0000
43.873,507.0302,-0.0589,192.9350,0.2510,3.8000,-0.4500,356.7538,179.9553,0.9269,0.0000,0.0000,0.0000
43.984,506.7729,-0.1272,192.9604,0.2510,3.8000,-0.4500,356.5917,179.9529,0.7282,0.0000,0.0000,0.0000
44.095,506.5162,-0.1924,192.9695,0.2510,3.8000,-0.4500,356.5917,179.9529,0.7282,0.0000,0.0000,0.0000
44.207,506.3007,-0.2523,192.9714,0.2510,3.8000,-0.4500,356.4364,179.9512,0.5385,0.0000,0.0000,0.0000
44.332,506.0433,-0.3191,192.9700,0.2510,3.8000,-0.4500,356.4364,179.9512,0.5385,0.0000,0.0000,0.0000
44.443,505.7855,-0.3857,192.9675,0.2510,3.8000,-0.4500,356.4364,179.9512,0.5385,0.0000,0.0000,0.0000
44.553,505.5707,-0.4407,192.9650,0.2510,3.8000,-0.4500,356.4364,179.9512,0.5384,0.0000,0.0000,0.0000
44.664,505.3129,-0.5057,192.9617,0.2510,3.8000,-0.4500,356.4364,179.9512,0.5385,0.0000,0.0000,0.0000
44.776,505.0552,-0.5696,192.9583,0.2510,3.8000,-0.4500,356.4364,179.9512,0.5385,0.0000,0.0000,0.0000
44.902,504.7978,-0.6319,192.9551,0.2510,3.8000,-0.4500,356.4364,179.9512,0.5385,0.0000,0.0000,0.0000
45.028,504.5408,-0.6925,192.9522,0.2510,3.8000,-0.4500,356.4364,179.9512,0.5385,0.0000,0.0000,0.0000
45.137,504.2842,-0.7512,192.9495,0.2510,3.8000,-0.4500,356.4364,179.9512,0.5384,0.0000,0.0000,0.0000
45.248,504.0708,-0.7984,192.9475,0.2510,3.8000,-0.4500,356.4364,179.9512,0.5384,0.0000,0.0000,0.0000
45.372,503.8159,-0.8530,192.9485,0.2510,3.8000,-0.4500,356.2013,179.9488,0.6420,0.0000,0.0000,0.0000
45.484,503.5609,-0.9057,192.9602,0.2510,3.8000,-0.4500,356.2013,179.9488,0.6420,0.0000,0.0000,0.0000
45.595,503.3498,-0.9474,192.9781,0.2510,3.8000,-0.4500,356.0652,179.9471,0.7469,0.0000,0.0000,0.0000
45.706,503.0974,-0.9944,193.0058,0.2510,3.8000,-0.4500,355.8824,179.9444,0.9306,0.0000,0.0000,0.0000
45.817,502.8456,-1.0390,193.0386,0.2510,3.8000,-0.4500,355.7813,179.9427,1.0657,0.0000,0.0000,0.0000
45.944,502.5943,-1.0813,193.0761,0.2510,3.8000,-0.4500,355.7329,179.9417,1.1338,0.0000,0.0000,0.0000
46.054,502.3873,-1.1110,193.1117,0.2510,3.8000,-0.4500,355.5752,179.9382,1.4334,0.0000,0.0000,0.0000
46.164,502.1379,-1.1471,193.1580,0.2510,3.8000,-0.4500,355.5465,179.9375,1.5073,0.0000,0.0000,0.0000
46.292,501.8902,-1.1785,193.2090,0.2510,3.8000,-0.4500,355.4961,179.9361,1.6621,0.0000,0.0000,0.0000
46.401,501.6436,-1.2060,193.2646,0.2510,3.8000,-0.4500,355.4580,179.9349,1.8191,0.0000,0.0000,0.0000
46.526,501.3983,-1.2293,193.3250,0.2510,3.8000,-0.4500,355.4311,179.9340,1.9789,0.0000,0.0000,0.0000
46.637,501.1541,-1.2483,193.3900,0.2510,3.8000,-0.4500,355.4202,179.9336,2.1390,0.0000,0.0000,0.0000
46.747,500.9511,-1.2616,193.4474,0.2510,3.8000,-0.4500,355.4223,179.9337,2.2216,0.0000,0.0000,0.0000
46.874,500.7097,-1.2706,193.5204,0.2510,3.8000,-0.4500,355.4454,179.9347,2.4693,0.0000,0.0000,0.0000
46.984,500.4690,-1.2764,193.5981,0.2510,3.8000,-0.4500,355.4786,179.9362,2.6232,0.0000,0.0000,0.0000
47.095,500.2694,-1.2768,193.6660,0.2510,3.8000,-0.4500,355.5359,179.9389,2.7807,0.0000,0.0000,0.0000
47.206,500.0302,-1.2747,193.7517,0.2510,3.8000,-0.4500,355.5664,179.9404,2.8580,0.0000,0.0000,0.0000
47.332,499.7936,-1.2628,193.8410,0.2510,3.8000,-0.4500,355.7327,179.9491,3.1400,0.0000,0.0000,0.0000
47.458,499.5177,-1.2463,193.9510,0.2510,3.8000,-0.4500,355.8389,179.9551,3.2676,0.0000,0.0000,0.0000
47.565,499.3217,-1.2291,194.0328,0.2510,3.8000,-0.4500,355.9500,179.9616,3.3872,0.0000,0.0000,0.0000
47.678,499.0878,-1.2029,194.1343,0.2510,3.8000,-0.4500,356.1329,179.9727,3.5422,0.0000,0.0000,0.0000
47.788,498.8938,-1.1763,194.2214,0.2510,3.8000,-0.4500,356.3341,179.9854,3.6770,0.0000,0.0000,0.0000
47.899,498.6613,-1.1415,194.3294,0.2510,3.8000,-0.4500,356.4749,179.9946,3.7566,0.0000,0.0000,0.0000
48.015,498.4688,-1.1055,194.4203,0.2510,3.8000,-0.4500,356.7876,180.0155,3.8911,0.0000,0.0000,0.0000
48.133,498.2378,-1.0609,194.5332,0.2510,3.8000,-0.4500,356.9379,180.0258,3.9482,0.0000,0.0000,0.0000
48.246,498.0079,-1.0091,194.6467,0.2510,3.8000,-0.4500,357.2759,180.0494,4.0295,0.0000,0.0000,0.0000
48.357,497.7783,-0.9542,194.7626,0.2510,3.8000,-0.4500,357.4388,180.0610,4.0627,0.0000,0.0000,0.0000
48.483,497.5495,-0.8923,194.8777,0.2510,3.8000,-0.4500,357.8505,180.0904,4.1060,0.0000,0.0000,0.0000
48.594,497.3586,-0.8390,194.9749,0.2510,3.8000,-0.4500,358.0195,180.1026,4.1106,0.0000,0.0000,0.0000
48.718,497.0920,-0.7593,195.1104,0.2510,3.8000,-0.4500,358.2723,180.1207,4.1086,0.0000,0.0000,0.0000
48.831,496.9015,-0.6976,195.2048,0.2510,3.8000,-0.4500,358.6986,180.1513,4.0757,0.0000,0.0000,0.0000
48.954,496.6728,-0.6229,195.3192,0.2510,3.8000,-0.4500,358.8654,180.1631,4.0497,0.0000,0.0000,0.0000
49.068,496.4438,-0.5447,195.4310,0.2510,3.8000,-0.4500,359.1134,180.1806,4.0051,0.0000,0.0000,0.0000
49.190,496.2143,-0.4639,195.5402,0.2510,3.8000,-0.4500,359.4417,180.2033,3.9201,0.0000,0.0000,0.0000
49.301,495.9841,-0.3815,195.6467,0.2510,3.8000,-0.4500,359.7610,180.2249,3.8133,0.0000,0.0000,0.0000
49.426,495.7536,-0.2981,195.7513,0.2510,3.8000,-0.4500,359.8370,180.2299,3.7857,0.0000,0.0000,0.0000
49.537,495.5215,-0.2139,195.8509,0.2510,3.8000,-0.4500,0.2391,180.2559,3.5960,0.0000,0.0000,0.0000
49.649,495.3281,-0.1435,195.9229,0.2510,3.8000,-0.4500,0.3133,180.2605,3.5582,0.0000,0.0000,0.0000
49.760,495.0940,-0.0614,195.9333,0.2510,3.8000,-0.4500,0.6127,180.2787,3.3671,0.0000,0.0000,0.0000
49.871,494.8986,0.0057,195.9025,0.2510,3.8000,-0.4500,0.6830,180.2828,3.3193,0.0000,0.0000,0.0000
49.982,494.6615,0.0829,195.8907,0.2510,3.8000,-0.4500,1.0076,180.3008,3.0445,0.0000,0.0000,0.0000
50.094,494.4640,0.1479,195.9140,0.2510,3.8000,-0.4500,1.0638,180.3038,2.9874,0.0000,0.0000,0.0000
50.204,494.2253,0.2239,195.9611,0.2510,3.8000,-0.4500,1.1767,180.3096,2.8634,0.0000,0.0000,0.0000
50.315,494.0242,0.2839,196.0072,0.2510,3.8000,-0.4500,1.3942,180.3200,2.5981,0.0000,0.0000,0.0000
50.426,493.7827,0.3551,196.0660,0.2510,3.8000,-0.4500,1.4870,180.3241,2.4600,0.0000,0.0000,0.0000
50.537,493.5395,0.4231,196.1238,0.2510,3.8000,-0.4500,1.5762,180.3278,2.3211,0.0000,0.0000,0.0000
50.648,493.3343,0.4745,196.1696,0.2510,3.8000,-0.4500,1.7287,180.3336,2.0247,0.0000,0.0000,0.0000
50.772,493.0887,0.5360,196.2217,0.2510,3.8000,-0.4500,1.7597,180.3347,1.9481,0.0000,0.0000,0.0000
50.884,492.8408,0.5921,196.2699,0.2510,3.8000,-0.4500,1.8188,180.3366,1.7892,0.0000,0.0000,0.0000
51.009,492.5909,0.6422,196.3141,0.2510,3.8000,-0.4500,1.8912,180.3387,1.5482,0.0000,0.0000,0.0000
51.134,492.3401,0.6887,196.3540,0.2510,3.8000,-0.4500,1.9257,180.3396,1.3874,0.0000,0.0000,0.0000
51.245,492.0865,0.7273,196.3897,0.2510,3.8000,-0.4500,1.9688,180.3405,1.0542,0.0000,0.0000,0.0000
51.370,491.8339,0.7663,196.4205,0.2510,3.8000,-0.4500,1.9688,180.3405,1.0542,0.0000,0.0000,0.0000
51.484,491.5781,0.7960,196.4474,0.2510,3.8000,-0.4500,1.9680,180.3405,0.8001,0.0000,0.0000,0.0000
51.592,491.3643,0.8176,196.4664,0.2510,3.8000,-0.4500,1.9521,180.3403,0.6331,0.0000,0.0000,0.0000
51.717,491.0641,0.8432,196.4880,0.2510,3.8000,-0.4500,1.9238,180.3400,0.4670,0.0000,0.0000,0.0000
51.842,490.8048,0.8581,196.5025,0.2510,3.8000,-0.4500,1.8619,180.3397,0.2259,0.0000,0.0000,0.0000
51.954,490.5892,0.8709,196.5108,0.2510,3.8000,-0.4500,1.8619,180.3397,0.2259,0.0000,0.0000,0.0000
52.065,490.3283,0.8776,196.5188,0.2510,3.8000,-0.4500,1.7682,180.3395,-0.0013,0.0000,0.0000,0.0000
52.177,490.0678,0.8834,196.5240,0.2510,3.8000,-0.4500,1.7277,180.3395,359.9290,0.0000,0.0000,0.0000
52.301,489.8068,0.8855,196.5286,0.2510,3.8000,-0.4500,1.6860,180.3396,359.8596,0.0000,0.0000,0.0000
52.413,489.5885,0.8827,196.5331,0.2510,3.8000,-0.4500,1.5817,180.3400,359.7287,0.0000,0.0000,0.0000
52.524,489.3272,0.8787,196.5391,0.2510,3.8000,-0.4500,1.5285,180.3402,359.6693,0.0000,0.0000,0.0000
52.636,489.0652,0.8690,196.5478,0.2510,3.8000,-0.4500,1.3347,180.3416,359.5115,0.0000,0.0000,0.0000
52.746,488.8500,0.8624,196.5260,0.2510,3.8000,-0.4500,1.3347,180.3416,359.5115,0.0000,0.0000,0.0000
52.857,488.6078,0.8497,196.2770,0.2510,3.8000,-0.4500,1.2651,180.3423,359.4723,0.0000,0.0000,0.0000
52.983,488.3817,0.8346,195.7916,0.2510,3.8000,-0.4500,1.1933,180.3429,359.4374,0.0000,0.0000,0.0000
53.108,488.1646,0.8196,195.1738,0.2510,3.8000,-0.4500,1.1933,180.3429,359.4374,0.0000,0.0000,0.0000
53.219,487.9514,0.8038,194.5000,0.2510,3.8000,-0.4500,1.1155,180.3437,359.4134,0.0000,0.0000,0.0000
53.329,487.7751,0.7918,193.9229,0.2510,3.8000,-0.4500,1.1155,180.3437,359.4134,0.0000,0.0000,0.0000
53.440,487.5643,0.7784,193.2273,0.2510,3.8000,-0.4500,1.1155,180.3436,359.4134,0.0000,0.0000,0.0000
53.551,487.3888,0.7679,192.6494,0.2510,3.8000,-0.4500,1.1155,180.3436,359.4134,0.0000,0.0000,0.0000
53.663,487.1783,0.7563,191.9592,0.2510,3.8000,-0.4500,1.1155,180.3437,359.4134,0.0000,0.0000,0.0000
53.773,487.0030,0.7474,191.3868,0.2510,3.8000,-0.4500,1.1155,180.3437,359.4134,0.0000,0.0000,0.0000
53.885,486.7925,0.7370,190.7029,0.2510,3.8000,-0.4500,1.0345,180.3445,359.4177,0.0000,0.0000,0.0000
53.996,486.5822,0.7281,190.0206,0.2510,3.8000,-0.4500,1.0345,180.3445,359.4177,0.0000,0.0000,0.0000
54.107,486.4069,0.7211,189.4529,0.2510,3.8000,-0.4500,1.0345,180.3445,359.4177,0.0000,0.0000,0.0000
54.218,486.1966,0.7133,188.7725,0.2510,3.8000,-0.4500,1.0345,180.3445,359.4177,0.0000,0.0000,0.0000
54.345,485.9866,0.7052,188.0932,0.2510,3.8000,-0.4500,0.9562,180.3453,359.4331,0.0000,0.0000,0.0000
54.454,485.8116,0.6985,187.5270,0.2510,3.8000,-0.4500,0.9562,180.3452,359.4331,0.0000,0.0000,0.0000
54.565,485.6017,0.6898,186.8478,0.2510,3.8000,-0.4500,0.9562,180.3453,359.4331,0.0000,0.0000,0.0000
54.676,485.3917,0.6798,186.1688,0.2510,3.8000,-0.4500,0.9562,180.3453,359.4331,0.0000,0.0000,0.0000
54.787,485.2168,0.6701,185.5992,0.2510,3.8000,-0.4500,0.9562,180.3453,359.4331,0.0000,0.0000,0.0000
54.913,485.0076,0.6563,184.8954,0.2510,3.8000,-0.4500,0.9562,180.3452,359.4331,0.0000,0.0000,0.0000
55.023,484.7934,0.6391,184.2689,0.2510,3.8000,-0.4500,0.8770,180.3460,359.4178,0.0000,0.0000,0.0000
55.135,484.6068,0.6208,183.8603,0.2510,3.8000,-0.4500,0.7228,180.3477,359.3512,0.0000,0.0000,0.0000
55.260,484.3346,0.5914,183.4371,0.2510,3.8000,-0.4500,0.5799,180.3494,359.2743,0.0000,0.0000,0.0000
55.370,484.1440,0.5660,183.0749,0.2510,3.8000,-0.4500,0.4465,180.3512,359.1835,0.0000,0.0000,0.0000
55.495,483.8875,0.5273,182.3952,0.2510,3.8000,-0.4500,0.3218,180.3531,359.0788,0.0000,0.0000,0.0000
55.607,483.7080,0.4958,181.8380,0.2510,3.8000,-0.4500,0.2045,180.3550,358.9635,0.0000,0.0000,0.0000
55.718,483.4945,0.4566,181.1393,0.2510,3.8000,-0.4500,0.1539,180.3560,358.8931,0.0000,0.0000,0.0000
55.828,483.3159,0.4176,180.5520,0.2510,3.8000,-0.4500,0.0090,180.3590,358.6796,0.0000,0.0000,0.0000
55.953,483.1030,0.3715,179.8356,0.2510,3.8000,-0.4500,359.9702,180.3599,358.6043,0.0000,0.0000,0.0000
56.069,482.8867,0.3182,179.1589,0.2510,3.8000,-0.4500,359.8586,180.3629,358.3779,0.0000,0.0000,0.0000
56.176,482.6619,0.2614,178.6171,0.2510,3.8000,-0.4500,359.7935,180.3648,358.2266,0.0000,0.0000,0.0000
56.300,482.4261,0.1968,178.2276,0.2510,3.8000,-0.4500,359.6938,180.3681,358.0021,0.0000,0.0000,0.0000
56.412,482.2227,0.1402,178.0017,0.2510,3.8000,-0.4500,359.6543,180.3695,357.9290,0.0000,0.0000,0.0000
56.523,481.9719,0.0645,177.8155,0.2510,3.8000,-0.4500,359.5717,180.3726,357.7822,0.0000,0.0000,0.0000
56.647,481.7160,-0.0196,177.6872,0.2510,3.8000,-0.4500,359.4282,180.3784,357.5727,0.0000,0.0000,0.0000
56.758,481.4578,-0.1101,177.6023,0.2510,3.8000,-0.4500,359.2693,180.3854,357.3818,0.0000,0.0000,0.0000
56.870,481.2422,-0.1902,177.5871,0.2510,3.8000,-0.4500,359.1555,180.3907,357.2596,0.0000,0.0000,0.0000
56.994,480.9827,-0.2949,177.6125,0.2510,3.8000,-0.4500,358.9009,180.4035,357.0345,0.0000,0.0000,0.0000
57.107,480.7243,-0.4010,177.6652,0.2510,3.8000,-0.4500,358.8394,180.4067,356.9833,0.0000,0.0000,0.0000
57.230,480.4659,-0.5152,177.7355,0.2510,3.8000,-0.4500,358.6329,180.4178,356.8449,0.0000,0.0000,0.0000
57.341,480.2081,-0.6311,177.8153,0.2510,3.8000,-0.4500,358.5603,180.4218,356.8042,0.0000,0.0000,0.0000
57.466,479.9507,-0.7504,177.9015,0.2510,3.8000,-0.4500,358.4868,180.4260,356.7639,0.0000,0.0000,0.0000
57.578,479.6940,-0.8745,177.9747,0.2510,3.8000,-0.4500,358.2575,180.4391,356.6602,0.0000,0.0000,0.0000
57.689,479.4892,-0.9701,177.8658,0.2510,3.8000,-0.4500,358.2575,180.4391,356.6602,0.0000,0.0000,0.0000
57.800,479.2573,-1.0727,177.4772,0.2510,3.8000,-0.4500,358.2575,180.4392,356.6602,0.0000,0.0000,0.0000
57.925,479.0347,-1.1650,176.9128,0.2510,3.8000,-0.4500,358.2575,180.4392,356.6602,0.0000,0.0000,0.0000
58.036,478.8163,-1.2509,176.2637,0.2510,3.8000,-0.4500,358.2575,180.4392,356.6602,0.0000,0.0000,0.0000
58.147,478.6358,-1.3194,175.6973,0.2510,3.8000,-0.4500,358.2575,180.4392,356.6602,0.0000,0.0000,0.0000
58.258,478.4152,-1.4021,175.0908,0.2510,3.8000,-0.4500,358.2575,180.4392,356.6602,0.0000,0.0000,0.0000
58.383,478.1854,-1.4890,174.6284,0.2510,3.8000,-0.4500,358.2575,180.4392,356.6602,0.0000,0.0000,0.0000
58.494,477.9867,-1.5646,174.3502,0.2510,3.8000,-0.4500,358.2575,180.4392,356.6602,0.0000,0.0000,0.0000
58.606,477.7416,-1.6576,174.1120,0.2510,3.8000,-0.4500,358.2575,180.4392,356.6602,0.0000,0.0000,0.0000
58.716,477.4917,-1.7508,173.9422,0.2510,3.8000,-0.4500,358.2575,180.4392,356.6602,0.0000,0.0000,0.0000
58.827,477.2814,-1.8269,173.8317,0.2510,3.8000,-0.4500,358.2575,180.4392,356.6602,0.0000,0.0000,0.0000
58.939,477.0287,-1.9125,173.7298,0.2510,3.8000,-0.4500,358.1108,180.4475,356.8657,0.0000,0.0000,0.0000
59.063,476.7745,-1.9966,173.7065,0.2510,3.8000,-0.4500,358.0819,180.4491,356.9443,0.0000,0.0000,0.0000
59.188,476.5202,-2.0754,173.7352,0.2510,3.8000,-0.4500,358.0305,180.4517,357.1055,0.0000,0.0000,0.0000
59.300,476.2691,-2.1431,173.7508,0.2510,3.8000,-0.4500,357.9860,180.4538,357.5238,0.0000,0.0000,0.0000
59.411,476.0691,-2.1932,173.5736,0.2510,3.8000,-0.4500,357.9915,180.4536,357.6069,0.0000,0.0000,0.0000
59.522,475.8441,-2.2350,173.1292,0.2510,3.8000,-0.4500,358.0255,180.4523,357.9373,0.0000,0.0000,0.0000
59.648,475.6276,-2.2666,172.5345,0.2510,3.8000,-0.4500,358.0736,180.4507,358.1825,0.0000,0.0000,0.0000
59.758,475.4143,-2.2919,171.8838,0.2510,3.8000,-0.4500,358.1101,180.4495,358.3412,0.0000,0.0000,0.0000
59.883,475.1971,-2.3132,171.3108,0.2510,3.8000,-0.4500,358.1508,180.4484,358.5007,0.0000,0.0000,0.0000
59.994,475.0109,-2.3258,170.9383,0.2510,3.8000,-0.4500,358.2419,180.4463,358.8273,0.0000,0.0000,0.0000
60.105,474.7885,-2.3411,170.4637,0.2510,3.8000,-0.4500,358.2863,180.4455,358.9852,0.0000,0.0000,0.0000
60.205,474.6104,-2.3454,169.9712,0.2510,3.8000,-0.4500,358.3553,180.4444,359.2316,0.0000,0.0000,0.0000
60.314,474.4362,-2.3447,169.4202,0.2510,3.8000,-0.4500,358.4235,180.4436,359.4762,0.0000,0.0000,0.0000
60.425,474.2263,-2.3417,168.7792,0.2510,3.8000,-0.4500,358.4672,180.4433,359.6333,0.0000,0.0000,0.0000
60.536,474.0107,-2.3325,168.2608,0.2510,3.8000,-0.4500,358.5562,180.4430,359.9628,0.0000,0.0000,0.0000
60.648,473.8231,-2.3253,167.9433,0.2510,3.8000,-0.4500,358.5963,180.4430,0.1231,0.0000,0.0000,0.0000
60.758,473.5899,-2.3134,167.6833,0.2510,3.8000,-0.4500,358.6518,180.4432,0.3601,0.0000,0.0000,0.0000
60.882,473.3500,-2.2982,167.5219,0.2510,3.8000,-0.4500,358.6967,180.4436,0.6009,0.0000,0.0000,0.0000
61.008,473.1062,-2.2807,167.4141,0.2510,3.8000,-0.4500,358.7217,180.4439,0.7605,0.0000,0.0000,0.0000
61.121,472.8757,-2.2551,167.1517,0.2510,3.8000,-0.4500,358.7491,180.4443,1.0054,0.0000,0.0000,0.0000
61.229,472.6909,-2.2275,166.8551,0.2510,3.8000,-0.4500,358.7678,180.4447,1.2536,0.0000,0.0000,0.0000
61.341,472.4688,-2.1971,166.7787,0.2510,3.8000,-0.4500,358.7737,180.4448,1.4229,0.0000,0.0000,0.0000
61.453,472.2872,-2.1731,166.9059,0.2510,3.8000,-0.4500,358.7766,180.4449,1.5896,0.0000,0.0000,0.0000
61.563,472.0677,-2.1432,167.1241,0.2510,3.8000,-0.4500,358.7531,180.4442,1.8427,0.0000,0.0000,0.0000
61.690,471.8432,-2.1145,167.3397,0.2510,3.8000,-0.4500,358.7432,180.4438,1.9244,0.0000,0.0000,0.0000
61.800,471.6166,-2.0801,167.5308,0.2510,3.8000,-0.4500,358.6650,180.4410,2.2457,0.0000,0.0000,0.0000
61.910,471.4247,-2.0538,167.6373,0.2510,3.8000,-0.4500,358.6650,180.4410,2.2457,0.0000,0.0000,0.0000
62.035,471.2065,-2.0119,167.4982,0.2510,3.8000,-0.4500,358.5757,180.4373,2.4762,0.0000,0.0000,0.0000
62.149,471.0004,-1.9638,167.0777,0.2510,3.8000,-0.4500,358.5757,180.4373,2.4762,0.0000,0.0000,0.0000
62.273,470.8043,-1.9054,166.4982,0.2510,3.8000,-0.4500,358.4735,180.4326,2.7045,0.0000,0.0000,0.0000
62.396,470.5764,-1.8350,165.7782,0.2510,3.8000,-0.4500,358.4407,180.4311,2.7785,0.0000,0.0000,0.0000
62.522,470.3736,-1.7752,165.2790,0.2510,3.8000,-0.4500,358.4080,180.4295,2.8520,0.0000,0.0000,0.0000
62.633,470.1963,-1.7276,164.9808,0.2510,3.8000,-0.4500,358.3717,180.4276,2.9267,0.0000,0.0000,0.0000
62.745,469.9747,-1.6740,164.7394,0.2510,3.8000,-0.4500,358.3349,180.4257,3.0011,0.0000,0.0000,0.0000
62.855,469.7918,-1.6294,164.5259,0.2510,3.8000,-0.4500,358.2486,180.4211,3.1428,0.0000,0.0000,0.0000
62.966,469.5842,-1.5729,164.0879,0.2510,3.8000,-0.4500,358.2486,180.4211,3.1428,0.0000,0.0000,0.0000
63.078,469.3867,-1.5107,163.5027,0.2510,3.8000,-0.4500,358.2486,180.4211,3.1428,0.0000,0.0000,0.0000
63.203,469.1920,-1.4449,162.9056,0.2510,3.8000,-0.4500,358.1476,180.4154,3.2798,0.0000,0.0000,0.0000
63.314,469.0242,-1.3931,162.4870,0.2510,3.8000,-0.4500,358.1476,180.4154,3.2798,0.0000,0.0000,0.0000
63.424,468.8141,-1.3351,162.1095,0.2510,3.8000,-0.4500,358.1476,180.4154,3.2798,0.0000,0.0000,0.0000
63.536,468.5963,-1.2807,161.8474,0.2510,3.8000,-0.4500,358.0347,180.4088,3.4059,0.0000,0.0000,0.0000
63.661,468.3716,-1.2317,161.6626,0.2510,3.8000,-0.4500,358.0347,180.4088,3.4059,0.0000,0.0000,0.0000
63.772,468.1818,-1.1931,161.5460,0.2510,3.8000,-0.4500,357.9700,180.4049,3.4603,0.0000,0.0000,0.0000
63.882,467.9524,-1.1492,161.4493,0.2510,3.8000,-0.4500,357.8419,180.3971,3.5652,0.0000,0.0000,0.0000
63.994,467.7595,-1.1173,161.4389,0.2510,3.8000,-0.4500,357.8419,180.3971,3.5652,0.0000,0.0000,0.0000
64.118,467.4884,-1.0777,161.4897,0.2510,3.8000,-0.4500,357.8419,180.3971,3.5652,0.0000,0.0000,0.0000
64.229,467.2950,-1.0518,161.5530,0.2510,3.8000,-0.4500,357.6953,180.3878,3.6448,0.0000,0.0000,0.0000
64.355,467.0540,-1.0995,161.6417,0.2510,3.8000,-0.4500,357.5045,180.3760,3.3666,0.0000,0.0000,0.0000
64.466,466.7970,-1.1840,161.7337,0.2510,3.8000,-0.4500,357.2176,180.3624,1.7456,0.0000,0.0000,0.0000
64.591,466.5362,-1.3178,161.6659,0.2510,3.8000,-0.4500,357.0602,180.3605,359.2785,0.0000,0.0000,0.0000
64.703,466.2946,-1.4695,161.3072,0.2510,3.8000,-0.4500,356.9873,180.3625,357.4539,0.0000,0.0000,0.0000
64.813,466.1057,-1.5756,160.8580,0.2510,3.8000,-0.4500,356.9566,180.3641,356.6732,0.0000,0.0000,0.0000
64.924,465.8872,-1.6834,160.2279,0.2510,3.8000,-0.4500,356.9488,180.3646,356.4877,0.0000,0.0000,0.0000
65.049,465.6710,-1.7834,159.5558,0.2510,3.8000,-0.4500,356.9488,180.3646,356.4877,0.0000,0.0000,0.0000
65.163,465.4549,-1.8805,158.8712,0.2510,3.8000,-0.4500,356.9488,180.3646,356.4877,0.0000,0.0000,0.0000
65.271,465.2746,-1.9597,158.2998,0.2510,3.8000,-0.4500,356.9488,180.3646,356.4877,0.0000,0.0000,0.0000
65.383,465.0583,-2.0531,157.6126,0.2510,3.8000,-0.4500,356.9488,180.3646,356.4877,0.0000,0.0000,0.0000
65.494,464.8788,-2.1289,157.0241,0.2510,3.8000,-0.4500,356.9488,180.3646,356.4877,0.0000,0.0000,0.0000
65.605,464.6597,-2.2210,156.3837,0.2510,3.8000,-0.4500,356.9488,180.3646,356.4877,0.0000,0.0000,0.0000
65.716,464.4321,-2.3188,155.8823,0.2510,3.8000,-0.4500,356.9488,180.3646,356.4877,0.0000,0.0000,0.0000
65.827,464.2415,-2.4018,155.4849,0.2510,3.8000,-0.4500,356.9488,180.3646,356.4877,0.0000,0.0000,0.0000
65.953,464.0192,-2.4946,154.8999,0.2510,3.8000,-0.4500,356.9488,180.3646,356.4877,0.0000,0.0000,0.0000
66.063,463.8017,-2.5803,154.2364,0.2510,3.8000,-0.4500,356.9488,180.3646,356.4877,0.0000,0.0000,0.0000
66.174,463.6194,-2.6496,153.7071,0.2510,3.8000,-0.4500,356.9488,180.3646,356.4877,0.0000,0.0000,0.0000
66.300,463.3551,-2.7493,153.1194,0.2510,3.8000,-0.4500,356.9488,180.3646,356.4877,0.0000,0.0000,0.0000
66.410,463.1586,-2.8231,152.8164,0.2510,3.8000,-0.4500,356.9488,180.3646,356.4877,0.0000,0.0000,0.0000
66.521,462.9159,-2.9128,152.5545,0.2510,3.8000,-0.4500,356.9488,180.3646,356.4877,0.0000,0.0000,0.0000
66.648,462.6690,-2.9949,152.3678,0.2510,3.8000,-0.4500,357.1445,180.3531,356.7633,0.0000,0.0000,0.0000
66.758,462.4184,-3.0749,152.2287,0.2510,3.8000,-0.4500,357.2917,180.3450,356.9824,0.0000,0.0000,0.0000
66.868,462.2080,-3.1368,152.1355,0.2510,3.8000,-0.4500,357.4323,180.3379,357.1933,0.0000,0.0000,0.0000
66.995,461.9540,-3.2059,152.0553,0.2510,3.8000,-0.4500,357.5780,180.3310,357.4128,0.0000,0.0000,0.0000
67.105,461.6996,-3.2674,152.0423,0.2510,3.8000,-0.4500,357.7674,180.3229,357.6957,0.0000,0.0000,0.0000
67.219,461.4446,-3.3208,152.0662,0.2510,3.8000,-0.4500,357.9609,180.3156,357.9753,0.0000,0.0000,0.0000
67.335,461.1891,-3.3648,152.1060,0.2510,3.8000,-0.4500,358.1587,180.3091,358.2545,0.0000,0.0000,0.0000
67.437,460.9767,-3.3908,152.1425,0.2510,3.8000,-0.4500,358.4095,180.3022,358.5952,0.0000,0.0000,0.0000
67.548,460.7632,-3.4126,152.1786,0.2510,3.8000,-0.4500,358.5575,180.2988,358.7915,0.0000,0.0000,0.0000
67.659,460.5081,-3.4245,152.2171,0.2510,3.8000,-0.4500,358.8672,180.2933,359.1883,0.0000,0.0000,0.0000
67.770,460.2948,-3.4289,152.2447,0.2510,3.8000,-0.4500,359.0220,180.2914,359.3816,0.0000,0.0000,0.0000
67.882,460.0492,-3.4193,152.1477,0.2510,3.8000,-0.4500,359.3491,180.2890,359.7804,0.0000,0.0000,0.0000
67.994,459.8586,-3.4069,151.8561,0.2510,3.8000,-0.4500,359.5048,180.2887,359.9680,0.0000,0.0000,0.0000
68.104,459.6426,-3.3844,151.3215,0.2510,3.8000,-0.4500,359.7174,180.2890,0.2247,0.0000,0.0000,0.0000
68.218,459.4340,-3.3577,150.6820,0.2510,3.8000,-0.4500,359.8746,180.2899,0.4166,0.0000,0.0000,0.0000
68.328,459.2638,-3.3294,150.1144,0.2510,3.8000,-0.4500,0.0845,180.2919,0.6745,0.0000,0.0000,0.0000
68.437,459.0609,-3.2939,149.4206,0.2510,3.8000,-0.4500,0.2410,180.2940,0.8667,0.0000,0.0000,0.0000
68.549,458.8931,-3.2614,148.8328,0.2510,3.8000,-0.4500,0.3488,180.2958,0.9979,0.0000,0.0000,0.0000
68.662,458.6930,-3.2178,148.1243,0.2510,3.8000,-0.4500,0.5081,180.2988,1.1900,0.0000,0.0000,0.0000
68.784,458.4881,-3.1665,147.5208,0.2510,3.8000,-0.4500,0.7216,180.3037,1.4416,0.0000,0.0000,0.0000
68.896,458.2733,-3.1095,147.0697,0.2510,3.8000,-0.4500,0.8373,180.3067,1.5708,0.0000,0.0000,0.0000
69.022,458.0506,-3.0395,146.7528,0.2510,3.8000,-0.4500,1.0690,180.3136,1.8234,0.0000,0.0000,0.0000
69.131,457.8600,-2.9742,146.5660,0.2510,3.8000,-0.4500,1.2421,180.3194,1.9997,0.0000,0.0000,0.0000
69.245,457.6281,-2.8847,146.4022,0.2510,3.8000,-0.4500,1.5416,180.3306,2.2866,0.0000,0.0000,0.0000
69.382,457.3542,-2.7730,146.2597,0.2510,3.8000,-0.4500,1.7328,180.3385,2.4545,0.0000,0.0000,0.0000
69.507,457.1190,-2.6696,146.1575,0.2510,3.8000,-0.4500,1.8596,180.3441,2.5632,0.0000,0.0000,0.0000
69.618,456.8848,-2.5579,146.0620,0.2510,3.8000,-0.4500,2.0582,180.3533,2.7216,0.0000,0.0000,0.0000
69.743,456.6518,-2.4391,145.9673,0.2510,3.8000,-0.4500,2.3314,180.3667,2.9241,0.0000,0.0000,0.0000
69.854,456.4579,-2.3382,145.8878,0.2510,3.8000,-0.4500,2.4722,180.3741,3.0177,0.0000,0.0000,0.0000
69.979,456.1878,-2.1905,145.7729,0.2510,3.8000,-0.4500,2.7609,180.3898,3.1931,0.0000,0.0000,0.0000
70.104,455.9562,-2.0647,145.6722,0.2510,3.8000,-0.4500,2.7609,180.3898,3.1932,0.0000,0.0000,0.0000
70.215,455.7644,-1.9554,145.5851,0.2510,3.8000,-0.4500,2.9122,180.3983,3.2657,0.0000,0.0000,0.0000
70.325,455.5341,-1.8241,145.4788,0.2510,3.8000,-0.4500,2.9916,180.4028,3.2964,0.0000,0.0000,0.0000
70.450,455.3042,-1.6916,145.3700,0.2510,3.8000,-0.4500,3.0714,180.4075,3.3262,0.0000,0.0000,0.0000
70.550,455.1128,-1.5807,145.2779,0.2510,3.8000,-0.4500,3.1498,180.4121,3.3484,0.0000,0.0000,0.0000
70.661,454.8830,-1.4480,145.1658,0.2510,3.8000,-0.4500,3.2292,180.4167,3.3645,0.0000,0.0000,0.0000
70.770,454.6912,-1.3380,145.0715,0.2510,3.8000,-0.4500,3.3113,180.4216,3.3690,0.0000,0.0000,0.0000
70.881,454.4607,-1.2077,144.9577,0.2510,3.8000,-0.4500,3.3916,180.4263,3.3683,0.0000,0.0000,0.0000
71.006,454.2295,-1.0797,144.8430,0.2510,3.8000,-0.4500,3.5477,180.4354,3.3244,0.0000,0.0000,0.0000
71.120,453.9977,-0.9550,144.7293,0.2510,3.8000,-0.4500,3.5477,180.4354,3.3244,0.0000,0.0000,0.0000
71.231,453.8035,-0.8541,144.6345,0.2510,3.8000,-0.4500,3.6156,180.4394,3.2751,0.0000,0.0000,0.0000
71.340,453.5691,-0.7373,144.5213,0.2510,3.8000,-0.4500,3.7462,180.4467,3.1712,0.0000,0.0000,0.0000
71.452,453.3723,-0.6444,144.4287,0.2510,3.8000,-0.4500,3.8404,180.4519,3.0369,0.0000,0.0000,0.0000
71.562,453.1350,-0.5378,144.3205,0.2510,3.8000,-0.4500,3.9174,180.4559,2.8923,0.0000,0.0000,0.0000
71.673,452.9348,-0.4553,144.2334,0.2510,3.8000,-0.4500,3.9932,180.4595,2.6515,0.0000,0.0000,0.0000
71.784,452.6930,-0.3617,144.1342,0.2510,3.8000,-0.4500,4.0344,180.4614,2.4006,0.0000,0.0000,0.0000
71.909,452.4496,-0.2736,144.0417,0.2510,3.8000,-0.4500,4.0486,180.4620,2.2319,0.0000,0.0000,0.0000
72.034,452.2013,-0.1992,143.9572,0.2510,3.8000,-0.4500,4.0155,180.4609,1.7072,0.0000,0.0000,0.0000
72.147,451.9524,-0.1275,143.8817,0.2510,3.8000,-0.4500,3.9762,180.4598,1.4628,0.0000,0.0000,0.0000
72.270,451.7010,-0.0639,143.8157,0.2510,3.8000,-0.4500,3.9244,180.4586,1.2173,0.0000,0.0000,0.0000
72.382,451.4454,-0.0139,143.7599,0.2510,3.8000,-0.4500,3.7822,180.4562,0.7162,0.0000,0.0000,0.0000
72.492,451.2315,0.0244,143.7207,0.2510,3.8000,-0.4500,3.7010,180.4553,0.4737,0.0000,0.0000,0.0000
72.603,450.9727,0.0616,143.6833,0.2510,3.8000,-0.4500,3.5872,180.4547,0.1589,0.0000,0.0000,0.0000
72.727,450.7112,0.0880,143.6555,0.2510,3.8000,-0.4500,3.4331,180.4548,359.7730,0.0000,0.0000,0.0000
72.853,450.4481,0.1046,143.6319,0.2510,3.8000,-0.4500,3.2650,180.4560,359.3894,0.0000,0.0000,0.0000
72.965,450.1847,0.1131,143.6064,0.2510,3.8000,-0.4500,3.1278,180.4579,359.0948,0.0000,0.0000,0.0000
73.090,449.9202,0.1100,143.5770,0.2510,3.8000,-0.4500,2.9459,180.4613,358.7273,0.0000,0.0000,0.0000
73.214,449.6559,0.0985,143.5417,0.2510,3.8000,-0.4500,2.7894,180.4652,358.4294,0.0000,0.0000,0.0000
73.328,449.3919,0.0790,143.4997,0.2510,3.8000,-0.4500,2.6666,180.4688,358.2061,0.0000,0.0000,0.0000
73.451,449.1280,0.0504,143.4515,0.2510,3.8000,-0.4500,2.5364,180.4732,357.9784,0.0000,0.0000,0.0000
73.575,448.8195,0.0037,143.3877,0.2510,3.8000,-0.4500,2.3104,180.4819,357.6017,0.0000,0.0000,0.0000
73.686,448.5996,-0.0351,143.3365,0.2510,3.8000,-0.4500,2.1707,180.4880,357.3861,0.0000,0.0000,0.0000
73.812,448.3368,-0.0857,143.2689,0.2510,3.8000,-0.4500,2.0752,180.4925,357.2452,0.0000,0.0000,0.0000
73.922,448.0734,-0.1451,143.2431,0.2510,3.8000,-0.4500,1.8775,180.5025,356.9695,0.0000,0.0000,0.0000
74.046,447.8114,-0.2044,143.2660,0.2510,3.8000,-0.4500,1.8219,180.5055,356.9030,0.0000,0.0000,0.0000
74.172,447.5487,-0.2731,143.3186,0.2510,3.8000,-0.4500,1.5970,180.5182,356.6457,0.0000,0.0000,0.0000
74.283,447.2878,-0.3396,143.3874,0.2510,3.8000,-0.4500,1.5970,180.5182,356.6457,0.0000,0.0000,0.0000
74.394,447.0693,-0.4038,143.4546,0.2510,3.8000,-0.4500,1.3375,180.5339,356.4308,0.0000,0.0000,0.0000
74.519,446.7657,-0.4895,143.5551,0.2510,3.8000,-0.4500,1.3375,180.5339,356.4308,0.0000,0.0000,0.0000
74.644,446.5052,-0.5693,143.6476,0.2510,3.8000,-0.4500,1.1888,180.5433,356.3427,0.0000,0.0000,0.0000
74.757,446.2452,-0.6524,143.7435,0.2510,3.8000,-0.4500,1.0446,180.5526,356.2586,0.0000,0.0000,0.0000
74.880,445.9859,-0.7367,143.8416,0.2510,3.8000,-0.4500,1.0446,180.5526,356.2586,0.0000,0.0000,0.0000
75.005,445.7261,-0.8288,143.9435,0.2510,3.8000,-0.4500,0.8302,180.5669,356.1253,0.0000,0.0000,0.0000
75.117,445.4668,-0.9220,144.0468,0.2510,3.8000,-0.4500,0.7646,180.5714,356.0769,0.0000,0.0000,0.0000
75.229,445.2508,-1.0042,144.1352,0.2510,3.8000,-0.4500,0.6370,180.5802,355.9771,0.0000,0.0000,0.0000
75.352,444.9920,-1.1041,144.2427,0.2510,3.8000,-0.4500,0.5802,180.5842,355.9215,0.0000,0.0000,0.0000
75.452,444.7762,-1.1903,144.3337,0.2510,3.8000,-0.4500,0.5261,180.5881,355.8587,0.0000,0.0000,0.0000
75.561,444.5175,-1.2960,144.4449,0.2510,3.8000,-0.4500,0.4729,180.5920,355.7952,0.0000,0.0000,0.0000
75.671,444.3018,-1.3864,144.5390,0.2510,3.8000,-0.4500,0.4303,180.5952,355.7222,0.0000,0.0000,0.0000
75.772,444.0859,-1.4799,144.6349,0.2510,3.8000,-0.4500,0.3499,180.6013,355.5760,0.0000,0.0000,0.0000
75.880,443.8278,-1.5896,144.7518,0.2510,3.8000,-0.4500,0.3499,180.6013,355.5760,0.0000,0.0000,0.0000
75.992,443.6122,-1.6834,144.8506,0.2510,3.8000,-0.4500,0.3294,180.6029,355.4986,0.0000,0.0000,0.0000
76.102,443.3531,-1.7979,144.9706,0.2510,3.8000,-0.4500,0.3121,180.6043,355.3329,0.0000,0.0000,0.0000
76.227,443.0948,-1.9095,145.0929,0.2510,3.8000,-0.4500,0.3121,180.6043,355.3329,0.0000,0.0000,0.0000
76.352,442.8356,-2.0236,145.2170,0.2510,3.8000,-0.4500,0.3342,180.6024,355.1706,0.0000,0.0000,0.0000
76.477,442.5334,-2.1550,145.3646,0.2510,3.8000,-0.4500,0.3790,180.5986,355.0163,0.0000,0.0000,0.0000
76.589,442.3184,-2.2462,145.4725,0.2510,3.8000,-0.4500,0.3790,180.5986,355.0163,0.0000,0.0000,0.0000
76.700,442.0594,-2.3561,145.6033,0.2510,3.8000,-0.4500,0.4592,180.5915,354.8741,0.0000,0.0000,0.0000
76.825,441.8010,-2.4632,145.7367,0.2510,3.8000,-0.4500,0.5044,180.5874,354.8050,0.0000,0.0000,0.0000
76.935,441.5421,-2.5686,145.8717,0.2510,3.8000,-0.4500,0.6159,180.5771,354.6835,0.0000,0.0000,0.0000
77.060,441.2835,-2.6707,146.0092,0.2510,3.8000,-0.4500,0.6805,180.5711,354.6315,0.0000,0.0000,0.0000
77.185,441.0249,-2.7704,146.1483,0.2510,3.8000,-0.4500,0.8109,180.5587,354.5318,0.0000,0.0000,0.0000
77.297,440.7666,-2.8667,146.2895,0.2510,3.8000,-0.4500,0.8826,180.5518,354.4955,0.0000,0.0000,0.0000
77.407,440.5511,-2.9446,146.4081,0.2510,3.8000,-0.4500,0.9551,180.5448,354.4613,0.0000,0.0000,0.0000
77.521,440.2924,-3.0349,146.5509,0.2510,3.8000,-0.4500,1.1082,180.5299,354.4112,0.0000,0.0000,0.0000
77.629,440.0772,-3.1080,146.6716,0.2510,3.8000,-0.4500,1.1082,180.5299,354.4112,0.0000,0.0000,0.0000
77.740,439.8183,-3.1915,146.8152,0.2510,3.8000,-0.4500,1.3519,180.5060,354.3733,0.0000,0.0000,0.0000
77.866,439.5598,-3.2730,146.9609,0.2510,3.8000,-0.4500,1.3519,180.5060,354.3733,0.0000,0.0000,0.0000
77.977,439.3010,-3.3505,147.1063,0.2510,3.8000,-0.4500,1.4310,180.4982,354.3758,0.0000,0.0000,0.0000
78.088,439.0854,-3.4124,147.2274,0.2510,3.8000,-0.4500,1.5105,180.4904,354.3841,0.0000,0.0000,0.0000
78.199,438.8265,-3.4836,147.3727,0.2510,3.8000,-0.4500,1.5890,180.4827,354.3981,0.0000,0.0000,0.0000
78.324,438.5677,-3.5514,147.5174,0.2510,3.8000,-0.4500,1.6681,180.4749,354.4219,0.0000,0.0000,0.0000
78.434,438.3520,-3.6052,147.6375,0.2510,3.8000,-0.4500,1.7467,180.4672,354.4469,0.0000,0.0000,0.0000
78.560,438.0500,-3.6771,147.8049,0.2510,3.8000,-0.4500,1.8196,180.4602,354.4802,0.0000,0.0000,0.0000
78.686,437.7909,-3.7350,147.9472,0.2510,3.8000,-0.4500,1.8901,180.4534,354.5176,0.0000,0.0000,0.0000
78.796,437.5320,-3.7896,148.0883,0.2510,3.8000,-0.4500,1.9575,180.4469,354.5614,0.0000,0.0000,0.0000
78.923,437.2732,-3.8395,148.2275,0.2510,3.8000,-0.4500,2.0872,180.4347,354.6668,0.0000,0.0000,0.0000
79.032,437.0576,-3.8781,148.3421,0.2510,3.8000,-0.4500,2.2011,180.4242,354.7795,0.0000,0.0000,0.0000
79.143,436.7983,-3.9250,148.4784,0.2510,3.8000,-0.4500,2.2011,180.4242,354.7796,0.0000,0.0000,0.0000
79.255,436.5829,-3.9571,148.5894,0.2510,3.8000,-0.4500,2.3469,180.4111,354.9719,0.0000,0.0000,0.0000
79.379,436.2805,-4.0031,148.7429,0.2510,3.8000,-0.4500,2.3883,180.4075,355.0396,0.0000,0.0000,0.0000
79.490,436.0645,-4.0328,148.8503,0.2510,3.8000,-0.4500,2.4283,180.4040,355.1082,0.0000,0.0000,0.0000
79.601,435.8055,-4.0640,148.9763,0.2510,3.8000,-0.4500,2.5025,180.3977,355.2571,0.0000,0.0000,0.0000
79.714,435.5895,-4.0885,149.0790,0.2510,3.8000,-0.4500,2.5362,180.3950,355.3296,0.0000,0.0000,0.0000
79.824,435.3303,-4.1136,149.1989,0.2510,3.8000,-0.4500,2.5978,180.3900,355.4750,0.0000,0.0000,0.0000
79.936,435.0711,-4.1360,149.2787,0.2510,3.8000,-0.4500,2.6540,180.3856,355.6260,0.0000,0.0000,0.0000
80.046,434.8551,-4.1565,149.2706,0.2510,3.8000,-0.4500,2.6815,180.3835,355.7033,0.0000,0.0000,0.0000
80.158,434.5972,-4.1761,149.2097,0.2510,3.8000,-0.4500,2.7755,180.3767,356.0186,0.0000,0.0000,0.0000
80.269,434.3809,-4.1961,149.1379,0.2510,3.8000,-0.4500,2.7755,180.3767,356.0186,0.0000,0.0000,0.0000
80.380,434.1227,-4.2127,149.0374,0.2510,3.8000,-0.4500,2.8269,180.3732,356.2650,0.0000,0.0000,0.0000
80.491,433.9068,-4.2262,148.9491,0.2510,3.8000,-0.4500,2.8412,180.3723,356.3471,0.0000,0.0000,0.0000
80.602,433.6484,-4.2361,148.8416,0.2510,3.8000,-0.4500,2.8824,180.3698,356.5911,0.0000,0.0000,0.0000
80.726,433.3892,-4.2447,148.7358,0.2510,3.8000,-0.4500,2.8950,180.3690,356.6753,0.0000,0.0000,0.0000
80.837,433.1309,-4.2457,148.6322,0.2510,3.8000,-0.4500,2.9328,180.3669,356.9269,0.0000,0.0000,0.0000
80.950,432.9149,-4.2454,148.5488,0.2510,3.8000,-0.4500,2.9462,180.3662,357.0105,0.0000,0.0000,0.0000
81.059,432.6565,-4.2380,148.4519,0.2510,3.8000,-0.4500,2.9873,180.3642,357.2597,0.0000,0.0000,0.0000
81.171,432.4399,-4.2322,148.3748,0.2510,3.8000,-0.4500,2.9873,180.3642,357.2597,0.0000,0.0000,0.0000
81.297,432.1390,-4.2121,148.2704,0.2510,3.8000,-0.4500,3.0558,180.3611,357.5973,0.0000,0.0000,0.0000
81.407,431.9235,-4.1952,148.1997,0.2510,3.8000,-0.4500,3.0954,180.3595,357.7589,0.0000,0.0000,0.0000
81.520,431.6643,-4.1729,148.1190,0.2510,3.8000,-0.4500,3.1157,180.3587,357.8389,0.0000,0.0000,0.0000
81.628,431.4494,-4.1471,148.0543,0.2510,3.8000,-0.4500,3.1849,180.3562,358.0739,0.0000,0.0000,0.0000
81.753,431.1909,-4.1142,147.9807,0.2510,3.8000,-0.4500,3.2395,180.3544,358.2322,0.0000,0.0000,0.0000
81.868,430.9322,-4.0781,147.9114,0.2510,3.8000,-0.4500,3.2672,180.3536,358.3105,0.0000,0.0000,0.0000
81.976,430.6745,-4.0340,147.8449,0.2510,3.8000,-0.4500,3.3623,180.3510,358.5446,0.0000,0.0000,0.0000
82.086,430.4596,-3.9944,147.7925,0.2510,3.8000,-0.4500,3.4312,180.3493,358.6949,0.0000,0.0000,0.0000
82.200,430.2012,-3.9447,147.7336,0.2510,3.8000,-0.4500,3.4659,180.3486,358.7689,0.0000,0.0000,0.0000
82.309,429.9865,-3.8978,147.6864,0.2510,3.8000,-0.4500,3.5453,180.3470,358.9189,0.0000,0.0000,0.0000
82.421,429.7285,-3.8397,147.6331,0.2510,3.8000,-0.4500,3.5854,180.3462,358.9914,0.0000,0.0000,0.0000
82.545,429.4719,-3.7724,147.5816,0.2510,3.8000,-0.4500,3.7575,180.3436,359.2758,0.0000,0.0000,0.0000
82.670,429.2139,-3.7070,147.5350,0.2510,3.8000,-0.4500,3.7575,180.3436,359.2757,0.0000,0.0000,0.0000
82.795,428.9568,-3.6344,147.4899,0.2510,3.8000,-0.4500,3.8554,180.3425,359.4169,0.0000,0.0000,0.0000
82.920,428.6577,-3.5422,147.4393,0.2510,3.8000,-0.4500,4.0572,180.3409,359.6867,0.0000,0.0000,0.0000
83.031,428.4432,-3.4778,147.4068,0.2510,3.8000,-0.4500,4.0572,180.3409,359.6867,0.0000,0.0000,0.0000
83.156,428.1435,-3.3820,147.3633,0.2510,3.8000,-0.4500,4.1110,180.3407,359.7495,0.0000,0.0000,0.0000
83.281,427.8872,-3.2950,147.3266,0.2510,3.8000,-0.4500,4.2238,180.3403,359.8754,0.0000,0.0000,0.0000
83.405,427.6307,-3.2068,147.2918,0.2510,3.8000,-0.4500,4.2789,180.3402,359.9361,0.0000,0.0000,0.0000
83.516,427.3739,-3.1177,147.2585,0.2510,3.8000,-0.4500,4.2789,180.3402,359.9361,0.0000,0.0000,0.0000
83.628,427.1609,-3.0392,147.2300,0.2510,3.8000,-0.4500,4.3954,180.3402,0.0489,0.0000,0.0000,0.0000
83.741,426.9045,-2.9469,147.1970,0.2510,3.8000,-0.4500,4.3954,180.3402,0.0489,0.0000,0.0000,0.0000
83.850,426.6909,-2.8691,147.1696,0.2510,3.8000,-0.4500,4.3954,180.3402,0.0489,0.0000,0.0000,0.0000
83.961,426.4347,-2.7750,147.1366,0.2510,3.8000,-0.4500,4.3954,180.3402,0.0489,0.0000,0.0000,0.0000
84.072,426.2219,-2.6935,147.1078,0.2510,3.8000,-0.4500,4.5276,180.3404,0.1488,0.0000,0.0000,0.0000
84.185,425.9659,-2.5991,147.0740,0.2510,3.8000,-0.4500,4.5276,180.3404,0.1488,0.0000,0.0000,0.0000
84.294,425.7525,-2.5207,147.0456,0.2510,3.8000,-0.4500,4.5276,180.3404,0.1488,0.0000,0.0000,0.0000
84.408,425.4963,-2.4275,147.0114,0.2510,3.8000,-0.4500,4.5276,180.3404,0.1488,0.0000,0.0000,0.0000
84.531,425.2399,-2.3357,146.9773,0.2510,3.8000,-0.4500,4.5276,180.3404,0.1488,0.0000,0.0000,0.0000
84.642,424.9833,-2.2458,146.9432,0.2510,3.8000,-0.4500,4.5276,180.3404,0.1488,0.0000,0.0000,0.0000
84.753,424.7692,-2.1728,146.9149,0.2510,3.8000,-0.4500,4.5276,180.3404,0.1488,0.0000,0.0000,0.0000
84.864,424.5119,-2.0880,146.8812,0.2510,3.8000,-0.4500,4.5276,180.3404,0.1488,0.0000,0.0000,0.0000
84.976,424.2542,-2.0067,146.8479,0.2510,3.8000,-0.4500,4.5276,180.3404,0.1488,0.0000,0.0000,0.0000
85.086,424.0390,-1.9420,146.8205,0.2510,3.8000,-0.4500,4.5276,180.3404,0.1488,0.0000,0.0000,0.0000
85.211,423.7802,-1.8682,146.7880,0.2510,3.8000,-0.4500,4.5276,180.3404,0.1488,0.0000,0.0000,0.0000
85.336,423.4771,-1.7889,146.7505,0.2510,3.8000,-0.4500,4.5739,180.3405,0.0839,0.0000,0.0000,0.0000
85.447,423.2586,-1.7390,146.7241,0.2510,3.8000,-0.4500,4.6817,180.3405,359.8580,0.0000,0.0000,0.0000
85.560,422.9976,-1.6800,146.6933,0.2510,3.8000,-0.4500,4.6817,180.3405,359.8580,0.0000,0.0000,0.0000
85.669,422.7773,-1.6404,146.6677,0.2510,3.8000,-0.4500,4.7406,180.3401,359.5226,0.0000,0.0000,0.0000
85.781,422.5144,-1.5929,146.6349,0.2510,3.8000,-0.4500,4.7422,180.3401,359.4413,0.0000,0.0000,0.0000
85.908,422.2505,-1.5525,146.5996,0.2510,3.8000,-0.4500,4.7417,180.3401,359.2774,0.0000,0.0000,0.0000
86.017,421.9853,-1.5209,146.5615,0.2510,3.8000,-0.4500,4.7040,180.3407,358.9478,0.0000,0.0000,0.0000
86.128,421.7659,-1.4938,146.5257,0.2510,3.8000,-0.4500,4.7040,180.3407,358.9478,0.0000,0.0000,0.0000
86.238,421.5006,-1.4709,146.4803,0.2510,3.8000,-0.4500,4.6513,180.3418,358.7037,0.0000,0.0000,0.0000
86.363,421.2357,-1.4515,146.4305,0.2510,3.8000,-0.4500,4.6115,180.3428,358.5419,0.0000,0.0000,0.0000
86.474,421.0144,-1.4411,146.3863,0.2510,3.8000,-0.4500,4.5433,180.3447,358.3067,0.0000,0.0000,0.0000
86.600,420.7061,-1.4267,146.3188,0.2510,3.8000,-0.4500,4.5189,180.3454,358.2297,0.0000,0.0000,0.0000
86.711,420.4851,-1.4217,146.2679,0.2510,3.8000,-0.4500,4.4690,180.3470,358.0762,0.0000,0.0000,0.0000
86.835,420.2206,-1.4169,146.2031,0.2510,3.8000,-0.4500,4.4434,180.3479,358.0013,0.0000,0.0000,0.0000
86.960,419.9113,-1.4165,146.1245,0.2510,3.8000,-0.4500,4.3896,180.3499,357.8489,0.0000,0.0000,0.0000
87.071,419.6910,-1.4161,146.0656,0.2510,3.8000,-0.4500,4.3896,180.3499,357.8489,0.0000,0.0000,0.0000
87.196,419.3818,-1.4210,145.9814,0.2510,3.8000,-0.4500,4.3349,180.3520,357.6984,0.0000,0.0000,0.0000
87.296,419.1617,-1.4235,145.9188,0.2510,3.8000,-0.4500,4.3349,180.3520,357.6984,0.0000,0.0000,0.0000
87.407,418.9416,-1.4269,145.8552,0.2510,3.8000,-0.4500,4.3349,180.3520,357.6984,0.0000,0.0000,0.0000
87.530,418.6773,-1.4314,145.7782,0.2510,3.8000,-0.4500,4.3349,180.3520,357.6984,0.0000,0.0000,0.0000
87.654,418.4131,-1.4360,145.7007,0.2510,3.8000,-0.4500,4.3348,180.3520,357.6984,0.0000,0.0000,0.0000
87.780,418.1049,-1.4410,145.6099,0.2510,3.8000,-0.4500,4.3348,180.3520,357.6984,0.0000,0.0000,0.0000
87.905,417.8406,-1.4446,145.5320,0.2510,3.8000,-0.4500,4.3348,180.3520,357.6985,0.0000,0.0000,0.0000
88.017,417.5764,-1.4471,145.4539,0.2510,3.8000,-0.4500,4.3348,180.3520,357.6985,0.0000,0.0000,0.0000
88.140,417.5478,-1.4255,145.4277,0.2510,3.8000,-0.4500,3.9157,182.6669,355.2769,0.0000,0.0000,0.0000
88.252,417.5403,-1.3764,145.4166,0.2510,3.8000,-0.4500,3.4532,183.5750,353.8666,0.0000,0.0000,0.0000
88.363,417.5279,-1.3657,145.4193,0.2510,3.8000,-0.4500,2.7373,183.4214,352.4069,0.0000,0.0000,0.0000
88.474,417.5125,-1.3925,145.4301,0.2510,3.8000,-0.4500,2.0281,182.3620,351.3206,0.0000,0.0000,0.0000
88.599,417.4932,-1.4456,145.4638,0.2510,3.8000,-0.4500,1.0117,180.0713,350.0753,0.0000,0.0000,0.0000
88.710,417.4650,-1.4806,145.4107,0.2510,3.8000,-0.4500,0.5517,178.6018,349.6940,0.0000,0.0000,0.0000
88.836,417.4013,-1.5218,145.1413,0.2510,3.8000,-0.4500,0.0644,176.3706,349.6961,0.0000,0.0000,0.0000
88.948,417.3509,-1.5397,144.8676,0.2510,3.8000,-0.4500,359.7618,174.7833,349.7979,0.0000,0.0000,0.0000
89.059,417.2884,-1.5476,144.4837,0.2510,3.8000,-0.4500,359.4237,172.8902,349.9624,0.0000,0.0000,0.0000
89.171,417.2361,-1.5455,144.1299,0.2510,3.8000,-0.4500,359.1576,171.3233,350.1199,0.0000,0.0000,0.0000
89.282,417.1784,-1.5290,143.6628,0.2510,3.8000,-0.4500,358.8551,169.4563,350.3261,0.0000,0.0000,0.0000
89.391,417.1449,-1.4926,143.1663,0.2510,3.8000,-0.4500,358.6169,167.9116,350.5095,0.0000,0.0000,0.0000
89.516,417.1115,-1.4358,142.3316,0.2510,3.8000,-0.4500,358.3067,165.7657,350.7791,0.0000,0.0000,0.0000
89.628,417.0899,-1.4032,141.7245,0.2510,3.8000,-0.4500,358.1020,164.2446,350.9792,0.0000,0.0000,0.0000
89.752,417.0623,-1.3757,141.0485,0.2510,3.8000,-0.4500,357.8733,162.4322,351.2272,0.0000,0.0000,0.0000
89.877,417.1409,-1.1509,140.8769,0.2510,3.8000,-0.4500,1.6185,167.6529,348.6832,0.0000,0.0000,0.0000
89.988,417.2393,-0.9837,140.7809,0.2510,3.8000,-0.4500,4.1086,174.1060,348.5525,0.0000,0.0000,0.0000
90.099,417.3822,-0.8056,140.6272,0.2510,3.8000,-0.4500,6.5724,184.5021,350.2198,0.0000,0.0000,0.0000
90.224,417.5208,-0.6913,140.4530,0.2510,3.8000,-0.4500,9.1198,197.5502,352.1234,0.0000,0.0000,0.0000
90.337,417.6296,-0.6878,140.5078,0.2510,3.8000,-0.4500,10.3178,210.9447,355.2367,0.0000,0.0000,0.0000
90.446,417.7609,-0.7453,140.8151,0.2510,3.8000,-0.4500,10.7597,222.0881,357.7553,0.0000,0.0000,0.0000
90.560,417.9952,-0.7699,141.4127,0.2510,3.8000,-0.4500,10.7263,235.3841,0.5786,0.0000,0.0000,0.0000
90.668,418.2314,-0.7562,141.9954,0.2510,3.8000,-0.4500,10.2493,246.3705,2.7272,0.0000,0.0000,0.0000
90.780,418.5361,-0.6991,142.6623,0.2510,3.8000,-0.4500,9.1901,259.4108,4.9973,0.0000,0.0000,0.0000
90.891,418.7884,-0.6254,143.0962,0.2510,3.8000,-0.4500,7.9650,270.1451,6.5844,0.0000,0.0000,0.0000
91.003,419.0693,-0.5248,143.3766,0.2510,3.8000,-0.4500,6.1787,282.8663,8.0786,0.0000,0.0000,0.0000
91.113,419.2888,-0.4467,143.3645,0.2510,3.8000,-0.4500,4.5033,293.3443,8.9609,0.0000,0.0000,0.0000
91.225,419.5481,-0.3748,143.0427,0.2510,3.8000,-0.4500,2.3643,305.7938,9.5738,0.0000,0.0000,0.0000
91.336,419.8061,-0.3348,142.4252,0.2510,3.8000,-0.4500,0.1851,318.1398,9.7034,0.0000,0.0000,0.0000
91.448,420.0202,-0.3254,141.7504,0.2510,3.8000,-0.4500,358.4114,328.3744,9.4537,0.0000,0.0000,0.0000
91.559,420.2692,-0.3367,140.8439,0.2510,3.8000,-0.4500,356.4171,340.6190,8.7501,0.0000,0.0000,0.0000
91.671,420.4649,-0.3586,140.0876,0.2510,3.8000,-0.4500,354.9282,350.8090,7.8576,0.0000,0.0000,0.0000
91.782,420.6852,-0.3900,139.2744,0.2510,3.8000,-0.4500,353.4188,3.0323,6.4729,0.0000,0.0000,0.0000
91.893,420.8552,-0.4139,138.7201,0.2510,3.8000,-0.4500,352.4362,13.2154,5.1121,0.0000,0.0000,0.0000
92.019,421.0536,-0.4360,138.2854,0.2510,3.8000,-0.4500,351.5315,27.4538,3.0026,0.0000,0.0000,0.0000
92.129,421.1511,-0.4424,138.2204,0.2510,3.8000,-0.4500,351.2366,37.5948,1.4330,0.0000,0.0000,0.0000
92.242,421.2069,-0.4404,138.4058,0.2510,3.8000,-0.4500,351.2610,49.7088,359.5763,0.0000,0.0000,0.0000
92.353,421.1989,-0.4313,138.7559,0.2510,3.8000,-0.4500,351.5732,59.7418,358.1157,0.0000,0.0000,0.0000
92.475,421.1014,-0.4121,139.4650,0.2510,3.8000,-0.4500,352.3923,73.6743,356.2924,0.0000,0.0000,0.0000
92.586,420.9677,-0.3977,140.0470,0.2510,3.8000,-0.4500,353.1979,83.5387,355.1904,0.0000,0.0000,0.0000
92.712,420.7442,-0.3802,140.7100,0.2510,3.8000,-0.4500,354.3444,95.2807,354.1158,0.0000,0.0000,0.0000
92.836,420.4158,-0.3601,141.3055,0.2510,3.8000,-0.4500,355.8513,108.8573,353.2165,0.0000,0.0000,0.0000
92.947,420.1712,-0.3457,141.5585,0.2510,3.8000,-0.4500,356.9939,118.4825,352.8081,0.0000,0.0000,0.0000
93.073,419.9016,-0.3271,141.6571,0.2510,3.8000,-0.4500,358.3932,129.9639,352.5702,0.0000,0.0000,0.0000
93.185,419.6776,-0.3053,141.5668,0.2510,3.8000,-0.4500,359.7792,141.3811,352.5985,0.0000,0.0000,0.0000
93.308,419.5099,-0.2795,141.3597,0.2510,3.8000,-0.4500,1.1046,152.7453,352.8786,0.0000,0.0000,0.0000
93.420,419.4008,-0.2499,141.1267,0.2510,3.8000,-0.4500,2.3221,164.0664,353.3865,0.0000,0.0000,0.0000
93.530,419.3522,-0.2236,140.9792,0.2510,3.8000,-0.4500,3.2236,173.4729,353.9582,0.0000,0.0000,0.0000
93.641,419.3392,-0.1922,140.9197,0.2510,3.8000,-0.4500,4.1415,184.7302,354.7819,0.0000,0.0000,0.0000
