time_sec,world_x,world_y,world_z,local_x,local_y,local_z,rot_x,rot_y,rot_z
0.089,598.9960,5.3238,250.4500,0.2510,3.8000,-0.4500,0.0000,180.0000,0.0000
0.194,598.9960,5.1807,250.4500,0.2510,3.8000,-0.4500,0.0000,180.0000,0.0000
0.301,598.9960,4.9058,250.4500,0.2510,3.8000,-0.4500,0.0000,180.0000,0.0000
0.413,598.9960,4.5996,250.4500,0.2510,3.8000,-0.4500,0.0000,180.0000,0.0000
0.515,598.9960,4.2304,250.4500,0.2510,3.8000,-0.4500,0.0000,180.0000,0.0000
0.622,598.9960,3.7128,250.4500,0.2510,3.8000,-0.4500,0.0000,180.0000,0.0000
0.722,598.9960,3.2257,250.4500,0.2510,3.8000,-0.4500,0.0000,180.0000,0.0000
0.824,598.9960,2.6929,250.4500,0.2510,3.8000,-0.4500,0.0000,180.0000,0.0000
0.927,598.9959,2.1190,250.4500,0.2510,3.8000,-0.4500,0.0000,180.0000,0.0000
1.036,598.9959,1.5079,250.4500,0.2510,3.8000,-0.4500,0.0000,180.0000,0.0000
1.140,598.9134,0.9998,250.3753,0.2510,3.8000,-0.4500,357.7838,179.9523,2.4557
1.247,598.8450,0.8175,250.3108,0.2510,3.8000,-0.4500,355.7575,179.8264,4.6197
1.365,598.8074,0.7953,250.2696,0.2510,3.8000,-0.4500,354.3897,179.6993,5.9155
1.466,598.7991,0.8805,250.2538,0.2510,3.8000,-0.4500,353.8451,179.6407,6.2497
1.569,598.8005,1.0066,250.2552,0.2510,3.8000,-0.4500,353.8451,179.6407,6.2498
1.683,598.8052,1.1524,250.2515,0.2510,3.8000,-0.4500,353.7284,179.6280,6.1229
1.796,598.8174,1.2352,250.2411,0.2510,3.8000,-0.4500,353.4667,179.6006,5.7374
1.902,598.8327,1.2806,250.2306,0.2510,3.8000,-0.4500,353.2422,179.5788,5.2311
2.009,598.8454,1.2759,250.2225,0.2510,3.8000,-0.4500,353.1055,179.5667,4.7925
2.119,598.8584,1.2410,250.2144,0.2510,3.8000,-0.4500,352.9918,179.5575,4.3396
2.224,598.8741,1.1724,250.2038,0.2510,3.8000,-0.4500,352.8703,179.5488,3.7797
2.334,598.8875,1.1028,250.1942,0.2510,3.8000,-0.4500,352.7770,179.5430,3.3048
2.441,598.9034,1.0130,250.1819,0.2510,3.8000,-0.4500,352.6741,179.5375,2.7350
2.544,598.9167,0.9363,250.1711,0.2510,3.8000,-0.4500,352.5968,179.5341,2.2705
2.646,598.9296,0.8593,250.1599,0.2510,3.8000,-0.4500,352.5287,179.5316,1.8260
2.753,598.9392,0.7832,250.1490,0.2510,3.8000,-0.4500,352.4818,179.5303,1.4922
2.858,598.9488,0.7059,250.1379,0.2510,3.8000,-0.4500,352.4403,179.5293,1.1709
2.959,598.9476,0.6322,250.1289,0.2510,3.8000,-0.4500,352.4403,179.5293,1.1709
3.068,598.9579,0.5354,250.1153,0.2510,3.8000,-0.4500,352.4022,179.5286,0.8314
3.172,598.9570,0.4585,250.1059,0.2510,3.8000,-0.4500,352.4022,179.5286,0.8314
3.278,598.9561,0.3812,250.0965,0.2510,3.8000,-0.4500,352.4022,179.5286,0.8314
3.378,598.9551,0.3042,250.0873,0.2510,3.8000,-0.4500,352.4022,179.5286,0.8314
3.489,598.9540,0.2130,250.0765,0.2510,3.8000,-0.4500,352.4022,179.5286,0.8314
3.598,598.9531,0.1390,250.0678,0.2510,3.8000,-0.4500,352.4022,179.5286,0.8315
3.701,598.9455,0.0564,250.0513,0.2510,3.8000,-0.4500,352.1942,179.5252,1.0236
3.814,598.9302,-0.0030,250.0335,0.2510,3.8000,-0.4500,351.8642,179.5181,1.4447
3.919,598.9121,-0.0548,250.0189,0.2510,3.8000,-0.4500,351.6013,179.5104,1.9396
4.019,598.8922,-0.0982,250.0076,0.2510,3.8000,-0.4500,351.4064,179.5028,2.4879
4.124,598.8661,-0.1376,249.9986,0.2510,3.8000,-0.4500,351.2570,179.4954,3.2050
4.234,598.8436,-0.1583,249.9953,0.2510,3.8000,-0.4500,351.2051,179.4922,3.8434
4.348,598.8160,-0.1668,249.9969,0.2510,3.8000,-0.4500,351.2377,179.4948,4.6473
4.460,598.7891,-0.1555,250.0052,0.2510,3.8000,-0.4500,351.3824,179.5079,5.4788
4.563,598.7680,-0.1296,250.0173,0.2510,3.8000,-0.4500,351.5931,179.5297,6.1819
4.665,598.7488,-0.0878,250.0342,0.2510,3.8000,-0.4500,351.8870,179.5638,6.8846
4.772,598.7321,-0.0294,250.0558,0.2510,3.8000,-0.4500,352.2625,179.6120,7.5777
4.880,598.7169,0.0631,250.0873,0.2510,3.8000,-0.4500,352.8148,179.6902,8.3837
4.983,598.7086,0.1590,250.1174,0.2510,3.8000,-0.4500,353.3516,179.7731,9.0228
5.088,598.7050,0.2716,250.1504,0.2510,3.8000,-0.4500,353.9479,179.8717,9.6226
5.189,598.7066,0.4003,250.1852,0.2510,3.8000,-0.4500,354.5923,179.9848,10.1741
5.297,598.7136,0.5442,250.2210,0.2510,3.8000,-0.4500,355.2717,180.1103,10.6688
5.406,598.7293,0.7348,250.2638,0.2510,3.7999,-0.4500,356.1133,180.2733,11.1763
5.507,598.7487,0.9066,250.2984,0.2510,3.8000,-0.4500,356.8193,180.4153,11.5190
5.608,598.7734,1.0882,250.3310,0.2510,3.8000,-0.4500,357.5140,180.5588,11.7822
5.708,598.8030,1.2774,250.3609,0.2510,3.8000,-0.4500,358.1833,180.6997,11.9608
5.814,598.8369,1.4720,250.3874,0.2510,3.8001,-0.4500,358.8141,180.8340,12.0509
5.918,598.8740,1.6697,250.4102,0.2510,3.8000,-0.4500,359.3948,180.9581,12.0498
6.025,598.9223,1.9074,250.4323,0.2510,3.8000,-0.4500,0.0109,181.0890,11.9258
6.128,598.9647,2.1031,250.4464,0.2510,3.8000,-0.4500,0.4472,181.1804,11.7204
6.236,599.0081,2.2942,250.4564,0.2510,3.7999,-0.4500,0.8063,181.2540,11.4236
6.351,599.0611,2.5140,250.4636,0.2510,3.8000,-0.4500,1.1285,181.3179,10.9506
6.460,599.1138,2.7200,250.4658,0.2510,3.8000,-0.4500,1.3271,181.3554,10.3573
6.570,599.1567,2.8785,250.4642,0.2510,3.8000,-0.4500,1.3966,181.3679,9.7782
6.678,599.1987,3.0232,250.4598,0.2510,3.8000,-0.4500,1.3796,181.3651,9.1299
6.787,599.2468,3.1762,250.4513,0.2510,3.8000,-0.4500,1.2479,181.3451,8.2726
6.895,599.2852,3.2851,250.4418,0.2510,3.8000,-0.4500,1.0499,181.3177,7.5039
7.001,599.3284,3.3920,250.4278,0.2510,3.8000,-0.4500,0.7145,181.2766,6.5325
7.102,599.3624,3.4603,250.4143,0.2510,3.8000,-0.4500,0.3615,181.2388,5.6964
7.204,599.3945,3.5097,250.3992,0.2510,3.8000,-0.4500,359.9503,181.2009,4.8495
7.315,599.4248,3.5400,250.3826,0.2510,3.8000,-0.4500,359.4902,181.1653,4.0050
7.432,599.4588,3.5521,250.3611,0.2510,3.8000,-0.4500,358.8876,181.1285,3.0130
7.534,599.4852,3.5428,250.3417,0.2510,3.8000,-0.4500,358.3556,181.1042,2.2191
7.645,599.5145,3.5100,250.3171,0.2510,3.8000,-0.4500,357.6972,181.0839,1.3239
7.747,599.5370,3.4663,250.2956,0.2510,3.8000,-0.4500,357.1441,181.0745,0.6386
7.849,599.5578,3.4094,250.2733,0.2510,3.8000,-0.4500,356.5974,181.0714,0.0187
7.954,599.5764,3.3410,250.2505,0.2510,3.8000,-0.4500,356.0659,181.0738,359.4726
8.058,599.5930,3.2630,250.2275,0.2510,3.8000,-0.4500,355.5576,181.0806,359.0065
8.166,599.6097,3.1592,250.1998,0.2510,3.8000,-0.4500,354.9875,181.0928,358.5592
8.273,599.6212,3.0664,250.1770,0.2510,3.8000,-0.4500,354.5521,181.1049,358.2827
8.377,599.6290,2.9711,250.1575,0.2510,3.8000,-0.4500,354.2324,181.1150,358.1248
8.483,599.6346,2.8539,250.1386,0.2510,3.8000,-0.4500,353.9982,181.1229,358.0543
8.585,599.6377,2.7541,250.1203,0.2510,3.8000,-0.4500,353.7397,181.1318,358.0392
8.688,599.6400,2.6555,250.1050,0.2510,3.8000,-0.4500,353.5742,181.1374,358.0478
8.797,599.6395,2.5581,250.0870,0.2510,3.8000,-0.4500,353.3320,181.1456,358.1361
8.898,599.6392,2.4632,250.0720,0.2510,3.8000,-0.4500,353.1812,181.1504,358.2095
9.000,599.6342,2.3541,250.0522,0.2510,3.8000,-0.4500,352.9332,181.1578,358.4243
9.110,599.6288,2.2668,250.0379,0.2510,3.8000,-0.4500,352.7883,181.1616,358.6281
9.221,599.6228,2.1656,250.0225,0.2510,3.8000,-0.4500,352.6624,181.1644,358.8450
9.329,599.6214,2.0819,250.0119,0.2510,3.8000,-0.4500,352.6313,181.1650,358.9200
9.448,599.6171,1.9854,249.9991,0.2510,3.8000,-0.4500,352.5733,181.1660,359.0748
9.549,599.6180,1.9061,249.9898,0.2510,3.8000,-0.4500,352.5733,181.1660,359.0748
9.654,599.6072,1.8360,249.9802,0.2510,3.8000,-0.4500,352.5096,181.1669,359.4052
9.756,599.6049,1.7675,249.9728,0.2510,3.8000,-0.4500,352.5239,181.1667,359.4901
9.868,599.5871,1.7036,249.9726,0.2510,3.8000,-0.4500,352.7038,181.1660,0.0148
9.977,599.5730,1.6610,249.9775,0.2510,3.8000,-0.4500,352.9610,181.1671,0.4229
10.077,599.5593,1.6300,249.9865,0.2510,3.8000,-0.4500,353.3005,181.1708,0.8181
10.182,599.5428,1.6103,250.0024,0.2510,3.8000,-0.4500,353.7990,181.1802,1.2983
10.293,599.5290,1.6091,250.0193,0.2510,3.8000,-0.4500,354.2761,181.1928,1.7068
10.394,599.5157,1.6221,250.0389,0.2510,3.8000,-0.4500,354.7960,181.2102,2.1162
10.504,599.5010,1.6555,250.0649,0.2510,3.8000,-0.4500,355.4581,181.2376,2.5930
10.616,599.4906,1.6973,250.0877,0.2510,3.8000,-0.4500,356.0265,181.2653,2.9640
10.718,599.4821,1.7503,250.1108,0.2510,3.8000,-0.4500,356.5964,181.2966,3.2984
10.824,599.4751,1.8265,250.1378,0.2510,3.8000,-0.4500,357.2656,181.3372,3.6369
10.927,599.4722,1.8984,250.1592,0.2510,3.8000,-0.4500,357.7980,181.3722,3.8569
11.030,599.4719,1.9760,250.1788,0.2510,3.8000,-0.4500,358.2975,181.4066,4.0141
11.142,599.4750,2.0741,250.1998,0.2510,3.8000,-0.4500,358.8421,181.4454,4.1147
11.243,599.4804,2.1563,250.2098,0.2510,3.8000,-0.4500,359.0939,181.4635,4.1180
11.347,599.4876,2.2398,250.2221,0.2510,3.8000,-0.4500,359.4251,181.4873,4.0702
11.457,599.4944,2.3217,250.2278,0.2510,3.8000,-0.4500,359.5790,181.4982,4.0257
11.559,599.5034,2.4013,250.2354,0.2510,3.8000,-0.4500,359.7961,181.5132,3.9098
11.661,599.5193,2.4901,250.2460,0.2510,3.8000,-0.4500,0.1086,181.5338,3.5985
11.766,599.5301,2.5592,250.2505,0.2510,3.8000,-0.4500,0.2544,181.5427,3.3925
11.866,599.5467,2.6197,250.2549,0.2510,3.8000,-0.4500,0.4000,181.5509,2.9933
11.969,599.5606,2.6745,250.2561,0.2510,3.8000,-0.4500,0.4569,181.5537,2.6581
12.069,599.5771,2.7206,250.2556,0.2510,3.8000,-0.4500,0.4630,181.5540,2.2270
12.182,599.5927,2.7681,250.2532,0.2510,3.8000,-0.4500,0.4147,181.5523,1.8129
12.289,599.6073,2.7985,250.2491,0.2510,3.8000,-0.4500,0.3118,181.5494,1.4066
12.402,599.6187,2.8290,250.2448,0.2510,3.8000,-0.4500,0.1971,181.5469,1.0889
12.506,599.6321,2.8444,250.2381,0.2510,3.8000,-0.4500,0.0163,181.5441,0.6988
12.614,599.6373,2.8590,250.2349,0.2510,3.8000,-0.4500,359.9277,181.5431,0.5530
12.721,599.6445,2.8688,250.2298,0.2510,3.8000,-0.4500,359.7861,181.5420,0.3410
12.828,599.6506,2.8720,250.2241,0.2510,3.8000,-0.4500,359.6248,181.5414,0.1584
12.937,599.6541,2.8737,250.2196,0.2510,3.8000,-0.4500,359.4984,181.5411,0.0546
13.050,599.6564,2.8738,250.2143,0.2510,3.8000,-0.4500,359.3473,181.5410,359.9807
13.162,599.6583,2.8731,250.2090,0.2510,3.8000,-0.4500,359.1957,181.5412,359.9207
13.264,599.6577,2.8736,250.2032,0.2510,3.8000,-0.4500,359.0279,181.5414,359.9352
13.369,599.6555,2.8758,250.1949,0.2510,3.8000,-0.4500,358.7826,181.5416,359.9883
13.480,599.6487,2.8822,250.1853,0.2510,3.8000,-0.4500,358.4930,181.5412,0.1755
13.581,599.6357,2.8968,250.1737,0.2510,3.8000,-0.4500,358.1314,181.5390,0.5469
13.685,599.6233,2.9147,250.1667,0.2510,3.8000,-0.4500,357.8989,181.5361,0.9110
13.790,599.6097,2.9380,250.1613,0.2510,3.8000,-0.4500,357.7012,181.5323,1.3163
13.892,599.5951,2.9668,250.1567,0.2510,3.8000,-0.4500,357.5176,181.5274,1.7568
13.996,599.5801,3.0007,250.1525,0.2510,3.8000,-0.4500,357.3354,181.5210,2.2255
14.104,599.5620,3.0480,250.1476,0.2510,3.8000,-0.4500,357.1070,181.5109,2.8129
14.211,599.5471,3.0922,250.1434,0.2510,3.8000,-0.4500,356.9024,181.5000,3.3126
14.323,599.5301,3.1499,250.1380,0.2510,3.8000,-0.4500,356.6342,181.4830,3.9101
14.435,599.5172,3.2009,250.1331,0.2510,3.8000,-0.4500,356.3888,181.4651,4.3955
14.537,599.5054,3.2535,250.1278,0.2510,3.8000,-0.4500,356.1216,181.4434,4.8605
14.643,599.4933,3.3172,250.1206,0.2510,3.8000,-0.4500,355.7717,181.4119,5.3808
14.754,599.4847,3.3696,250.1141,0.2510,3.8000,-0.4500,355.4568,181.3810,5.7758
14.855,599.4778,3.4205,250.1070,0.2510,3.8000,-0.4500,355.1229,181.3461,6.1304
14.961,599.4716,3.4781,250.0978,0.2510,3.8000,-0.4500,354.7024,181.2993,6.4982
15.073,599.4678,3.5226,250.0897,0.2510,3.8000,-0.4500,354.3416,181.2572,6.7547
15.176,599.4667,3.5633,250.0838,0.2510,3.8000,-0.4500,354.0511,181.2221,6.9270
15.282,599.4657,3.6060,250.0746,0.2510,3.8000,-0.4500,353.6539,181.1729,7.1077
15.388,599.4674,3.6379,250.0725,0.2510,3.8000,-0.4500,353.4961,181.1530,7.1704
15.495,599.4675,3.6665,250.0646,0.2510,3.8000,-0.4500,353.1699,181.1114,7.2716
15.598,599.4693,3.6919,250.0618,0.2510,3.8000,-0.4500,353.0081,181.0906,7.3110
15.701,599.4724,3.7226,250.0625,0.2510,3.8000,-0.4500,352.9285,181.0803,7.3300
15.807,599.4756,3.7493,250.0655,0.2510,3.8000,-0.4500,352.9285,181.0803,7.3300
15.916,599.4792,3.7794,250.0688,0.2510,3.8000,-0.4500,352.9285,181.0803,7.3300
16.034,599.4844,3.8229,250.0736,0.2510,3.8000,-0.4500,352.9285,181.0803,7.3300
16.145,599.4832,3.8827,250.0811,0.2510,3.8000,-0.4500,352.9374,181.0815,7.5866
16.246,599.4777,3.9484,250.0946,0.2510,3.8000,-0.4500,353.0884,181.1024,8.0121
16.349,599.4754,4.0244,250.1135,0.2510,3.8000,-0.4500,353.3819,181.1451,8.3872
16.451,599.4765,4.1108,250.1364,0.2510,3.8000,-0.4500,353.7781,181.2051,8.7151
16.554,599.4806,4.2077,250.1620,0.2510,3.8000,-0.4500,354.2461,181.2785,9.0022
16.665,599.4893,4.3372,250.1945,0.2510,3.8000,-0.4500,354.8708,181.3796,9.2901
16.770,599.4997,4.4549,250.2220,0.2510,3.8000,-0.4500,355.4235,181.4713,9.4739
16.871,599.5132,4.5801,250.2493,0.2510,3.8000,-0.4500,355.9898,181.5668,9.5964
16.974,599.5302,4.7109,250.2757,0.2510,3.8000,-0.4500,356.5570,181.6632,9.6481
17.080,599.5509,4.8455,250.3009,0.2510,3.8000,-0.4500,357.1138,181.7579,9.6211
17.183,599.5800,5.0090,250.3286,0.2510,3.8000,-0.4500,357.7540,181.8658,9.4760
17.290,599.6069,5.1448,250.3493,0.2510,3.8000,-0.4500,358.2541,181.9484,9.2570
17.402,599.6420,5.3041,250.3707,0.2510,3.8000,-0.4500,358.8031,182.0362,8.8741
17.508,599.6729,5.4315,250.3857,0.2510,3.8000,-0.4500,359.2115,182.0985,8.4559
17.610,599.7049,5.5520,250.3981,0.2510,3.8000,-0.4500,359.5707,182.1504,7.9505
17.710,599.7375,5.6639,250.4081,0.2510,3.8000,-0.4500,359.8779,182.1918,7.3628
17.818,599.7706,5.7657,250.4157,0.2510,3.8000,-0.4500,0.1316,182.2231,6.6993
17.921,599.8104,5.8726,250.4219,0.2510,3.8000,-0.4500,0.3649,182.2488,5.8143
18.027,599.8435,5.9477,250.4250,0.2510,3.8000,-0.4500,0.5013,182.2618,5.0144
18.128,599.8763,6.0090,250.4263,0.2510,3.8000,-0.4500,0.5869,182.2688,4.1695
18.254,599.9152,6.0639,250.4258,0.2510,3.8000,-0.4500,0.6269,182.2714,3.1131
18.358,599.9470,6.0936,250.4238,0.2510,3.8000,-0.4500,0.6121,182.2708,2.2126
18.466,599.9844,6.1101,250.4199,0.2510,3.8000,-0.4500,0.5432,182.2688,1.1280
18.572,600.0151,6.1084,250.4156,0.2510,3.8000,-0.4500,0.4489,182.2678,0.2369
18.675,600.0449,6.0932,250.4103,0.2510,3.8000,-0.4500,0.3262,182.2682,359.3716
18.780,600.0795,6.0584,250.4030,0.2510,3.8000,-0.4500,0.1488,182.2718,358.3856
18.884,600.1073,6.0168,250.3961,0.2510,3.8000,-0.4500,359.9815,182.2776,357.6218
18.993,600.1337,5.9650,250.3888,0.2510,3.8000,-0.4500,359.8014,182.2863,356.9225
19.098,600.1584,5.9045,250.3810,0.2510,3.8000,-0.4500,359.6126,182.2975,356.2975
19.202,600.1856,5.8224,250.3711,0.2510,3.8000,-0.4500,359.3795,182.3139,355.6579
19.311,600.2059,5.7478,250.3627,0.2510,3.8000,-0.4500,359.1832,182.3296,355.2250
19.417,600.2139,5.6744,250.3600,0.2510,3.8000,-0.4500,359.1440,182.3329,355.1500
19.521,600.2280,5.5787,250.3528,0.2510,3.8000,-0.4500,358.9966,182.3456,354.9500
19.635,600.2361,5.4987,250.3493,0.2510,3.8000,-0.4500,358.9408,182.3506,354.8939
19.744,600.2452,5.4017,250.3417,0.2510,3.8000,-0.4500,358.7788,182.3652,354.8406
19.847,600.2517,5.3228,250.3342,0.2510,3.8000,-0.4500,358.6170,182.3798,354.8220
19.950,600.2527,5.2475,250.3213,0.2510,3.8000,-0.4500,358.2922,182.4090,354.9408
20.059,600.2474,5.1786,250.3075,0.2510,3.8000,-0.4500,357.9405,182.4394,355.2175
20.162,600.2348,5.1058,250.2942,0.2510,3.8000,-0.4500,357.6057,182.4661,355.7007
20.267,600.2198,5.0538,250.2847,0.2510,3.8000,-0.4500,357.3651,182.4832,356.2077
20.379,600.2012,5.0103,250.2760,0.2510,3.8000,-0.4500,357.1340,182.4973,356.7948
20.481,600.1748,4.9697,250.2659,0.2510,3.8000,-0.4500,356.8500,182.5113,357.5883
20.585,600.1500,4.9457,250.2576,0.2510,3.8000,-0.4500,356.5988,182.5203,358.3094
20.691,600.1234,4.9304,250.2492,0.2510,3.8000,-0.4500,356.3297,182.5265,359.0717
20.800,600.0901,4.9232,250.2391,0.2510,3.8000,-0.4500,355.9801,182.5292,0.0225
20.907,600.0620,4.9256,250.2305,0.2510,3.8000,-0.4500,355.6660,182.5269,0.8290
21.008,600.0344,4.9349,250.2217,0.2510,3.8000,-0.4500,355.3320,182.5196,1.6340
21.121,600.0026,4.9537,250.2112,0.2510,3.8000,-0.4500,354.9083,182.5039,2.5794
21.235,599.9777,4.9746,250.2024,0.2510,3.8000,-0.4500,354.5408,182.4848,3.3353
21.355,599.9506,5.0041,250.1921,0.2510,3.8000,-0.4500,354.0912,182.4551,4.1863
21.463,599.9270,5.0369,250.1823,0.2510,3.8000,-0.4500,353.6447,182.4191,4.9584
21.569,599.9102,5.0653,250.1747,0.2510,3.8000,-0.4500,353.2866,182.3860,5.5295
21.672,599.8964,5.0938,250.1679,0.2510,3.8000,-0.4500,352.9532,182.3520,6.0255
21.783,599.8837,5.1272,250.1614,0.2510,3.8000,-0.4500,352.6041,182.3134,6.5108
21.887,599.8818,5.1511,250.1611,0.2510,3.8000,-0.4500,352.5041,182.3017,6.6438
21.991,599.8843,5.1723,250.1635,0.2510,3.8000,-0.4500,352.5041,182.3017,6.6438
22.100,599.8872,5.1986,250.1665,0.2510,3.8000,-0.4500,352.5041,182.3017,6.6438
22.205,599.8896,5.2214,250.1691,0.2510,3.8000,-0.4500,352.5041,182.3017,6.6438
22.307,599.8923,5.2457,250.1718,0.2510,3.8000,-0.4500,352.5041,182.3017,6.6438
22.419,599.8951,5.2717,250.1747,0.2510,3.8000,-0.4500,352.5041,182.3017,6.6438
22.521,599.9029,5.3057,250.1901,0.2510,3.8000,-0.4500,352.8593,182.3431,6.5216
22.625,599.9141,5.3356,250.2104,0.2510,3.8000,-0.4500,353.3897,182.4031,6.2831
22.740,599.9274,5.3681,250.2323,0.2510,3.8000,-0.4500,353.9682,182.4656,5.9875
22.847,599.9453,5.4120,250.2603,0.2510,3.8000,-0.4500,354.7160,182.5418,5.5887
22.951,599.9612,5.4532,250.2851,0.2510,3.8000,-0.4500,355.3803,182.6050,5.2331
23.054,599.9780,5.4989,250.3108,0.2510,3.8000,-0.4500,356.0743,182.6664,4.8627
23.162,599.9990,5.5593,250.3422,0.2510,3.8000,-0.4500,356.9309,182.7360,4.4021
23.270,600.0168,5.6138,250.3681,0.2510,3.8000,-0.4500,357.6495,182.7889,4.0052
23.376,600.0350,5.6712,250.3933,0.2510,3.8000,-0.4500,358.3580,182.8360,3.5950
23.493,600.0573,5.7426,250.4218,0.2510,3.8000,-0.4500,359.1759,182.8838,3.0828
23.601,600.0800,5.8146,250.4475,0.2510,3.8000,-0.4500,359.9384,182.9213,2.5446
23.705,600.0991,5.8734,250.4664,0.2510,3.8000,-0.4500,0.5173,182.9447,2.0735
23.815,600.1183,5.9294,250.4828,0.2510,3.8000,-0.4500,1.0350,182.9613,1.5798
23.920,600.1379,5.9812,250.4965,0.2510,3.8000,-0.4500,1.4837,182.9717,1.0623
24.023,600.1616,6.0355,250.5094,0.2510,3.8000,-0.4500,1.9231,182.9775,0.4095
24.141,600.1860,6.0789,250.5183,0.2510,3.8000,-0.4500,2.2489,182.9780,359.7233
24.243,600.2067,6.1052,250.5229,0.2510,3.8000,-0.4500,2.4318,182.9762,359.1286
24.348,600.2277,6.1213,250.5250,0.2510,3.8000,-0.4500,2.5348,182.9742,358.5165
24.457,600.2495,6.1262,250.5249,0.2510,3.8000,-0.4500,2.5605,182.9735,357.8913
24.557,600.2718,6.1191,250.5226,0.2510,3.8000,-0.4500,2.5129,182.9755,357.2585
24.665,600.2995,6.0942,250.5174,0.2510,3.8000,-0.4500,2.3671,182.9836,356.4976
24.772,600.3233,6.0596,250.5111,0.2510,3.8000,-0.4500,2.1799,182.9962,355.8705
24.883,600.3527,6.0013,250.5015,0.2510,3.8000,-0.4500,1.8887,183.0191,355.1381
24.987,600.3777,5.9393,250.4920,0.2510,3.8000,-0.4500,1.6014,183.0451,354.5539
25.092,600.4033,5.8658,250.4814,0.2510,3.8000,-0.4500,1.2840,183.0770,354.0023
25.203,600.4339,5.7636,250.4674,0.2510,3.8000,-0.4500,0.8776,183.1219,353.3955
25.311,600.4592,5.6681,250.4550,0.2510,3.8000,-0.4500,0.5301,183.1635,352.9456
25.417,600.4841,5.5649,250.4422,0.2510,3.8000,-0.4500,0.1855,183.2074,352.5549
25.520,600.5078,5.4554,250.4294,0.2510,3.8000,-0.4500,359.8539,183.2517,352.2313
25.631,600.5275,5.3227,250.4233,0.2510,3.8000,-0.4500,359.7272,183.2691,352.1222
25.739,600.5476,5.2056,250.4115,0.2510,3.8000,-0.4500,359.4454,183.3085,351.9463
25.849,600.5648,5.0686,250.4093,0.2510,3.8000,-0.4500,359.4454,183.3085,351.9463
25.957,600.5789,4.9553,250.4047,0.2510,3.8000,-0.4500,359.3656,183.3198,351.9398
26.066,600.5937,4.8253,250.4000,0.2510,3.8000,-0.4500,359.2910,183.3304,351.9721
26.185,600.5998,4.7061,250.3895,0.2510,3.8000,-0.4500,359.0427,183.3650,352.1901
26.287,600.5967,4.6210,250.3847,0.2510,3.8000,-0.4500,358.9367,183.3792,352.5511
26.395,600.5850,4.5512,250.3844,0.2510,3.8000,-0.4500,358.9384,183.3791,353.1009
26.503,600.5645,4.4901,250.3909,0.2510,3.8000,-0.4500,359.1150,183.3591,353.8660
26.613,600.5422,4.4605,250.4011,0.2510,3.8000,-0.4500,359.3791,183.3325,354.5897
26.717,600.5154,4.4528,250.4148,0.2510,3.8000,-0.4500,359.7311,183.3017,355.3913
26.821,600.4780,4.4748,250.4350,0.2510,3.8000,-0.4500,0.2526,183.2646,356.4480
26.932,600.4435,4.5207,250.4540,0.2510,3.8000,-0.4500,0.7576,183.2374,357.3956
27.039,600.4075,4.5922,250.4740,0.2510,3.8000,-0.4500,1.3151,183.2170,358.3895
27.144,600.3642,4.7119,250.4980,0.2510,3.8000,-0.4500,2.0360,183.2045,359.6197
27.257,600.3296,4.8390,250.5166,0.2510,3.8000,-0.4500,2.6637,183.2060,0.6543
27.360,600.2921,5.0219,250.5357,0.2510,3.8000,-0.4500,3.4268,183.2229,1.8781
27.467,600.2656,5.1972,250.5479,0.2510,3.8000,-0.4500,4.0526,183.2489,2.8606
27.583,600.2409,5.4312,250.5569,0.2510,3.8000,-0.4500,4.7682,183.2917,3.9674
27.684,600.2272,5.6425,250.5592,0.2510,3.8000,-0.4500,5.3181,183.3341,4.8109
27.800,600.2191,5.9109,250.5552,0.2510,3.8000,-0.4500,5.9028,183.3882,5.7082
27.908,600.2192,6.1433,250.5463,0.2510,3.8000,-0.4500,6.3143,183.4319,6.3481
28.019,600.2254,6.3804,250.5326,0.2510,3.8000,-0.4500,6.6466,183.4706,6.8819
28.125,600.2399,6.6668,250.5104,0.2510,3.8000,-0.4500,6.9300,183.5063,7.3757
28.235,600.2650,6.8976,250.4840,0.2510,3.8000,-0.4500,6.9300,183.5063,7.3757
28.339,600.2902,7.1296,250.4575,0.2510,3.8000,-0.4500,6.9300,183.5063,7.3757
28.448,600.3206,7.4098,250.4254,0.2510,3.8000,-0.4500,6.9300,183.5063,7.3757
28.557,600.3434,7.6483,250.4057,0.2510,3.8000,-0.4500,7.1512,183.5354,7.4870
28.671,600.3750,7.9322,250.3806,0.2510,3.8000,-0.4500,7.4031,183.5688,7.5001
28.782,600.4128,8.2140,250.3634,0.2510,3.8000,-0.4500,7.9231,183.6373,7.3250
28.886,600.4470,8.4433,250.3465,0.2510,3.8000,-0.4500,8.3079,183.6863,7.0450
28.990,600.4824,8.6672,250.3277,0.2510,3.8000,-0.4500,8.6508,183.7281,6.6729
29.100,600.5181,8.8852,250.3074,0.2510,3.8000,-0.4500,8.9586,183.7634,6.2270
29.207,600.5607,9.1375,250.2817,0.2510,3.8000,-0.4500,9.2815,183.7973,5.6100
29.315,600.5954,9.3387,250.2593,0.2510,3.8000,-0.4500,9.5061,183.8186,5.0360
29.425,600.6357,9.5672,250.2316,0.2510,3.8000,-0.4500,9.7125,183.8358,4.2832
29.533,600.6682,9.7452,250.2080,0.2510,3.8000,-0.4500,9.8241,183.8436,3.6073
29.638,600.6994,9.9107,250.1841,0.2510,3.8000,-0.4500,9.8749,183.8466,2.8918
29.739,600.7295,10.0621,250.1601,0.2510,3.8000,-0.4500,9.8607,183.8461,2.1405
29.844,600.7643,10.2235,250.1315,0.2510,3.8000,-0.4500,9.7541,183.8430,1.1978
29.950,600.7924,10.3399,250.1081,0.2510,3.8000,-0.4500,9.5890,183.8408,0.3833
30.055,600.8199,10.4386,250.0853,0.2510,3.8000,-0.4500,9.3551,183.8410,359.5477
30.164,600.8527,10.5325,250.0587,0.2510,3.8000,-0.4500,8.9863,183.8475,358.5245
30.271,600.8798,10.5896,250.0374,0.2510,3.8000,-0.4500,8.6091,183.8602,357.6614
30.373,600.9075,10.6269,250.0168,0.2510,3.8000,-0.4500,8.1736,183.8816,356.7949
30.473,600.9358,10.6442,249.9969,0.2510,3.8000,-0.4500,7.6855,183.9130,355.9313
30.581,600.9711,10.6384,249.9738,0.2510,3.8000,-0.4500,7.0403,183.9652,354.9075
30.692,601.0019,10.6118,249.9551,0.2510,3.8000,-0.4500,6.4623,184.0214,354.0724
30.800,601.0408,10.5544,249.9331,0.2510,3.8000,-0.4500,5.7333,184.1039,353.1011
30.906,601.0751,10.4861,249.9149,0.2510,3.8000,-0.4500,5.1071,184.1844,352.3248
31.023,601.1184,10.3811,249.8932,0.2510,3.8000,-0.4500,4.3472,184.2932,351.4418
31.134,601.1563,10.2757,249.8752,0.2510,3.8000,-0.4500,3.7179,184.3920,350.7532
31.243,601.2038,10.1298,249.8534,0.2510,3.8000,-0.4500,2.9812,184.5173,349.9914
31.349,601.2448,9.9936,249.8352,0.2510,3.8000,-0.4500,2.3926,184.6244,349.4159
31.451,601.2869,9.8459,249.8171,0.2510,3.8000,-0.4500,1.8356,184.7311,348.8990
31.560,601.3379,9.6557,249.7956,0.2510,3.8000,-0.4500,1.2188,184.8552,348.3614
31.665,601.3806,9.4886,249.7782,0.2510,3.8000,-0.4500,0.7555,184.9523,347.9861
31.776,601.4227,9.3154,249.7615,0.2510,3.7999,-0.4500,0.3440,185.0410,347.6799
31.882,601.4692,9.1045,249.7477,0.2510,3.8000,-0.4500,0.0554,185.1046,347.4861
31.987,601.5058,8.9260,249.7394,0.2510,3.8001,-0.4500,359.9112,185.1367,347.4138
32.099,601.5402,8.7486,249.7360,0.2510,3.8001,-0.4500,359.9112,185.1367,347.4138
32.210,601.5822,8.5358,249.7292,0.2510,3.8000,-0.4500,359.8377,185.1531,347.3896
32.318,601.6158,8.3625,249.7257,0.2510,3.8000,-0.4500,359.8377,185.1531,347.3896
32.438,601.6549,8.1617,249.7217,0.2510,3.8000,-0.4500,359.8377,185.1531,347.3897
32.539,601.6827,8.0036,249.7175,0.2510,3.8000,-0.4500,359.8011,185.1613,347.4659
32.646,601.6959,7.8302,249.7123,0.2510,3.8000,-0.4500,359.7076,185.1818,348.0070
32.752,601.7024,7.6997,249.7148,0.2510,3.8000,-0.4500,359.8088,185.1609,348.4983
32.864,601.7049,7.5622,249.7245,0.2510,3.8000,-0.4500,0.0948,185.1044,349.1282
32.969,601.7017,7.4655,249.7370,0.2510,3.8000,-0.4500,0.4322,185.0414,349.6982
33.074,601.6935,7.3865,249.7527,0.2510,3.8000,-0.4500,0.8373,184.9700,350.3140
33.184,601.6772,7.3167,249.7747,0.2510,3.8000,-0.4500,1.3938,184.8790,351.1116
33.291,601.6588,7.2804,249.7949,0.2510,3.8000,-0.4500,1.9035,184.8025,351.8195
33.402,601.6312,7.2637,249.8203,0.2510,3.8000,-0.4500,2.5560,184.7139,352.7099
33.502,601.6047,7.2722,249.8417,0.2510,3.8000,-0.4500,3.1220,184.6452,353.4756
33.606,601.5760,7.3008,249.8622,0.2510,3.8000,-0.4500,3.6972,184.5833,354.2525
33.711,601.5460,7.3486,249.8813,0.2510,3.8000,-0.4500,4.2708,184.5293,355.0296
33.821,601.5093,7.4297,249.9012,0.2510,3.8000,-0.4500,4.9414,184.4762,355.9468
33.926,601.4792,7.5152,249.9145,0.2510,3.8000,-0.4500,5.4723,184.4419,356.6848
34.031,601.4504,7.6151,249.9243,0.2510,3.8000,-0.4500,5.9658,184.4162,357.3864
34.148,601.4189,7.7505,249.9311,0.2510,3.8000,-0.4500,6.4938,184.3955,358.1642
34.258,601.3957,7.8736,249.9323,0.2510,3.8000,-0.4500,6.8677,184.3854,358.7457
34.359,601.3755,8.0028,249.9296,0.2510,3.8000,-0.4500,7.1708,184.3800,359.2552
34.467,601.3586,8.1604,249.9200,0.2510,3.8000,-0.4500,7.3931,184.3779,359.6821
34.568,601.3568,8.2859,249.9056,0.2510,3.8000,-0.4500,7.3931,184.3779,359.6821
34.675,601.3550,8.4115,249.8913,0.2510,3.8000,-0.4500,7.3931,184.3779,359.6821
34.781,601.3502,8.5608,249.8744,0.2510,3.8000,-0.4500,7.3948,184.3779,359.7636
34.891,601.3461,8.6805,249.8592,0.2510,3.8000,-0.4500,7.3479,184.3781,359.8347
34.997,601.3340,8.7955,249.8362,0.2510,3.8000,-0.4500,7.0445,184.3781,0.1279
35.104,601.3288,8.9210,249.8117,0.2510,3.8000,-0.4500,6.7212,184.3770,0.2327
35.216,601.3263,9.0140,249.7861,0.2510,3.8000,-0.4500,6.2522,184.3749,0.2627
35.322,601.3267,9.1128,249.7566,0.2510,3.8000,-0.4500,5.6677,184.3725,0.1984
35.429,601.3289,9.1843,249.7332,0.2510,3.8000,-0.4500,5.1706,184.3712,0.0887
35.532,601.3322,9.2460,249.7108,0.2510,3.8000,-0.4500,4.6665,184.3710,359.9449
35.640,601.3364,9.2980,249.6894,0.2510,3.8000,-0.4500,4.1605,184.3723,359.7775
35.745,601.3419,9.3481,249.6653,0.2510,3.8000,-0.4500,3.5619,184.3757,359.5557
35.847,601.3468,9.3802,249.6466,0.2510,3.8000,-0.4500,3.0807,184.3803,359.3610
35.953,601.3521,9.4043,249.6293,0.2510,3.8000,-0.4500,2.6251,184.3862,359.1638
36.059,601.3574,9.4213,249.6137,0.2510,3.8000,-0.4500,2.2038,184.3930,358.9702
36.177,601.3625,9.4350,249.5998,0.2510,3.8000,-0.4500,1.8254,184.4004,358.7855
36.287,601.3669,9.4423,249.5890,0.2510,3.8000,-0.4500,1.5299,184.4071,358.6302
36.398,601.3668,9.4482,249.5888,0.2510,3.8000,-0.4500,1.5299,184.4071,358.6302
36.515,601.3693,9.4495,249.5836,0.2510,3.8000,-0.4500,1.3844,184.4107,358.5475
36.632,601.3707,9.4507,249.5810,0.2510,3.8000,-0.4500,1.3160,184.4125,358.5044
36.744,601.3707,9.4538,249.5809,0.2510,3.8000,-0.4500,1.3160,184.4125,358.5044
36.857,601.3706,9.4587,249.5808,0.2510,3.8000,-0.4500,1.3160,184.4125,358.5044
36.966,601.3702,9.4686,249.5806,0.2510,3.8000,-0.4500,1.3160,184.4125,358.5044
37.075,601.3699,9.4816,249.5804,0.2510,3.8000,-0.4500,1.3160,184.4125,358.5044
37.180,601.3694,9.5038,249.5800,0.2510,3.8000,-0.4500,1.3160,184.4125,358.5044
37.288,601.3687,9.5286,249.5795,0.2510,3.8000,-0.4500,1.3160,184.4125,358.5044
37.391,601.3679,9.5619,249.5877,0.2510,3.8000,-0.4500,1.5710,184.4058,358.5253
37.500,601.3650,9.6135,249.6046,0.2510,3.8000,-0.4500,2.0967,184.3927,358.6132
37.608,601.3623,9.6612,249.6119,0.2510,3.8000,-0.4500,2.3471,184.3867,358.6759
37.725,601.3572,9.7289,249.6267,0.2510,3.8000,-0.4500,2.8443,184.3758,358.8166
37.826,601.3547,9.7871,249.6297,0.2510,3.8000,-0.4500,3.0020,184.3726,358.8623
37.935,601.3517,9.8507,249.6352,0.2510,3.8000,-0.4500,3.2436,184.3680,358.9305
38.040,601.3490,9.9170,249.6404,0.2510,3.8000,-0.4500,3.4863,184.3636,358.9906
38.150,601.3475,9.9952,249.6362,0.2510,3.8000,-0.4500,3.4863,184.3636,358.9906
38.262,601.3455,10.0759,249.6373,0.2510,3.8000,-0.4500,3.6449,184.3608,359.0173
38.369,601.3443,10.1404,249.6337,0.2510,3.8000,-0.4500,3.6449,184.3608,359.0173
38.481,601.3428,10.2144,249.6296,0.2510,3.8000,-0.4500,3.6449,184.3609,359.0173
38.590,601.3416,10.2717,249.6264,0.2510,3.8000,-0.4500,3.6449,184.3608,359.0173
38.704,601.3405,10.3334,249.6230,0.2510,3.8000,-0.4500,3.6449,184.3608,359.0173
38.808,601.3396,10.3774,249.6206,0.2510,3.8000,-0.4500,3.6449,184.3608,359.0173
38.919,601.3434,10.4102,249.6146,0.2510,3.8000,-0.4500,3.5332,184.3628,358.8800
39.028,601.3553,10.4313,249.5968,0.2510,3.8000,-0.4500,3.0728,184.3736,358.4861
39.128,601.3630,10.4388,249.5797,0.2510,3.8000,-0.4500,2.6037,184.3871,358.2234
39.235,601.3690,10.4367,249.5610,0.2510,3.8000,-0.4500,2.0773,184.4045,358.0098
39.339,601.3740,10.4244,249.5410,0.2510,3.8000,-0.4500,1.4997,184.4255,357.8307
39.442,601.3792,10.3962,249.5150,0.2510,3.8000,-0.4500,0.7473,184.4552,357.6531
39.551,601.3828,10.3617,249.4918,0.2510,3.8000,-0.4500,0.0792,184.4833,357.5363
39.659,601.3855,10.3177,249.4673,0.2510,3.8000,-0.4500,359.3831,184.5138,357.4509
39.777,601.3874,10.2535,249.4364,0.2510,3.8000,-0.4500,358.5242,184.5525,357.3956
39.889,601.3877,10.1782,249.4043,0.2510,3.8000,-0.4500,357.6565,184.5921,357.3971
39.995,601.3864,10.1084,249.3768,0.2510,3.8000,-0.4500,356.9400,184.6244,357.4445
40.100,601.3837,10.0332,249.3491,0.2510,3.8000,-0.4500,356.2410,184.6552,357.5343
40.208,601.3787,9.9376,249.3161,0.2510,3.8000,-0.4500,355.4409,184.6887,357.6958
40.313,601.3731,9.8547,249.2892,0.2510,3.8000,-0.4500,354.8189,184.7129,357.8706
40.421,601.3649,9.7529,249.2583,0.2510,3.8000,-0.4500,354.1421,184.7368,358.1187
40.533,601.3573,9.6671,249.2342,0.2510,3.8000,-0.4500,353.6482,184.7521,358.3462
40.639,601.3493,9.5813,249.2121,0.2510,3.8000,-0.4500,353.2290,184.7635,358.5790
40.742,601.3470,9.4769,249.1963,0.2510,3.8000,-0.4500,353.0844,184.7670,358.6703
40.857,601.3417,9.3914,249.1810,0.2510,3.8000,-0.4500,352.8876,184.7713,358.8309
40.962,601.3408,9.2894,249.1677,0.2510,3.8000,-0.4500,352.8267,184.7725,358.8849
41.068,601.3373,9.2067,249.1546,0.2510,3.8000,-0.4500,352.7030,184.7748,358.9937
41.174,601.3287,9.1255,249.1370,0.2510,3.8000,-0.4500,352.4308,184.7791,359.2306
41.286,601.3147,9.0319,249.1143,0.2510,3.8000,-0.4500,352.0448,184.7831,359.6047
41.392,601.3015,8.9577,249.0970,0.2510,3.8000,-0.4500,351.7594,184.7842,359.9510
41.500,601.2827,8.8764,249.0784,0.2510,3.8000,-0.4500,351.4501,184.7832,0.4481
41.603,601.2637,8.8173,249.0653,0.2510,3.8000,-0.4500,351.2209,184.7805,0.9462
41.708,601.2421,8.7682,249.0550,0.2510,3.8000,-0.4500,351.0256,184.7762,1.5239
41.813,601.2183,8.7309,249.0481,0.2510,3.8000,-0.4500,350.8745,184.7714,2.1774
41.923,601.1873,8.7041,249.0452,0.2510,3.8000,-0.4500,350.7642,184.7664,3.0514
42.030,601.1604,8.6984,249.0478,0.2510,3.8000,-0.4500,350.7402,184.7650,3.8429
42.136,601.1337,8.7091,249.0552,0.2510,3.8000,-0.4500,350.7830,184.7683,4.6794
42.246,601.1030,8.7449,249.0704,0.2510,3.8000,-0.4500,350.9246,184.7815,5.7240
42.354,601.0798,8.7944,249.0882,0.2510,3.8000,-0.4500,351.1161,184.8026,6.6119
42.461,601.0562,8.8776,249.1150,0.2510,3.8000,-0.4500,351.4272,184.8421,7.6764
42.561,601.0411,8.9663,249.1412,0.2510,3.8000,-0.4500,351.7457,184.8881,8.5449
42.668,601.0309,9.0717,249.1700,0.2510,3.8000,-0.4500,352.1080,184.9459,9.3808
42.776,601.0264,9.1926,249.2005,0.2510,3.8000,-0.4500,352.5027,185.0146,10.1699
42.893,601.0287,9.3561,249.2381,0.2510,3.8000,-0.4500,353.0015,185.1088,11.0365
43.005,601.0397,9.5364,249.2754,0.2510,3.8001,-0.4500,353.5066,185.2115,11.7963
43.116,601.0555,9.6968,249.3051,0.2510,3.7999,-0.4500,353.9160,185.2997,12.3357
43.225,601.0812,9.8982,249.3381,0.2510,3.8000,-0.4500,354.3752,185.4029,12.8582
43.339,601.1082,10.0705,249.3627,0.2510,3.8000,-0.4500,354.7179,185.4825,13.1829
43.449,601.1497,10.2727,249.3772,0.2510,3.8000,-0.4500,354.7810,185.4974,13.2354
43.559,601.1847,10.4425,249.3899,0.2510,3.8000,-0.4500,354.8522,185.5142,13.2711
43.671,601.2272,10.6430,249.4015,0.2510,3.8000,-0.4500,354.8522,185.5142,13.2711
43.775,601.2616,10.8057,249.4109,0.2510,3.8000,-0.4500,354.8522,185.5142,13.2711
43.880,601.2963,10.9618,249.4220,0.2510,3.8000,-0.4500,354.9174,185.5296,13.2160
43.997,601.3449,11.1296,249.4384,0.2510,3.8000,-0.4500,355.1853,185.5919,12.7664
44.099,601.3840,11.2542,249.4434,0.2510,3.8000,-0.4500,355.2056,185.5966,12.2941
44.207,601.4283,11.3836,249.4415,0.2510,3.8001,-0.4500,355.0360,185.5606,11.6404
44.312,601.4629,11.4734,249.4350,0.2510,3.8000,-0.4500,354.7794,185.5090,11.0317
44.423,601.5012,11.5582,249.4225,0.2510,3.8000,-0.4500,354.3724,185.4323,10.2366
44.529,601.5307,11.6092,249.4089,0.2510,3.8000,-0.4500,353.9710,185.3621,9.5328
44.640,601.5630,11.6465,249.3891,0.2510,3.8000,-0.4500,353.4348,185.2758,8.6573
44.748,601.5873,11.6581,249.3700,0.2510,3.8000,-0.4500,352.9568,185.2056,7.9179
44.852,601.6092,11.6527,249.3489,0.2510,3.8000,-0.4500,352.4631,185.1397,7.1846
44.958,601.6288,11.6315,249.3260,0.2510,3.8000,-0.4500,351.9658,185.0796,6.4714
45.068,601.6495,11.5870,249.2967,0.2510,3.8000,-0.4500,351.3811,185.0168,5.6611
45.173,601.6643,11.5362,249.2713,0.2510,3.8000,-0.4500,350.9175,184.9729,5.0384
45.276,601.6768,11.4749,249.2455,0.2510,3.8000,-0.4500,350.4870,184.9366,4.4758
45.381,601.6885,11.3906,249.2149,0.2510,3.8000,-0.4500,350.0277,184.9025,3.8938
45.486,601.6956,11.3139,249.1904,0.2510,3.8000,-0.4500,349.7028,184.8812,3.4958
45.596,601.6966,11.2365,249.1717,0.2510,3.8000,-0.4500,349.5363,184.8712,3.2978
45.713,601.6908,11.1444,249.1573,0.2510,3.8000,-0.4500,349.5363,184.8712,3.2978
45.823,601.6849,11.0522,249.1429,0.2510,3.8000,-0.4500,349.5363,184.8712,3.2978
45.928,601.6801,10.9780,249.1313,0.2510,3.8000,-0.4500,349.5363,184.8712,3.2978
46.033,601.6756,10.9085,249.1205,0.2510,3.8000,-0.4500,349.5363,184.8712,3.2978
46.143,601.6708,10.8339,249.1089,0.2510,3.8000,-0.4500,349.5363,184.8712,3.2978
46.248,601.6674,10.7808,249.1006,0.2510,3.8000,-0.4500,349.5363,184.8712,3.2978
46.351,601.6620,10.7388,249.0959,0.2510,3.8000,-0.4500,349.5776,184.8736,3.3798
46.462,601.6419,10.7118,249.1055,0.2510,3.8000,-0.4500,349.8993,184.8946,3.9474
46.569,601.6259,10.7012,249.1169,0.2510,3.8000,-0.4500,350.2070,184.9174,4.4277
46.677,601.6111,10.7006,249.1297,0.2510,3.8000,-0.4500,350.5199,184.9433,4.8877
46.793,601.5959,10.7116,249.1461,0.2510,3.8000,-0.4500,350.8795,184.9761,5.4059
46.903,601.5834,10.7326,249.1620,0.2510,3.8000,-0.4500,351.1957,185.0078,5.8725
47.009,601.5809,10.7504,249.1680,0.2510,3.8000,-0.4500,351.2864,185.0173,6.0126
47.116,601.5786,10.7714,249.1739,0.2510,3.8000,-0.4500,351.3636,185.0256,6.1545
47.227,601.5812,10.7950,249.1768,0.2510,3.8000,-0.4500,351.3635,185.0256,6.1545
47.335,601.5807,10.8159,249.1799,0.2510,3.8000,-0.4500,351.3669,185.0260,6.2346
47.443,601.5753,10.8418,249.1823,0.2510,3.8000,-0.4500,351.3029,185.0187,6.4824
47.549,601.5676,10.8624,249.1810,0.2510,3.8000,-0.4500,351.1421,184.9998,6.7784
47.661,601.5576,10.8834,249.1733,0.2510,3.8000,-0.4500,350.7716,184.9538,7.1499
47.769,601.5502,10.8964,249.1638,0.2510,3.8000,-0.4500,350.3954,184.9051,7.4063
47.870,601.5436,10.9051,249.1523,0.2510,3.8000,-0.4500,349.9776,184.8491,7.6302
47.979,601.5372,10.9093,249.1391,0.2510,3.8000,-0.4500,349.5303,184.7874,7.8276
48.084,601.5298,10.9077,249.1212,0.2510,3.8000,-0.4500,348.9695,184.7078,8.0270
48.186,601.5242,10.9001,249.1049,0.2510,3.8000,-0.4500,348.4938,184.6388,8.1556
48.296,601.5189,10.8863,249.0874,0.2510,3.8001,-0.4500,348.0204,184.5691,8.2441
48.405,601.5130,10.8607,249.0648,0.2510,3.8000,-0.4500,347.4675,184.4869,8.2917
48.507,601.5089,10.8316,249.0447,0.2510,3.8000,-0.4500,347.0288,184.4213,8.2800
48.615,601.5051,10.7951,249.0237,0.2510,3.8000,-0.4500,346.6179,184.3601,8.2215
48.727,601.5004,10.7426,249.0021,0.2510,3.8000,-0.4500,346.3003,184.3132,8.1261
48.845,601.4966,10.6799,248.9757,0.2510,3.8000,-0.4500,345.9193,184.2577,7.9599
48.947,601.4927,10.6203,248.9554,0.2510,3.8000,-0.4500,345.7115,184.2280,7.8167
49.056,601.4887,10.5558,248.9343,0.2510,3.8000,-0.4500,345.5187,184.2009,7.6596
49.162,601.4856,10.4700,248.9073,0.2510,3.8000,-0.4500,345.3123,184.1727,7.3915
49.273,601.4783,10.3978,248.8896,0.2510,3.8000,-0.4500,345.2675,184.1667,7.3229
49.382,601.4766,10.3030,248.8633,0.2510,3.8001,-0.4500,345.1665,184.1536,6.9989
49.490,601.4697,10.2263,248.8459,0.2510,3.8000,-0.4500,345.1683,184.1538,6.9134
49.594,601.4706,10.1446,248.8272,0.2510,3.8000,-0.4500,345.2138,184.1594,6.5761
49.708,601.4670,10.0532,248.8101,0.2510,3.8000,-0.4500,345.3476,184.1750,6.3593
49.815,601.4649,9.9802,248.7988,0.2510,3.8000,-0.4500,345.5226,184.1949,6.1744
49.917,601.4649,9.9117,248.7955,0.2510,3.8000,-0.4500,345.9116,184.2374,5.9542
50.023,601.4622,9.8407,248.7975,0.2510,3.8000,-0.4500,346.4412,184.2936,5.8262
50.357,601.4445,9.7299,248.8333,0.2510,3.8000,-0.4500,348.1209,184.4714,6.0798
50.462,601.4360,9.7240,248.8580,0.2510,3.8000,-0.4500,348.8430,184.5516,6.3508
50.570,601.4291,9.7357,248.8825,0.2510,3.8000,-0.4500,349.4703,184.6243,6.6380
50.670,601.4225,9.7632,248.9100,0.2510,3.8000,-0.4500,350.1107,184.7019,6.9741
50.780,601.4156,9.8170,248.9459,0.2510,3.8000,-0.4500,350.8814,184.8006,7.4307
50.893,601.4114,9.8789,248.9773,0.2510,3.8000,-0.4500,351.5123,184.8861,7.8444
50.995,601.4091,9.9555,249.0091,0.2510,3.8000,-0.4500,352.1211,184.9732,8.2768
51.095,601.4088,10.0457,249.0405,0.2510,3.8000,-0.4500,352.6967,185.0600,8.7163
51.197,601.4103,10.1481,249.0703,0.2510,3.8000,-0.4500,353.2294,185.1443,9.1506
51.306,601.4154,10.2847,249.1033,0.2510,3.8000,-0.4500,353.7995,185.2392,9.6481
51.409,601.4225,10.4076,249.1283,0.2510,3.8000,-0.4500,354.2084,185.3105,10.0293
51.509,601.4332,10.5363,249.1506,0.2510,3.8000,-0.4500,354.5512,185.3725,10.3691
51.612,601.4510,10.6644,249.1638,0.2510,3.7999,-0.4500,354.6688,185.3942,10.4913
51.717,601.4699,10.7954,249.1765,0.2510,3.8001,-0.4500,354.7750,185.4140,10.6111
51.829,601.4966,10.9504,249.1865,0.2510,3.8001,-0.4500,354.7750,185.4140,10.6111
51.935,601.5187,11.0789,249.1947,0.2510,3.8001,-0.4500,354.7750,185.4140,10.6111
52.036,601.5403,11.2047,249.2028,0.2510,3.8001,-0.4500,354.7750,185.4140,10.6111
52.145,601.5651,11.3496,249.2121,0.2510,3.8000,-0.4500,354.7750,185.4140,10.6112
52.258,601.5847,11.4636,249.2194,0.2510,3.8000,-0.4500,354.7750,185.4140,10.6112
52.369,601.6063,11.5900,249.2275,0.2510,3.8001,-0.4500,354.7750,185.4140,10.6112
52.476,601.6248,11.6825,249.2278,0.2510,3.8000,-0.4500,354.6270,185.3863,10.5110
52.596,601.6513,11.7733,249.2154,0.2510,3.8000,-0.4500,354.1393,185.2970,10.1205
52.705,601.6765,11.8484,249.2029,0.2510,3.8000,-0.4500,353.6726,185.2151,9.6723
52.807,601.6962,11.8994,249.1928,0.2510,3.8000,-0.4500,353.3075,185.1537,9.2802
52.919,601.7144,11.9405,249.1827,0.2510,3.8000,-0.4500,352.9625,185.0982,8.8828
53.029,601.7341,11.9784,249.1710,0.2510,3.8000,-0.4500,352.5811,185.0397,8.4154
53.137,601.7485,12.0021,249.1621,0.2510,3.8000,-0.4500,352.3012,184.9988,8.0497
53.246,601.7584,12.0287,249.1591,0.2510,3.8000,-0.4500,352.1565,184.9784,7.8479
53.346,601.7652,12.0476,249.1576,0.2510,3.8000,-0.4500,352.0709,184.9666,7.7112
53.450,601.7679,12.0678,249.1599,0.2510,3.8000,-0.4500,352.0709,184.9666,7.7111
53.553,601.7728,12.0859,249.1608,0.2510,3.8000,-0.4500,352.0464,184.9633,7.6367
53.657,601.7781,12.1054,249.1631,0.2510,3.8000,-0.4500,352.0592,184.9650,7.5528
53.757,601.7936,12.1204,249.1677,0.2510,3.8000,-0.4500,352.2065,184.9841,7.1406
53.863,601.8109,12.1433,249.1796,0.2510,3.8000,-0.4500,352.5454,185.0255,6.7173
53.975,601.8250,12.1655,249.1936,0.2510,3.8000,-0.4500,352.9402,185.0712,6.3857
54.083,601.8432,12.1948,249.2142,0.2510,3.8000,-0.4500,353.5264,185.1350,5.9593
54.190,601.8602,12.2209,249.2340,0.2510,3.8000,-0.4500,354.0948,185.1926,5.5608
54.291,601.8788,12.2484,249.2556,0.2510,3.8000,-0.4500,354.7249,185.2518,5.1188
54.391,601.8988,12.2772,249.2788,0.2510,3.8000,-0.4500,355.4075,185.3103,4.6356
54.500,601.9202,12.3074,249.3032,0.2510,3.8000,-0.4500,356.1342,185.3660,4.1158
54.604,601.9474,12.3453,249.3338,0.2510,3.8000,-0.4500,357.0526,185.4269,3.4517
54.711,601.9711,12.3785,249.3600,0.2510,3.8000,-0.4500,357.8476,185.4708,2.8710
54.818,601.9954,12.4129,249.3865,0.2510,3.8000,-0.4500,358.6617,185.5074,2.2711
54.929,602.0250,12.4560,249.4185,0.2510,3.8000,-0.4500,359.6544,185.5404,1.5324
55.029,602.0498,12.4933,249.4451,0.2510,3.8000,-0.4500,0.4875,185.5581,0.9061
55.140,602.0746,12.5317,249.4712,0.2510,3.8000,-0.4500,1.3199,185.5667,0.2743
55.241,602.1039,12.5790,249.5018,0.2510,3.8000,-0.4500,2.3110,185.5649,359.5133
55.350,602.1279,12.6194,249.5264,0.2510,3.8000,-0.4500,3.1251,185.5535,358.8804
55.461,602.1560,12.6686,249.5547,0.2510,3.8000,-0.4500,4.0823,185.5284,358.1264
55.562,602.1785,12.7102,249.5772,0.2510,3.8000,-0.4500,4.8598,185.4987,357.5053
55.670,602.2003,12.7521,249.5985,0.2510,3.8000,-0.4500,5.6160,185.4615,356.8929
55.775,602.2211,12.7942,249.6187,0.2510,3.8000,-0.4500,6.3485,185.4177,356.2909
55.886,602.2451,12.8446,249.6412,0.2510,3.8000,-0.4500,7.1935,185.3573,355.5845
55.992,602.2637,12.8864,249.6586,0.2510,3.8000,-0.4500,7.8673,185.3014,355.0110
56.093,602.2814,12.9277,249.6746,0.2510,3.8000,-0.4500,8.5118,185.2413,354.4525
56.204,602.3013,12.9767,249.6922,0.2510,3.8000,-0.4500,9.2448,185.1651,353.8038
56.311,602.3167,13.0167,249.7054,0.2510,3.8000,-0.4500,9.8203,185.0990,353.2826
56.418,602.3312,13.0558,249.7173,0.2510,3.8000,-0.4500,10.3625,185.0317,352.7802
56.529,602.3470,13.1013,249.7298,0.2510,3.8000,-0.4500,10.9672,184.9506,352.2039
56.635,602.3591,13.1380,249.7390,0.2510,3.7999,-0.4500,11.4315,184.8839,351.7470
56.739,602.3701,13.1733,249.7468,0.2510,3.8000,-0.4500,11.8584,184.8190,351.3130
56.845,602.3822,13.2136,249.7546,0.2510,3.8000,-0.4500,12.3195,184.7449,350.8240
56.949,602.3911,13.2455,249.7598,0.2510,3.8000,-0.4500,12.6596,184.6875,350.4448
57.059,602.3992,13.2755,249.7639,0.2510,3.8000,-0.4500,12.9582,184.6349,350.0930
57.177,602.4005,13.3097,249.7625,0.2510,3.8000,-0.4500,13.1169,184.6062,349.8957
57.286,602.4078,13.3402,249.7645,0.2510,3.8000,-0.4500,13.3659,184.5598,349.5496
57.390,602.4091,13.3625,249.7631,0.2510,3.8000,-0.4500,13.4538,184.5430,349.4067
57.501,602.4069,13.3886,249.7593,0.2510,3.8000,-0.4500,13.4964,184.5348,349.3349
57.611,602.4090,13.4071,249.7578,0.2510,3.8000,-0.4500,13.5640,184.5216,349.1806
57.723,602.4052,13.4274,249.7539,0.2510,3.8000,-0.4500,13.5640,184.5216,349.1806
57.826,602.4025,13.4422,249.7511,0.2510,3.8000,-0.4500,13.5640,184.5216,349.1806
57.933,602.4002,13.4551,249.7487,0.2510,3.8000,-0.4500,13.5640,184.5216,349.1806
58.038,602.3982,13.4662,249.7466,0.2510,3.8000,-0.4500,13.5640,184.5216,349.1806
58.144,602.4007,13.4745,249.7409,0.2510,3.8000,-0.4500,13.4477,184.5446,349.0676
58.258,602.4031,13.4790,249.7355,0.2510,3.8000,-0.4500,13.3191,184.5702,348.9744
58.367,602.4030,13.4799,249.7196,0.2510,3.8000,-0.4500,12.8832,184.6577,348.9402
58.480,602.3976,13.4786,249.7012,0.2510,3.8000,-0.4500,12.3600,184.7621,349.0493
58.587,602.3899,13.4778,249.6868,0.2510,3.8000,-0.4500,11.9443,184.8437,349.2342
58.694,602.3802,13.4770,249.6729,0.2510,3.8001,-0.4500,11.5341,184.9225,349.4785
58.795,602.3690,13.4765,249.6591,0.2510,3.8000,-0.4500,11.1219,184.9995,349.7662
58.898,602.3566,13.4764,249.6453,0.2510,3.8001,-0.4500,10.7079,185.0743,350.0864
58.999,602.3432,13.4771,249.6318,0.2510,3.8000,-0.4500,10.2976,185.1460,350.4307
59.106,602.3261,13.4796,249.6160,0.2510,3.8000,-0.4500,9.8225,185.2255,350.8640
59.211,602.3114,13.4837,249.6035,0.2510,3.8000,-0.4500,9.4541,185.2844,351.2318
59.317,602.2966,13.4900,249.5922,0.2510,3.8000,-0.4500,9.1244,185.3348,351.5956
59.423,602.2819,13.5003,249.5822,0.2510,3.8000,-0.4500,8.8480,185.3754,351.9446
59.531,602.2748,13.5129,249.5779,0.2510,3.8000,-0.4500,8.7615,185.3876,352.0870
59.640,602.2617,13.5299,249.5712,0.2510,3.8000,-0.4500,8.6052,185.4092,352.3814
59.744,602.2599,13.5433,249.5696,0.2510,3.8000,-0.4500,8.6052,185.4092,352.3814
59.847,602.2457,13.5576,249.5591,0.2510,3.8000,-0.4500,8.3270,185.4459,352.7086
59.954,602.2383,13.5685,249.5517,0.2510,3.8000,-0.4500,8.1352,185.4704,352.8668
60.058,602.2278,13.5762,249.5380,0.2510,3.8000,-0.4500,7.7474,185.5186,353.1051
60.166,602.2149,13.5831,249.5205,0.2510,3.8000,-0.4500,7.2375,185.5794,353.4059
60.282,602.1995,13.5898,249.5018,0.2510,3.8000,-0.4500,6.6883,185.6416,353.7720
60.394,602.1838,13.5968,249.4852,0.2510,3.8000,-0.4500,6.1991,185.6937,354.1508
60.502,602.1611,13.6088,249.4643,0.2510,3.8000,-0.4500,5.5795,185.7546,354.7037
60.609,602.1389,13.6230,249.4463,0.2510,3.8000,-0.4500,5.0439,185.8019,355.2459
60.718,602.1140,13.6426,249.4279,0.2510,3.8000,-0.4500,4.4992,185.8445,355.8584
60.825,602.0807,13.6744,249.4058,0.2510,3.8000,-0.4500,3.8445,185.8874,356.6783
60.929,602.0510,13.7092,249.3877,0.2510,3.8000,-0.4500,3.3061,185.9152,357.4245
61.040,602.0135,13.7620,249.3667,0.2510,3.8000,-0.4500,2.6775,185.9384,358.3836
61.151,601.9811,13.8159,249.3500,0.2510,3.8000,-0.4500,2.1737,185.9489,359.2260
61.259,601.9488,13.8792,249.3343,0.2510,3.8000,-0.4500,1.6913,185.9518,0.0974
61.376,601.9108,13.9679,249.3168,0.2510,3.8000,-0.4500,1.1435,185.9459,1.1672
61.489,601.8749,14.0703,249.3011,0.2510,3.8000,-0.4500,0.6301,185.9306,2.2457
61.598,601.8473,14.1656,249.2891,0.2510,3.8000,-0.4500,0.2273,185.9117,3.1374
61.707,601.8178,14.2910,249.2763,0.2510,3.8000,-0.4500,359.7711,185.8825,4.1825
61.817,601.7969,14.4035,249.2666,0.2510,3.8000,-0.4500,359.4097,185.8535,5.0201
61.921,601.7766,14.5467,249.2561,0.2510,3.8000,-0.4500,358.9933,185.8133,5.9698
62.027,601.7639,14.6713,249.2481,0.2510,3.8000,-0.4500,358.6557,185.7758,6.7043
62.139,601.7552,14.7991,249.2406,0.2510,3.8000,-0.4500,358.3222,185.7346,7.3781
62.244,601.7501,14.9548,249.2321,0.2510,3.8000,-0.4500,357.9214,185.6800,8.0963
62.350,601.7501,15.0847,249.2252,0.2510,3.8000,-0.4500,357.5825,185.6301,8.6126
62.467,601.7545,15.2382,249.2168,0.2510,3.8000,-0.4500,357.1648,185.5648,9.1268
62.570,601.7615,15.3624,249.2097,0.2510,3.8000,-0.4500,356.8044,185.5057,9.4636
62.680,601.7731,15.5047,249.2006,0.2510,3.8000,-0.4500,356.3542,185.4292,9.7548
62.789,601.7862,15.6158,249.1951,0.2510,3.8000,-0.4500,356.0406,185.3748,9.8770
62.890,601.7996,15.7189,249.1856,0.2510,3.8000,-0.4500,355.6093,185.2992,9.9475
63.000,601.8172,15.8300,249.1732,0.2510,3.8000,-0.4500,355.0759,185.2054,9.9207
63.109,601.8327,15.9108,249.1625,0.2510,3.8001,-0.4500,354.6290,185.1273,9.8060
63.210,601.8489,15.9797,249.1509,0.2510,3.8000,-0.4500,354.1791,185.0499,9.6122
63.327,601.8685,16.0455,249.1359,0.2510,3.8000,-0.4500,353.6359,184.9589,9.2833
63.435,601.8847,16.0856,249.1222,0.2510,3.8000,-0.4500,353.1834,184.8858,8.9363
63.540,601.9037,16.1153,249.1042,0.2510,3.8000,-0.4500,352.6467,184.8031,8.4425
63.652,601.9192,16.1246,249.0879,0.2510,3.8000,-0.4500,352.2107,184.7396,7.9750
63.764,601.9371,16.1173,249.0668,0.2510,3.8000,-0.4500,351.7096,184.6714,7.3589
63.885,601.9545,16.0901,249.0442,0.2510,3.8000,-0.4500,351.2424,184.6131,6.6963
63.985,601.9686,16.0531,249.0244,0.2510,3.8000,-0.4500,350.8865,184.5726,6.1194
64.095,601.9822,16.0038,249.0038,0.2510,3.8000,-0.4500,350.5671,184.5396,5.5294
64.205,601.9982,15.9296,248.9786,0.2510,3.8000,-0.4500,350.2397,184.5094,4.8165
64.306,602.0112,15.8567,248.9575,0.2510,3.8000,-0.4500,350.0189,184.4917,4.2280
64.407,602.0239,15.7748,248.9365,0.2510,3.8000,-0.4500,349.8499,184.4798,3.6532
64.518,602.0364,15.6854,248.9160,0.2510,3.8000,-0.4500,349.7353,184.4729,3.0994
64.623,602.0508,15.5700,248.8927,0.2510,3.8000,-0.4500,349.6723,184.4698,2.4718
64.731,602.0623,15.4688,248.8746,0.2510,3.8000,-0.4500,349.6826,184.4701,1.9863
64.841,602.0754,15.3434,248.8551,0.2510,3.8000,-0.4500,349.7686,184.4727,1.4555
64.942,602.0831,15.2381,248.8404,0.2510,3.8000,-0.4500,349.8685,184.4749,1.1358
65.051,602.0886,15.1334,248.8272,0.2510,3.8000,-0.4500,349.9967,184.4772,0.8936
65.161,602.1017,15.0052,248.8157,0.2510,3.8000,-0.4500,350.3044,184.4808,0.4442
65.262,602.1088,14.9015,248.8068,0.2510,3.8000,-0.4500,350.5362,184.4821,0.2040
65.374,602.1132,14.8006,248.7979,0.2510,3.8000,-0.4500,350.7314,184.4825,0.0479
65.482,602.1204,14.6830,248.7921,0.2510,3.8000,-0.4500,351.0886,184.4821,359.8300
65.600,602.1237,14.5696,248.7836,0.2510,3.8000,-0.4500,351.3166,184.4812,359.7252
65.714,602.1266,14.4782,248.7786,0.2510,3.8000,-0.4500,351.5497,184.4799,359.6397
65.829,602.1263,14.3703,248.7643,0.2510,3.8000,-0.4500,351.5497,184.4799,359.6396
65.935,602.1260,14.2813,248.7525,0.2510,3.8000,-0.4500,351.5497,184.4799,359.6396
66.049,602.1266,14.1745,248.7408,0.2510,3.8000,-0.4500,351.6256,184.4794,359.6172
66.169,602.1262,14.0682,248.7268,0.2510,3.8000,-0.4500,351.6256,184.4794,359.6172
66.270,602.1259,13.9802,248.7152,0.2510,3.8000,-0.4500,351.6256,184.4794,359.6172
66.370,602.1271,13.8938,248.7091,0.2510,3.8000,-0.4500,351.7828,184.4783,359.5838
66.480,602.1268,13.8082,248.6981,0.2510,3.8000,-0.4500,351.7827,184.4783,359.5838
66.581,602.1290,13.7108,248.7000,0.2510,3.8000,-0.4500,352.2114,184.4750,359.5444
66.685,602.1290,13.6317,248.6931,0.2510,3.8000,-0.4500,352.2907,184.4743,359.5403
66.785,602.1293,13.5589,248.6961,0.2510,3.8000,-0.4500,352.6371,184.4715,359.5537
66.898,602.1293,13.4909,248.7028,0.2510,3.8000,-0.4500,353.0588,184.4683,359.5837
67.000,602.1292,13.4158,248.7066,0.2510,3.8000,-0.4500,353.4079,184.4659,359.6173
67.111,602.1290,13.3608,248.7166,0.2510,3.8000,-0.4500,353.8614,184.4630,359.6600
67.212,602.1289,13.3122,248.7277,0.2510,3.8000,-0.4500,354.3212,184.4604,359.6963
67.314,602.1293,13.2703,248.7404,0.2510,3.8000,-0.4500,354.7987,184.4580,359.7219
67.422,602.1306,13.2291,248.7579,0.2510,3.8000,-0.4500,355.4081,184.4551,359.7333
67.533,602.1324,13.2024,248.7745,0.2510,3.8000,-0.4500,355.9499,184.4525,359.7221
67.638,602.1351,13.1826,248.7926,0.2510,3.8000,-0.4500,356.5218,184.4496,359.6884
67.740,602.1388,13.1694,248.8122,0.2510,3.8000,-0.4500,357.1209,184.4460,359.6284
67.851,602.1445,13.1618,248.8371,0.2510,3.8000,-0.4500,357.8697,184.4405,359.5177
67.954,602.1507,13.1618,248.8588,0.2510,3.8000,-0.4500,358.5132,184.4344,359.3903
68.063,602.1596,13.1686,248.8854,0.2510,3.8000,-0.4500,359.3017,184.4247,359.1925
68.173,602.1683,13.1794,248.9078,0.2510,3.8000,-0.4500,359.9668,184.4142,358.9896
68.275,602.1780,13.1943,248.9302,0.2510,3.8000,-0.4500,0.6344,184.4010,358.7520
68.383,602.1912,13.2166,248.9566,0.2510,3.8000,-0.4500,1.4329,184.3814,358.4229
68.498,602.2031,13.2382,248.9781,0.2510,3.8000,-0.4500,2.0917,184.3615,358.1141
68.604,602.2184,13.2672,249.0030,0.2510,3.8000,-0.4500,2.8689,184.3332,357.7068
68.705,602.2318,13.2932,249.0229,0.2510,3.8000,-0.4500,3.5020,184.3058,357.3412
68.817,602.2454,13.3205,249.0419,0.2510,3.8000,-0.4500,4.1188,184.2751,356.9565
68.918,602.2594,13.3489,249.0601,0.2510,3.8000,-0.4500,4.7171,184.2411,356.5582
69.028,602.2761,13.3839,249.0805,0.2510,3.8000,-0.4500,5.4075,184.1964,356.0702
69.140,602.2923,13.4197,249.0993,0.2510,3.8000,-0.4500,6.0651,184.1483,355.5813
69.241,602.3052,13.4501,249.1139,0.2510,3.8000,-0.4500,6.5861,184.1059,355.1812
69.352,602.3173,13.4811,249.1272,0.2510,3.8000,-0.4500,7.0811,184.0622,354.7948
69.464,602.3304,13.5192,249.1417,0.2510,3.8000,-0.4500,7.6388,184.0088,354.3583
69.575,602.3398,13.5520,249.1524,0.2510,3.8000,-0.4500,8.0722,183.9643,354.0247
69.683,602.3490,13.5928,249.1635,0.2510,3.8000,-0.4500,8.5527,183.9119,353.6698
69.792,602.3547,13.6285,249.1712,0.2510,3.8000,-0.4500,8.9189,183.8700,353.4184
69.903,602.3549,13.6730,249.1729,0.2510,3.8000,-0.4500,9.1451,183.8433,353.2851
70.004,602.3547,13.7133,249.1749,0.2510,3.8000,-0.4500,9.3685,183.8164,353.1657
70.115,602.3522,13.7554,249.1741,0.2510,3.8000,-0.4500,9.5203,183.7979,353.1053
70.216,602.3486,13.8007,249.1730,0.2510,3.8000,-0.4500,9.6768,183.7786,353.0638
70.317,602.3430,13.8478,249.1663,0.2510,3.8000,-0.4500,9.6768,183.7786,353.0638
70.428,602.3349,13.9130,249.1653,0.2510,3.8000,-0.4500,9.9228,183.7483,353.0832
70.538,602.3269,13.9701,249.1593,0.2510,3.8000,-0.4500,9.9924,183.7397,353.1230
70.641,602.3125,14.0480,249.1542,0.2510,3.8000,-0.4500,10.1774,183.7173,353.2806
70.755,602.2910,14.1222,249.1502,0.2510,3.8000,-0.4500,10.3787,183.6938,353.6545
70.867,602.2635,14.2164,249.1390,0.2510,3.8000,-0.4500,10.4644,183.6844,354.1467
70.970,602.2399,14.2995,249.1252,0.2510,3.8000,-0.4500,10.4303,183.6878,354.5819
71.070,602.2154,14.3872,249.1084,0.2510,3.8000,-0.4500,10.3276,183.6972,355.0435
71.170,602.1901,14.4797,249.0892,0.2510,3.8000,-0.4500,10.1724,183.7102,355.5316
71.273,602.1642,14.5769,249.0680,0.2510,3.8000,-0.4500,9.9756,183.7249,356.0423
71.383,602.1331,14.6994,249.0407,0.2510,3.8000,-0.4500,9.6953,183.7430,356.6745
71.494,602.1077,14.8059,249.0165,0.2510,3.8000,-0.4500,9.4334,183.7571,357.2067
71.595,602.0832,14.9161,248.9917,0.2510,3.8000,-0.4500,9.1544,183.7696,357.7327
71.699,602.0601,15.0292,248.9666,0.2510,3.8000,-0.4500,8.8678,183.7798,358.2412
71.809,602.0350,15.1683,248.9367,0.2510,3.8000,-0.4500,8.5302,183.7886,358.8123
71.911,602.0166,15.2865,248.9128,0.2510,3.8000,-0.4500,8.2703,183.7930,359.2418
72.023,602.0031,15.4287,248.8887,0.2510,3.8000,-0.4500,8.0882,183.7950,359.5468
72.135,601.9987,15.5473,248.8726,0.2510,3.8000,-0.4500,8.0490,183.7953,359.6209
72.247,601.9915,15.6903,248.8522,0.2510,3.8000,-0.4500,7.9718,183.7957,359.7700
72.349,601.9902,15.8055,248.8380,0.2510,3.8000,-0.4500,7.9718,183.7957,359.7700
72.457,601.9836,15.9163,248.8175,0.2510,3.8000,-0.4500,7.7674,183.7962,359.9111
72.566,601.9799,16.0377,248.7951,0.2510,3.8000,-0.4500,7.5352,183.7964,359.9714
72.670,601.9815,16.1236,248.7699,0.2510,3.8000,-0.4500,7.0862,183.7970,359.8735
72.783,601.9892,16.2099,248.7422,0.2510,3.8000,-0.4500,6.5551,183.7993,359.5865
72.892,601.9992,16.2676,248.7213,0.2510,3.8000,-0.4500,6.1231,183.8037,359.2505
73.014,602.0134,16.3198,248.6981,0.2510,3.8000,-0.4500,5.6048,183.8127,358.7769
73.118,602.0264,16.3494,248.6801,0.2510,3.8000,-0.4500,5.1722,183.8235,358.3510
73.229,602.0427,16.3695,248.6601,0.2510,3.8000,-0.4500,4.6606,183.8406,357.8309
73.331,602.0562,16.3747,248.6449,0.2510,3.8000,-0.4500,4.2508,183.8577,357.4093
73.443,602.0718,16.3694,248.6286,0.2510,3.8000,-0.4500,3.7935,183.8804,356.9395
73.544,602.0837,16.3573,248.6167,0.2510,3.8000,-0.4500,3.4517,183.8997,356.5929
73.659,602.0905,16.3431,248.6107,0.2510,3.8000,-0.4500,3.2675,183.9110,356.4097
73.769,602.0974,16.3216,248.6050,0.2510,3.8000,-0.4500,3.0851,183.9227,356.2388
73.881,602.0985,16.3016,248.6058,0.2510,3.8000,-0.4500,3.0851,183.9227,356.2388
73.993,602.0994,16.2854,248.6065,0.2510,3.8000,-0.4500,3.0851,183.9227,356.2388
74.096,602.1002,16.2717,248.6071,0.2510,3.8000,-0.4500,3.0851,183.9227,356.2388
74.198,602.1008,16.2625,248.6075,0.2510,3.8000,-0.4500,3.0851,183.9227,356.2388
74.309,602.1009,16.2598,248.6075,0.2510,3.8000,-0.4500,3.0851,183.9227,356.2388
74.422,602.1003,16.2684,248.6071,0.2510,3.8000,-0.4500,3.0851,183.9227,356.2388
74.524,602.0894,16.2908,248.6083,0.2510,3.8000,-0.4500,3.1329,183.9197,356.5121
74.636,602.0702,16.3281,248.6130,0.2510,3.8000,-0.4500,3.2916,183.9108,357.0124
74.749,602.0473,16.3880,248.6206,0.2510,3.8000,-0.4500,3.5670,183.8979,357.6072
74.849,602.0286,16.4502,248.6272,0.2510,3.8000,-0.4500,3.8314,183.8879,358.0932
74.958,602.0104,16.5231,248.6330,0.2510,3.8000,-0.4500,4.1041,183.8800,358.5724
75.068,601.9894,16.6232,248.6382,0.2510,3.8000,-0.4500,4.4185,183.8737,359.1321
75.172,601.9731,16.7155,248.6406,0.2510,3.8000,-0.4500,4.6539,183.8710,359.5757
75.272,601.9584,16.8142,248.6407,0.2510,3.8000,-0.4500,4.8521,183.8702,359.9875
75.380,601.9528,16.9319,248.6342,0.2510,3.8000,-0.4500,4.9185,183.8703,0.1409
75.485,601.9418,17.0374,248.6297,0.2510,3.8000,-0.4500,5.0145,183.8708,0.4645
75.596,601.9421,17.1378,248.6219,0.2510,3.8000,-0.4500,5.0145,183.8708,0.4645
75.698,601.9368,17.2404,248.6143,0.2510,3.8000,-0.4500,5.0213,183.8709,0.6273
75.800,601.9346,17.3571,248.6039,0.2510,3.8000,-0.4500,4.9846,183.8704,0.6996
75.901,601.9286,17.4498,248.5910,0.2510,3.8000,-0.4500,4.8125,183.8681,0.8817
76.012,601.9249,17.5337,248.5776,0.2510,3.8000,-0.4500,4.5998,183.8645,1.0007
76.118,601.9231,17.6057,248.5571,0.2510,3.8000,-0.4500,4.1494,183.8563,1.0468
76.230,601.9260,17.6748,248.5317,0.2510,3.8000,-0.4500,3.5435,183.8457,0.9433
76.342,601.9327,17.7242,248.5060,0.2510,3.8000,-0.4500,2.8838,183.8360,0.7158
76.451,601.9403,17.7496,248.4839,0.2510,3.8000,-0.4500,2.2888,183.8299,0.4634
76.552,601.9487,17.7603,248.4611,0.2510,3.8000,-0.4500,1.6536,183.8264,0.1734
76.666,601.9598,17.7537,248.4325,0.2510,3.8000,-0.4500,0.8462,183.8266,359.7958
76.768,601.9695,17.7322,248.4078,0.2510,3.8000,-0.4500,0.1454,183.8311,359.4712
76.871,601.9793,17.6968,248.3823,0.2510,3.8000,-0.4500,359.4296,183.8397,359.1500
76.971,601.9889,17.6484,248.3560,0.2510,3.8000,-0.4500,358.7091,183.8523,358.8432
77.082,601.9998,17.5745,248.3237,0.2510,3.8000,-0.4500,357.8530,183.8722,358.5085
77.183,602.0079,17.5014,248.2963,0.2510,3.8000,-0.4500,357.1584,183.8918,358.2683
77.294,602.0151,17.4195,248.2688,0.2510,3.8000,-0.4500,356.4911,183.9131,358.0719
77.405,602.0220,17.3116,248.2359,0.2510,3.8000,-0.4500,355.7382,183.9397,357.9030
77.508,602.0259,17.2157,248.2090,0.2510,3.8000,-0.4500,355.1591,183.9614,357.8230
77.615,602.0281,17.1161,248.1830,0.2510,3.8000,-0.4500,354.6306,183.9818,357.8007
77.716,602.0286,17.0144,248.1580,0.2510,3.8000,-0.4500,354.1574,183.9999,357.8359
77.825,602.0287,16.8917,248.1350,0.2510,3.8000,-0.4500,353.8208,184.0125,357.9037
77.937,602.0256,16.7896,248.1143,0.2510,3.8000,-0.4500,353.4959,184.0241,358.0425
78.038,602.0212,16.6894,248.0945,0.2510,3.8000,-0.4500,353.2016,184.0338,358.2089
78.147,602.0175,16.5709,248.0760,0.2510,3.8000,-0.4500,353.0166,184.0394,358.3695
78.249,602.0101,16.4758,248.0591,0.2510,3.8000,-0.4500,352.8032,184.0451,358.6131
78.361,602.0115,16.3605,248.0460,0.2510,3.8000,-0.4500,352.8032,184.0451,358.6130
78.472,602.0078,16.2684,248.0332,0.2510,3.8000,-0.4500,352.7209,184.0470,358.7507
78.580,602.0037,16.1604,248.0186,0.2510,3.8000,-0.4500,352.6398,184.0487,358.8938
78.685,601.9994,16.0716,248.0058,0.2510,3.8000,-0.4500,352.5531,184.0503,359.0323
78.786,601.9871,15.9867,247.9887,0.2510,3.8000,-0.4500,352.3053,184.0537,359.3836
78.894,601.9747,15.9029,247.9714,0.2510,3.8000,-0.4500,352.0516,184.0557,359.7221
78.999,601.9614,15.8218,247.9540,0.2510,3.8000,-0.4500,351.7924,184.0561,0.0783
79.100,601.9424,15.7306,247.9335,0.2510,3.8000,-0.4500,351.4728,184.0543,0.5729
79.204,601.9238,15.6617,247.9176,0.2510,3.8000,-0.4500,351.2073,184.0506,1.0595
79.304,601.9025,15.6009,247.9034,0.2510,3.8000,-0.4500,350.9549,184.0446,1.6186
79.418,601.8787,15.5500,247.8916,0.2510,3.8000,-0.4500,350.7282,184.0369,2.2485
79.523,601.8476,15.5041,247.8817,0.2510,3.8000,-0.4500,350.5069,184.0266,3.0907
79.627,601.8203,15.4802,247.8776,0.2510,3.8000,-0.4500,350.3765,184.0186,3.8565
79.730,601.7924,15.4707,247.8779,0.2510,3.8000,-0.4500,350.3035,184.0132,4.6714
79.839,601.7649,15.4769,247.8828,0.2510,3.8000,-0.4500,350.2933,184.0123,5.5261
79.942,601.7334,15.5061,247.8951,0.2510,3.8000,-0.4500,350.3675,184.0205,6.5899
80.051,601.7095,15.5496,247.9104,0.2510,3.8000,-0.4500,350.5014,184.0373,7.4953
80.155,601.6888,15.6106,247.9303,0.2510,3.8000,-0.4500,350.6979,184.0652,8.4054
80.257,601.6721,15.6893,247.9541,0.2510,3.8000,-0.4500,350.9516,184.1054,9.3083
80.368,601.6584,15.8065,247.9871,0.2510,3.8001,-0.4500,351.3212,184.1703,10.3650
80.475,601.6531,15.9223,248.0174,0.2510,3.8000,-0.4500,351.6724,184.2381,11.2091
80.584,601.6548,16.0811,248.0559,0.2510,3.8000,-0.4500,352.1294,184.3336,12.1608
80.695,601.6631,16.2285,248.0886,0.2510,3.8000,-0.4500,352.5262,184.4226,12.8899
80.801,601.6814,16.4207,248.1275,0.2510,3.7999,-0.4500,353.0034,184.5362,13.6734
80.907,601.7034,16.5913,248.1586,0.2510,3.8001,-0.4500,353.3881,184.6325,14.2399
81.010,601.7309,16.7692,248.1879,0.2510,3.7999,-0.4500,353.7493,184.7264,14.7199
81.110,601.7636,16.9522,248.2148,0.2510,3.8001,-0.4500,354.0771,184.8143,15.1076
81.216,601.8017,17.1366,248.2366,0.2510,3.8001,-0.4500,354.3093,184.8778,15.3483
81.325,601.8545,17.3528,248.2507,0.2510,3.8001,-0.4500,354.3093,184.8778,15.3483
81.435,601.8986,17.5337,248.2625,0.2510,3.8001,-0.4500,354.3093,184.8778,15.3483
81.535,601.9421,17.7127,248.2741,0.2510,3.8001,-0.4500,354.3093,184.8778,15.3483
81.643,601.9928,17.9218,248.2877,0.2510,3.8001,-0.4500,354.3093,184.8778,15.3483
81.756,602.0332,18.0886,248.2985,0.2510,3.8001,-0.4500,354.3093,184.8778,15.3483
81.861,602.0887,18.2694,248.3141,0.2510,3.8000,-0.4500,354.4807,184.9245,14.9333
81.971,602.1347,18.4029,248.3204,0.2510,3.8001,-0.4500,354.4916,184.9275,14.4225
82.077,602.1779,18.5217,248.3208,0.2510,3.8000,-0.4500,354.3636,184.8952,13.8518
82.186,602.2260,18.6427,248.3155,0.2510,3.8000,-0.4500,354.0831,184.8278,13.0914
82.297,602.2631,18.7245,248.3075,0.2510,3.8001,-0.4500,353.7780,184.7584,12.3963
82.406,602.3041,18.7986,248.2943,0.2510,3.8000,-0.4500,353.3547,184.6683,11.4957
82.513,602.3356,18.8398,248.2807,0.2510,3.8000,-0.4500,352.9709,184.5925,10.6994
82.623,602.3702,18.8646,248.2615,0.2510,3.8000,-0.4500,352.4905,184.5053,9.7035
82.731,602.3967,18.8653,248.2434,0.2510,3.8000,-0.4500,352.0871,184.4388,8.8527
82.840,602.4211,18.8485,248.2237,0.2510,3.8000,-0.4500,351.6925,184.3798,7.9949
82.951,602.4482,18.8065,248.1982,0.2510,3.8000,-0.4500,351.2452,184.3203,6.9718
83.057,602.4689,18.7549,248.1758,0.2510,3.8000,-0.4500,350.9061,184.2808,6.1370
83.164,602.4922,18.6752,248.1482,0.2510,3.8000,-0.4500,350.5529,184.2453,5.1714
83.276,602.5103,18.5960,248.1251,0.2510,3.8000,-0.4500,350.3121,184.2248,4.4074
83.384,602.5305,18.4881,248.0979,0.2510,3.8000,-0.4500,350.0966,184.2095,3.5508
83.490,602.5463,18.3896,248.0764,0.2510,3.8000,-0.4500,349.9832,184.2030,2.8945
83.607,602.5640,18.2636,248.0527,0.2510,3.8000,-0.4500,349.9297,184.2005,2.1831
83.718,602.5773,18.1544,248.0348,0.2510,3.8000,-0.4500,349.9543,184.2014,1.6574
83.824,602.5918,18.0207,248.0156,0.2510,3.8000,-0.4500,350.0636,184.2040,1.1097
83.933,602.5999,17.9098,248.0011,0.2510,3.8000,-0.4500,350.1811,184.2059,0.7949
84.042,602.6097,17.7775,247.9871,0.2510,3.8000,-0.4500,350.4102,184.2084,0.4387
84.147,602.6149,17.6698,247.9758,0.2510,3.8000,-0.4500,350.5732,184.2094,0.2510
84.251,602.6235,17.5631,247.9698,0.2510,3.8000,-0.4500,350.8939,184.2100,359.9809
84.361,602.6272,17.4408,247.9592,0.2510,3.8000,-0.4500,351.1095,184.2097,359.8550
84.472,602.6295,17.3417,247.9502,0.2510,3.8000,-0.4500,351.2603,184.2092,359.7813
84.580,602.6313,17.2263,247.9396,0.2510,3.8000,-0.4500,351.4164,184.2085,359.7175
84.699,602.6331,17.1317,247.9321,0.2510,3.8000,-0.4500,351.5750,184.2076,359.6648
84.801,602.6327,17.0187,247.9172,0.2510,3.8000,-0.4500,351.5750,184.2076,359.6647
84.907,602.6324,16.9232,247.9045,0.2510,3.8000,-0.4500,351.5750,184.2076,359.6648
85.011,602.6321,16.8253,247.8915,0.2510,3.8000,-0.4500,351.5751,184.2076,359.6648
85.122,602.6317,16.7030,247.8753,0.2510,3.8000,-0.4500,351.5751,184.2076,359.6648
85.226,602.6310,16.5963,247.8612,0.2510,3.8000,-0.4500,351.5751,184.2076,359.6648
85.332,602.6304,16.4846,247.8465,0.2510,3.8000,-0.4500,351.5751,184.2076,359.6648
85.443,602.6331,16.3405,247.8191,0.2510,3.8000,-0.4500,351.3419,184.2093,359.5522
85.553,602.6371,16.2137,247.7869,0.2510,3.8000,-0.4500,350.9227,184.2132,359.3938
85.657,602.6389,16.0847,247.7599,0.2510,3.8000,-0.4500,350.6808,184.2160,359.3240
85.767,602.6408,15.9226,247.7217,0.2510,3.8000,-0.4500,350.2674,184.2212,359.2358
85.875,602.6418,15.7850,247.6922,0.2510,3.8000,-0.4500,350.0231,184.2246,359.1927
85.982,602.6426,15.6154,247.6599,0.2510,3.8000,-0.4500,349.8593,184.2270,359.1690
86.099,602.6432,15.4723,247.6284,0.2510,3.8000,-0.4500,349.6059,184.2308,359.1377
86.209,602.6436,15.2998,247.6004,0.2510,3.8000,-0.4500,349.6059,184.2308,359.1377
86.313,602.6439,15.1563,247.5771,0.2510,3.8000,-0.4500,349.6059,184.2308,359.1377
86.417,602.6442,15.0145,247.5540,0.2510,3.8000,-0.4500,349.6059,184.2308,359.1377
86.525,602.6446,14.8486,247.5271,0.2510,3.8000,-0.4500,349.6059,184.2308,359.1377
86.636,602.6449,14.7158,247.5056,0.2510,3.8000,-0.4500,349.6059,184.2308,359.1377
86.744,602.6453,14.5653,247.4812,0.2510,3.8000,-0.4500,349.6059,184.2308,359.1377
86.845,602.6432,14.4507,247.4645,0.2510,3.8000,-0.4500,349.6526,184.2301,359.2106
86.954,602.6309,14.3521,247.4618,0.2510,3.8000,-0.4500,349.9952,184.2266,359.5910
87.060,602.6172,14.2491,247.4673,0.2510,3.8000,-0.4500,350.5765,184.2246,0.0053
87.168,602.6070,14.1780,247.4784,0.2510,3.8000,-0.4500,351.1719,184.2264,0.3225
87.271,602.5969,14.1224,247.4953,0.2510,3.8000,-0.4500,351.8588,184.2323,0.6362
87.377,602.5867,14.0842,247.5173,0.2510,3.8000,-0.4500,352.6321,184.2431,0.9584
87.494,602.5747,14.0633,247.5501,0.2510,3.8000,-0.4500,353.6663,184.2642,1.3616
87.602,602.5627,14.0711,247.5893,0.2510,3.8000,-0.4500,354.8051,184.2956,1.7804
87.709,602.5535,14.1004,247.6261,0.2510,3.8000,-0.4500,355.8228,184.3305,2.1360
87.817,602.5455,14.1508,247.6659,0.2510,3.8000,-0.4500,356.8916,184.3738,2.4910
87.920,602.5382,14.2385,247.7157,0.2510,3.8000,-0.4500,358.2243,184.4368,2.9066
88.029,602.5343,14.3337,247.7572,0.2510,3.8000,-0.4500,359.3604,184.4978,3.2353
88.135,602.5328,14.4478,247.7973,0.2510,3.8000,-0.4500,0.5039,184.5655,3.5396
88.243,602.5343,14.6074,247.8417,0.2510,3.8000,-0.4500,1.8647,184.6536,3.8616
88.347,602.5386,14.7572,247.8743,0.2510,3.8000,-0.4500,2.9720,184.7307,4.0855
88.454,602.5455,14.9200,247.9021,0.2510,3.8000,-0.4500,4.0402,184.8088,4.2618
88.561,602.5574,15.1296,247.9283,0.2510,3.8000,-0.4500,5.2536,184.9012,4.4023
88.666,602.5698,15.3133,247.9437,0.2510,3.8000,-0.4500,6.1953,184.9745,4.4545
88.773,602.5845,15.5027,247.9532,0.2510,3.8000,-0.4500,7.0649,185.0428,4.4441
88.886,602.6044,15.7345,247.9572,0.2510,3.8000,-0.4500,8.0042,185.1157,4.3452
88.998,602.6227,15.9287,247.9546,0.2510,3.8000,-0.4500,8.6947,185.1679,4.1894
89.104,602.6462,16.1600,247.9452,0.2510,3.8000,-0.4500,9.4085,185.2192,3.9145
89.210,602.6666,16.3490,247.9328,0.2510,3.8000,-0.4500,9.9063,185.2525,3.6133
89.319,602.6876,16.5326,247.9170,0.2510,3.8000,-0.4500,10.3158,185.2775,3.2492
89.425,602.7133,16.7435,247.8944,0.2510,3.8000,-0.4500,10.6928,185.2977,2.7337
89.532,602.7349,16.9095,247.8734,0.2510,3.8000,-0.4500,10.9143,185.3076,2.2438
89.640,602.7564,17.0652,247.8510,0.2510,3.8000,-0.4500,11.0551,185.3126,1.7049
89.745,602.7820,17.2370,247.8231,0.2510,3.8000,-0.4500,11.1236,185.3144,1.0022
89.853,602.8029,17.3663,247.7995,0.2510,3.8000,-0.4500,11.1029,185.3142,0.3783
89.972,602.8276,17.5039,247.7716,0.2510,3.8000,-0.4500,10.9940,185.3143,359.5957
90.084,602.8520,17.6217,247.7445,0.2510,3.8000,-0.4500,10.8051,185.3171,358.7904
90.189,602.8718,17.7046,247.7230,0.2510,3.8000,-0.4500,10.5966,185.3229,358.1136
90.295,602.8912,17.7738,247.7027,0.2510,3.8000,-0.4500,10.3514,185.3326,357.4422
90.404,602.9138,17.8396,247.6801,0.2510,3.8000,-0.4500,10.0229,185.3498,356.6582
90.515,602.9320,17.8811,247.6630,0.2510,3.8000,-0.4500,9.7338,185.3686,356.0353
90.622,602.9525,17.9169,247.6446,0.2510,3.8000,-0.4500,9.3863,185.3952,355.3401
90.730,602.9683,17.9369,247.6313,0.2510,3.8000,-0.4500,9.1114,185.4191,354.8170
90.836,602.9825,17.9501,247.6200,0.2510,3.8000,-0.4500,8.8649,185.4428,354.3562
90.945,602.9918,17.9634,247.6118,0.2510,3.8000,-0.4500,8.6980,185.4600,354.0396
91.059,602.9930,17.9743,247.6090,0.2510,3.8000,-0.4500,8.6652,185.4635,353.9654
91.171,602.9943,17.9855,247.6062,0.2510,3.8000,-0.4500,8.6332,185.4669,353.8910
91.278,602.9932,17.9946,247.6050,0.2510,3.8000,-0.4500,8.6332,185.4669,353.8910
91.383,602.9948,18.0032,247.6026,0.2510,3.8000,-0.4500,8.6016,185.4703,353.8188
91.493,602.9939,18.0108,247.6016,0.2510,3.8000,-0.4500,8.6016,185.4703,353.8188
91.600,602.9984,18.0137,247.5981,0.2510,3.8000,-0.4500,8.5189,185.4795,353.6790
91.705,603.0026,18.0145,247.5942,0.2510,3.8000,-0.4500,8.4168,185.4911,353.5474
91.817,603.0072,18.0112,247.5907,0.2510,3.8000,-0.4500,8.3115,185.5032,353.4225
91.925,603.0154,17.9994,247.5831,0.2510,3.8000,-0.4500,8.0620,185.5328,353.2104
92.031,603.0219,17.9843,247.5774,0.2510,3.8000,-0.4500,7.8582,185.5575,353.0634
92.150,603.0332,17.9552,247.5646,0.2510,3.8000,-0.4500,7.4125,185.6133,352.8087
92.259,603.0413,17.9252,247.5568,0.2510,3.8000,-0.4500,7.1113,185.6520,352.6600
92.365,603.0532,17.8785,247.5440,0.2510,3.8000,-0.4500,6.6301,185.7153,352.4540
92.470,603.0637,17.8312,247.5332,0.2510,3.8000,-0.4500,6.2124,185.7716,352.2922
92.579,603.0748,17.7763,247.5225,0.2510,3.8000,-0.4500,5.7866,185.8302,352.1406
92.684,603.0891,17.7005,247.5094,0.2510,3.8000,-0.4500,5.2639,185.9035,351.9718
92.789,603.1016,17.6295,247.4982,0.2510,3.8000,-0.4500,4.8210,185.9667,351.8443
92.901,603.1169,17.5355,247.4846,0.2510,3.8000,-0.4500,4.2892,186.0438,351.7130
93.006,603.1299,17.4509,247.4734,0.2510,3.8000,-0.4500,3.8542,186.1077,351.6269
93.116,603.1428,17.3616,247.4624,0.2510,3.8000,-0.4500,3.4355,186.1696,351.5675
93.228,603.1571,17.2513,247.4548,0.2510,3.8000,-0.4500,3.0984,186.2198,351.5496
93.338,603.1683,17.1561,247.4460,0.2510,3.8000,-0.4500,2.7582,186.2703,351.5613
93.445,603.1824,17.0423,247.4435,0.2510,3.8000,-0.4500,2.5984,186.2941,351.5773
93.551,603.1898,16.9478,247.4351,0.2510,3.8000,-0.4500,2.2814,186.3407,351.6871
93.662,603.2003,16.8388,247.4330,0.2510,3.8000,-0.4500,2.1459,186.3604,351.7834
93.766,603.2072,16.7521,247.4306,0.2510,3.8000,-0.4500,2.0210,186.3784,351.8910
93.874,603.2057,16.6744,247.4277,0.2510,3.8000,-0.4500,1.8675,186.3999,352.1926
93.984,603.1974,16.5934,247.4279,0.2510,3.8000,-0.4500,1.7849,186.4110,352.6949
94.091,603.1888,16.5375,247.4328,0.2510,3.8000,-0.4500,1.8538,186.4025,353.1212
94.197,603.1786,16.4939,247.4412,0.2510,3.8000,-0.4500,2.0287,186.3821,353.5627
94.312,603.1635,16.4597,247.4554,0.2510,3.8000,-0.4500,2.3569,186.3467,354.1224
94.421,603.1456,16.4472,247.4731,0.2510,3.8000,-0.4500,2.7966,186.3038,354.7155
94.526,603.1285,16.4543,247.4898,0.2510,3.8000,-0.4500,3.2374,186.2650,355.2296
94.634,603.1103,16.4778,247.5077,0.2510,3.8000,-0.4500,3.7362,186.2256,355.7534
94.743,603.0873,16.5275,247.5297,0.2510,3.8000,-0.4500,4.3973,186.1801,356.3812
94.848,603.0681,16.5862,247.5476,0.2510,3.8000,-0.4500,4.9870,186.1454,356.8914
94.955,603.0494,16.6598,247.5645,0.2510,3.8000,-0.4500,5.5988,186.1147,357.3784
95.067,603.0283,16.7658,247.5822,0.2510,3.8000,-0.4500,6.3437,186.0840,357.9167
95.175,603.0125,16.8671,247.5943,0.2510,3.8000,-0.4500,6.9578,186.0637,358.3149
95.280,602.9962,17.0012,247.6048,0.2510,3.8000,-0.4500,7.6676,186.0452,358.7189
95.385,602.9852,17.1210,247.6099,0.2510,3.8000,-0.4500,8.2224,186.0340,358.9849
95.493,602.9768,17.2458,247.6116,0.2510,3.8000,-0.4500,8.7324,186.0258,359.1803
95.601,602.9698,17.3991,247.6092,0.2510,3.8000,-0.4500,9.2728,186.0187,359.3156
95.718,602.9666,17.5234,247.5941,0.2510,3.8000,-0.4500,9.3545,186.0177,359.3274
95.829,602.9657,17.6747,247.5860,0.2510,3.8000,-0.4500,9.7686,186.0127,359.2790
95.938,602.9641,17.7955,247.5703,0.2510,3.8000,-0.4500,9.8431,186.0117,359.2392
96.046,602.9677,17.9357,247.5579,0.2510,3.8000,-0.4500,10.1191,186.0075,359.0408
96.156,602.9772,18.0421,247.5480,0.2510,3.8000,-0.4500,10.3319,186.0033,358.6842
96.264,602.9899,18.1575,247.5324,0.2510,3.8000,-0.4500,10.4343,186.0006,358.1961
96.370,603.0011,18.2422,247.5174,0.2510,3.8000,-0.4500,10.4064,186.0016,357.7605
96.479,603.0126,18.3156,247.5015,0.2510,3.8000,-0.4500,10.3012,186.0063,357.3004
96.584,603.0280,18.3888,247.4824,0.2510,3.8000,-0.4500,10.1007,186.0170,356.7221
96.694,603.0411,18.4373,247.4669,0.2510,3.8000,-0.4500,9.8896,186.0302,356.2282
96.811,603.0575,18.4813,247.4495,0.2510,3.8000,-0.4500,9.6042,186.0508,355.6379
96.914,603.0713,18.5074,247.4362,0.2510,3.8000,-0.4500,9.3557,186.0711,355.1629
97.025,603.0872,18.5279,247.4222,0.2510,3.8000,-0.4500,9.0664,186.0972,354.6334
97.131,603.0966,18.5399,247.4137,0.2510,3.8000,-0.4500,8.8911,186.1144,354.3161
97.241,603.1025,18.5513,247.4077,0.2510,3.8000,-0.4500,8.7750,186.1263,354.1007
97.347,603.1013,18.5615,247.4063,0.2510,3.8000,-0.4500,8.7750,186.1263,354.1006
97.456,603.1028,18.5700,247.4040,0.2510,3.8000,-0.4500,8.7472,186.1293,354.0251
97.568,603.1012,18.5837,247.4021,0.2510,3.8000,-0.4500,8.7472,186.1293,354.0251
97.678,603.0995,18.5986,247.4001,0.2510,3.8000,-0.4500,8.7472,186.1293,354.0251
97.787,603.1021,18.6206,247.4005,0.2510,3.8000,-0.4500,8.8528,186.1180,353.8942
97.888,603.1076,18.6449,247.4054,0.2510,3.8000,-0.4500,9.1051,186.0901,353.6821
98.000,603.1072,18.6738,247.4064,0.2510,3.8000,-0.4500,9.2526,186.0734,353.6107
98.107,603.1089,18.7172,247.4171,0.2510,3.8000,-0.4500,9.7466,186.0167,353.4651
98.221,603.1052,18.7622,247.4163,0.2510,3.8000,-0.4500,9.9077,185.9979,353.4325
98.325,603.1044,18.8055,247.4245,0.2510,3.8000,-0.4500,10.3230,185.9491,353.3568
98.431,603.0995,18.8461,247.4185,0.2510,3.8000,-0.4500,10.3230,185.9490,353.3568
98.550,603.0967,18.8970,247.4194,0.2510,3.8000,-0.4500,10.5652,185.9202,353.2915
98.660,603.0923,18.9449,247.4147,0.2510,3.8000,-0.4500,10.6394,185.9113,353.2605
98.764,603.0893,18.9827,247.4113,0.2510,3.8000,-0.4500,10.7101,185.9027,353.2220
98.871,603.0895,19.0166,247.4100,0.2510,3.8000,-0.4500,10.8285,185.8883,353.1096
98.975,603.0856,19.0479,247.4052,0.2510,3.8000,-0.4500,10.8285,185.8883,353.1096
99.080,603.0904,19.0762,247.4032,0.2510,3.8000,-0.4500,10.9123,185.8778,352.8862
99.186,603.0973,19.0928,247.4003,0.2510,3.7999,-0.4500,10.9187,185.8770,352.6378
99.298,603.1044,19.1028,247.3966,0.2510,3.8000,-0.4500,10.8712,185.8834,352.3993
99.407,603.1170,19.1038,247.3897,0.2510,3.8000,-0.4500,10.7020,185.9070,352.0276
99.513,603.1248,19.0984,247.3851,0.2510,3.8000,-0.4500,10.5564,185.9281,351.8222
99.621,603.1404,19.0792,247.3751,0.2510,3.8000,-0.4500,10.2143,185.9793,351.4361
99.726,603.1489,19.0593,247.3714,0.2510,3.8001,-0.4500,10.0374,186.0066,351.2676
99.838,603.1622,19.0300,247.3638,0.2510,3.8000,-0.4500,9.7222,186.0565,350.9961
99.940,603.1732,18.9918,247.3616,0.2510,3.8000,-0.4500,9.5218,186.0891,350.8386
100.048,603.1840,18.9537,247.3592,0.2510,3.8000,-0.4500,9.3250,186.1215,350.6882
100.155,603.1951,18.9118,247.3573,0.2510,3.8000,-0.4500,9.1310,186.1540,350.5469
100.258,603.2032,18.8695,247.3602,0.2510,3.8000,-0.4500,9.0669,186.1648,350.5017
100.368,603.2149,18.8148,247.3620,0.2510,3.8000,-0.4500,8.9367,186.1870,350.4121
100.477,603.2222,18.7705,247.3673,0.2510,3.8000,-0.4500,8.9367,186.1870,350.4121
100.578,603.2294,18.7264,247.3726,0.2510,3.8000,-0.4500,8.9367,186.1870,350.4121
100.686,603.2376,18.6754,247.3787,0.2510,3.8000,-0.4500,8.9367,186.1870,350.4121
100.796,603.2440,18.6358,247.3834,0.2510,3.8000,-0.4500,8.9367,186.1870,350.4121
100.898,603.2499,18.5997,247.3877,0.2510,3.8000,-0.4500,8.9367,186.1870,350.4121
101.008,603.2559,18.5625,247.3922,0.2510,3.8000,-0.4500,8.9367,186.1870,350.4121
101.116,603.2599,18.5372,247.3951,0.2510,3.8000,-0.4500,8.9367,186.1870,350.4121
101.218,603.2630,18.5180,247.3974,0.2510,3.8000,-0.4500,8.9367,186.1870,350.4121
101.328,603.2585,18.5078,247.4052,0.2510,3.8000,-0.4500,9.1109,186.1575,350.5955
101.446,603.2457,18.5121,247.4187,0.2510,3.8000,-0.4500,9.4842,186.0961,350.9655
101.553,603.2369,18.5211,247.4263,0.2510,3.8000,-0.4500,9.7210,186.0584,351.1903
101.654,603.2271,18.5367,247.4331,0.2510,3.8000,-0.4500,9.9612,186.0211,351.4178
101.763,603.2158,18.5622,247.4381,0.2510,3.8000,-0.4500,10.1942,185.9859,351.6454
101.871,603.2059,18.5889,247.4407,0.2510,3.8000,-0.4500,10.3665,185.9604,351.8271
101.973,603.1976,18.6187,247.4404,0.2510,3.8000,-0.4500,10.4756,185.9446,351.9506
102.073,603.1863,18.6538,247.4409,0.2510,3.8000,-0.4500,10.6295,185.9228,352.1404
102.178,603.1792,18.6886,247.4373,0.2510,3.8000,-0.4500,10.6711,185.9169,352.2082
102.289,603.1709,18.7324,247.4322,0.2510,3.8000,-0.4500,10.7103,185.9115,352.2778
102.397,603.1632,18.7700,247.4277,0.2510,3.8001,-0.4500,10.7387,185.9076,352.3521
102.502,603.1545,18.8143,247.4216,0.2510,3.8000,-0.4500,10.7489,185.9062,352.4316
102.619,603.1499,18.8488,247.4164,0.2510,3.8000,-0.4500,10.7489,185.9062,352.4316
102.730,603.1359,18.8895,247.4086,0.2510,3.8000,-0.4500,10.6812,185.9152,352.6724
102.838,603.1271,18.9191,247.4006,0.2510,3.8000,-0.4500,10.5671,185.9300,352.8009
102.939,603.1176,18.9441,247.3907,0.2510,3.8000,-0.4500,10.3730,185.9546,352.9647
103.049,603.1083,18.9671,247.3779,0.2510,3.8000,-0.4500,10.0829,185.9906,353.1191
103.160,603.1024,18.9843,247.3641,0.2510,3.8000,-0.4500,9.7466,186.0315,353.1992
103.265,603.0995,18.9947,247.3571,0.2510,3.8000,-0.4500,9.5822,186.0513,353.2284
103.375,603.0970,19.0012,247.3454,0.2510,3.8000,-0.4500,9.2628,186.0897,353.2534
103.481,603.0959,19.0098,247.3442,0.2510,3.8000,-0.4500,9.2628,186.0897,353.2534
103.600,603.0950,19.0169,247.3432,0.2510,3.8000,-0.4500,9.2628,186.0897,353.2534
103.708,603.0937,19.0279,247.3417,0.2510,3.8000,-0.4500,9.2628,186.0897,353.2534
103.816,603.0920,19.0413,247.3399,0.2510,3.8000,-0.4500,9.2627,186.0897,353.2534
103.922,603.0890,19.0649,247.3366,0.2510,3.8000,-0.4500,9.2628,186.0897,353.2534
104.023,603.0855,19.0930,247.3328,0.2510,3.8000,-0.4500,9.2628,186.0897,353.2534
104.133,603.0641,19.1377,247.3299,0.2510,3.8000,-0.4500,9.3193,186.0833,353.7113
104.246,603.0364,19.2066,247.3289,0.2510,3.8000,-0.4500,9.5217,186.0618,354.2939
104.356,603.0128,19.2769,247.3280,0.2510,3.8000,-0.4500,9.7500,186.0397,354.7801
104.462,602.9835,19.3760,247.3249,0.2510,3.8000,-0.4500,10.0412,186.0142,355.3728
104.570,602.9586,19.4698,247.3197,0.2510,3.8000,-0.4500,10.2686,185.9965,355.8743
104.679,602.9335,19.5726,247.3115,0.2510,3.8000,-0.4500,10.4625,185.9831,356.3753
104.790,602.9041,19.7055,247.2975,0.2510,3.8000,-0.4500,10.6311,185.9731,356.9616
104.900,602.8765,19.8458,247.2787,0.2510,3.8000,-0.4500,10.7125,185.9690,357.5136
105.013,602.8582,19.9647,247.2599,0.2510,3.8000,-0.4500,10.7052,185.9693,357.8553
105.124,602.8390,20.1083,247.2344,0.2510,3.8000,-0.4500,10.6196,185.9722,358.1948
105.229,602.8196,20.2285,247.2092,0.2510,3.8000,-0.4500,10.4269,185.9776,358.5878
105.340,602.8030,20.3669,247.1785,0.2510,3.8000,-0.4500,10.1446,185.9839,358.8951
105.451,602.7902,20.4756,247.1491,0.2510,3.8000,-0.4500,9.7567,185.9906,359.1273
105.560,602.7785,20.5954,247.1126,0.2510,3.8000,-0.4500,9.1920,185.9983,359.3072
105.667,602.7717,20.6845,247.0813,0.2510,3.8000,-0.4500,8.6445,186.0046,359.3811
105.776,602.7671,20.7623,247.0494,0.2510,3.8000,-0.4500,8.0289,186.0112,359.3953
105.883,602.7639,20.8395,247.0107,0.2510,3.8000,-0.4500,7.2054,186.0203,359.3456
105.995,602.7629,20.8891,246.9786,0.2510,3.8000,-0.4500,6.4551,186.0294,359.2579
106.113,602.7636,20.9303,246.9406,0.2510,3.8000,-0.4500,5.4888,186.0432,359.1093
106.214,602.7652,20.9488,246.9092,0.2510,3.8000,-0.4500,4.6386,186.0576,358.9591
106.323,602.7680,20.9522,246.8717,0.2510,3.8000,-0.4500,3.5783,186.0788,358.7607
106.428,602.7709,20.9395,246.8405,0.2510,3.8000,-0.4500,2.6728,186.0997,358.5907
106.534,602.7738,20.9135,246.8092,0.2510,3.8000,-0.4500,1.7581,186.1236,358.4262
106.640,602.7766,20.8748,246.7780,0.2510,3.8000,-0.4500,0.8444,186.1499,358.2758
106.745,602.7794,20.8133,246.7404,0.2510,3.8000,-0.4500,359.7627,186.1839,358.1256
106.855,602.7810,20.7509,246.7092,0.2510,3.8000,-0.4500,358.8844,186.2134,358.0347
106.964,602.7815,20.6648,246.6719,0.2510,3.8000,-0.4500,357.8707,186.2488,357.9766
107.070,602.7805,20.5854,246.6412,0.2510,3.8000,-0.4500,357.0680,186.2772,357.9772
107.178,602.7779,20.5007,246.6113,0.2510,3.8000,-0.4500,356.3104,186.3038,358.0269
107.285,602.7723,20.3944,246.5768,0.2510,3.8000,-0.4500,355.4680,186.3320,358.1560
107.393,602.7656,20.3038,246.5494,0.2510,3.8000,-0.4500,354.8263,186.3518,358.3234
107.503,602.7550,20.1950,246.5184,0.2510,3.8000,-0.4500,354.1326,186.3707,358.5964
107.610,602.7438,20.1061,246.4944,0.2510,3.8000,-0.4500,353.6201,186.3821,358.8827
107.721,602.7279,20.0034,246.4682,0.2510,3.8000,-0.4500,353.0844,186.3908,359.2927
107.837,602.7127,19.9227,246.4486,0.2510,3.8000,-0.4500,352.7032,186.3943,359.6852
107.937,602.6960,19.8474,246.4315,0.2510,3.8000,-0.4500,352.3793,186.3949,0.1180
108.047,602.6741,19.7656,246.4143,0.2510,3.8000,-0.4500,352.0624,186.3927,0.6816
108.155,602.6548,19.7053,246.4027,0.2510,3.8000,-0.4500,351.8539,186.3893,1.1794
108.266,602.6310,19.6428,246.3921,0.2510,3.8000,-0.4500,351.6641,186.3844,1.7982
108.376,602.6110,19.5992,246.3858,0.2510,3.8000,-0.4500,351.5503,186.3803,2.3217
108.485,602.5874,19.5570,246.3810,0.2510,3.8000,-0.4500,351.4593,186.3761,2.9457
108.597,602.5687,19.5298,246.3790,0.2510,3.8000,-0.4500,351.4150,186.3736,3.4522
108.712,602.5476,19.5061,246.3787,0.2510,3.8000,-0.4500,351.3916,186.3721,4.0315
108.820,602.5286,19.4910,246.3799,0.2510,3.8000,-0.4500,351.3919,186.3721,4.5676
108.941,602.5168,19.4802,246.3809,0.2510,3.8000,-0.4500,351.4013,186.3729,4.8958
109.041,602.5057,19.4775,246.3832,0.2510,3.8000,-0.4500,351.4200,186.3746,5.2317
109.152,602.5027,19.4742,246.3834,0.2510,3.8000,-0.4500,351.4251,186.3751,5.3142
109.264,602.4924,19.4791,246.3869,0.2510,3.8001,-0.4500,351.4499,186.3775,5.6484
109.365,602.4924,19.4801,246.3870,0.2510,3.8000,-0.4500,351.4499,186.3775,5.6483
109.476,602.4851,19.4878,246.3901,0.2510,3.8000,-0.4500,351.4702,186.3796,5.8945
109.587,602.4855,19.4925,246.3906,0.2510,3.8000,-0.4500,351.4702,186.3796,5.8945
109.695,602.4860,19.4971,246.3911,0.2510,3.8000,-0.4500,351.4702,186.3796,5.8945
109.803,602.4867,19.5037,246.3919,0.2510,3.8000,-0.4500,351.4702,186.3796,5.8945
109.911,602.4825,19.5137,246.3944,0.2510,3.8000,-0.4500,351.4780,186.3804,6.0563
110.013,602.4811,19.5243,246.3963,0.2510,3.8000,-0.4500,351.4810,186.3807,6.1371
110.121,602.4699,19.5466,246.4018,0.2510,3.8000,-0.4500,351.4861,186.3813,6.5639
110.229,602.4647,19.5676,246.4059,0.2510,3.8000,-0.4500,351.4874,186.3814,6.8036
110.339,602.4593,19.5933,246.4108,0.2510,3.8000,-0.4500,351.4927,186.3821,7.0697
110.445,602.4476,19.6368,246.4202,0.2510,3.7999,-0.4500,351.5190,186.3855,7.6073
110.554,602.4401,19.6799,246.4293,0.2510,3.8000,-0.4500,351.5640,186.3918,8.0273
110.661,602.4357,19.7394,246.4408,0.2510,3.8000,-0.4500,351.6366,186.4024,8.4297
110.770,602.4312,19.7987,246.4535,0.2510,3.8000,-0.4500,351.7536,186.4204,8.8397
110.878,602.4288,19.8663,246.4684,0.2510,3.8000,-0.4500,351.9087,186.4453,9.2436
111.009,602.4302,19.9738,246.4922,0.2510,3.8000,-0.4500,352.1879,186.4926,9.7640
111.113,602.4346,20.0596,246.5112,0.2510,3.8000,-0.4500,352.4329,186.5359,10.0978
111.228,602.4451,20.1708,246.5334,0.2510,3.7999,-0.4500,352.7182,186.5879,10.3951
111.408,602.4664,20.3591,246.5748,0.2510,3.8000,-0.4500,353.3619,186.7097,10.8430
111.520,602.4822,20.4719,246.5983,0.2510,3.8000,-0.4500,353.7553,186.7862,11.0185
111.629,602.5054,20.6138,246.6263,0.2510,3.8000,-0.4500,354.2512,186.8840,11.1516
111.739,602.5275,20.7364,246.6493,0.2510,3.8000,-0.4500,354.6805,186.9692,11.1969
111.846,602.5574,20.8873,246.6759,0.2510,3.8000,-0.4500,355.2075,187.0739,11.1707
111.953,602.5845,21.0149,246.6969,0.2510,3.8000,-0.4500,355.6497,187.1612,11.0803
112.070,602.6194,21.1685,246.7205,0.2510,3.8000,-0.4500,356.1742,187.2633,10.8880
112.176,602.6500,21.2953,246.7383,0.2510,3.8000,-0.4500,356.5985,187.3442,10.6573
112.284,602.6879,21.4441,246.7574,0.2510,3.8000,-0.4500,357.0825,187.4339,10.2963
112.667,602.8107,21.8641,246.7984,0.2510,3.8000,-0.4500,358.3220,187.6430,8.5718
112.771,602.8423,21.9552,246.8042,0.2510,3.8000,-0.4500,358.5508,187.6764,7.9841
112.885,602.8793,22.0505,246.8082,0.2510,3.8000,-0.4500,358.7623,187.7047,7.2160
112.996,602.9094,22.1170,246.8094,0.2510,3.8000,-0.4500,358.8835,187.7194,6.5301
113.101,602.9442,22.1799,246.8082,0.2510,3.8000,-0.4500,358.9610,187.7278,5.6619
113.211,602.9721,22.2173,246.8051,0.2510,3.8000,-0.4500,358.9689,187.7285,4.9092
113.318,602.9992,22.2406,246.8001,0.2510,3.8000,-0.4500,358.9261,187.7252,4.1385
113.422,603.0303,22.2492,246.7916,0.2510,3.8000,-0.4500,358.8103,187.7179,3.2015
113.530,603.0555,22.2403,246.7827,0.2510,3.8000,-0.4500,358.6632,187.7107,2.4211
113.641,603.0846,22.2104,246.7697,0.2510,3.8000,-0.4500,358.4312,187.7029,1.4984
113.743,603.1079,22.1698,246.7570,0.2510,3.8000,-0.4500,358.1965,187.6983,0.7516
113.844,603.1306,22.1155,246.7428,0.2510,3.8000,-0.4500,357.9294,187.6965,0.0343
113.955,603.1525,22.0483,246.7270,0.2510,3.8000,-0.4500,357.6348,187.6981,359.3547
114.061,603.1776,21.9518,246.7061,0.2510,3.8000,-0.4500,357.2528,187.7050,358.6000
114.173,603.1975,21.8594,246.6873,0.2510,3.8000,-0.4500,356.9171,187.7149,358.0298
114.282,603.2198,21.7358,246.6633,0.2510,3.8000,-0.4500,356.5015,187.7315,357.4254
114.389,603.2371,21.6236,246.6421,0.2510,3.8000,-0.4500,356.1506,187.7487,356.9940
114.500,603.2527,21.5046,246.6202,0.2510,3.8000,-0.4500,355.8008,187.7682,356.6325
114.605,603.2692,21.3546,246.5931,0.2510,3.8000,-0.4500,355.3887,187.7938,356.2949
114.718,603.2775,21.2281,246.5778,0.2510,3.8000,-0.4500,355.2509,187.8029,356.2093
114.827,603.2885,21.0697,246.5533,0.2510,3.8000,-0.4500,354.9440,187.8237,356.0734
114.934,603.2959,20.9351,246.5298,0.2510,3.8000,-0.4500,354.6077,187.8471,356.0070
115.043,603.3035,20.7753,246.5093,0.2510,3.8000,-0.4500,354.4458,187.8585,355.9961
115.151,603.3048,20.6424,246.4831,0.2510,3.8000,-0.4500,354.0331,187.8872,356.0887
115.258,603.3077,20.5121,246.4653,0.2510,3.8000,-0.4500,353.8844,187.8973,356.1610
115.365,603.3015,20.3614,246.4374,0.2510,3.8000,-0.4500,353.4706,187.9242,356.4695
115.483,603.2950,20.2159,246.4144,0.2510,3.8000,-0.4500,353.2053,187.9400,356.7801
115.587,603.2885,20.0992,246.3971,0.2510,3.8000,-0.4500,353.0328,187.9494,357.0584
115.687,603.2808,19.9866,246.3811,0.2510,3.8000,-0.4500,352.8875,187.9566,357.3525
115.795,603.2725,19.8778,246.3662,0.2510,3.8000,-0.4500,352.7659,187.9619,357.6512
115.897,603.2689,19.7703,246.3528,0.2510,3.8000,-0.4500,352.7127,187.9640,357.8130
116.006,603.2621,19.6453,246.3370,0.2510,3.8000,-0.4500,352.6378,187.9668,358.0537
116.112,603.2609,19.5416,246.3244,0.2510,3.8000,-0.4500,352.6161,187.9675,358.1321
116.221,603.2567,19.4217,246.3097,0.2510,3.8000,-0.4500,352.5742,187.9688,358.2858
116.329,603.2548,19.3247,246.2983,0.2510,3.8000,-0.4500,352.5622,187.9692,358.3678
116.440,603.2467,19.2355,246.2886,0.2510,3.8000,-0.4500,352.5425,187.9697,358.6194
116.540,603.2350,19.1559,246.2840,0.2510,3.8000,-0.4500,352.6172,187.9682,358.9824
116.645,603.2168,19.0760,246.2859,0.2510,3.8000,-0.4500,352.8430,187.9653,359.5392
116.749,603.2015,19.0231,246.2924,0.2510,3.8000,-0.4500,353.1219,187.9643,0.0115
116.859,603.1854,18.9848,246.3033,0.2510,3.8000,-0.4500,353.4723,187.9659,0.5117
116.966,603.1651,18.9603,246.3217,0.2510,3.8000,-0.4500,353.9734,187.9733,1.1589
117.072,603.1479,18.9585,246.3409,0.2510,3.8000,-0.4500,354.4460,187.9853,1.7326
117.181,603.1277,18.9791,246.3676,0.2510,3.8000,-0.4500,355.0623,188.0079,2.4463
117.289,603.1120,19.0147,246.3918,0.2510,3.8000,-0.4500,355.6026,188.0340,3.0456
117.396,603.0979,19.0659,246.4167,0.2510,3.8000,-0.4500,356.1538,188.0662,3.6333
117.505,603.0841,19.1462,246.4466,0.2510,3.8000,-0.4500,356.8116,188.1120,4.3027
117.616,603.0757,19.2266,246.4704,0.2510,3.8000,-0.4500,357.3422,188.1544,4.8153
117.723,603.0696,19.3363,246.4966,0.2510,3.8000,-0.4500,357.9406,188.2077,5.3588
117.843,603.0682,19.4570,246.5193,0.2510,3.8000,-0.4500,358.4807,188.2606,5.8097
117.953,603.0703,19.5631,246.5352,0.2510,3.8000,-0.4500,358.8753,188.3018,6.1064
118.061,603.0801,19.6886,246.5408,0.2510,3.8000,-0.4500,359.0172,188.3171,6.2039
118.171,603.0887,19.7958,246.5459,0.2510,3.8000,-0.4500,359.1581,188.3325,6.2824
118.273,603.0991,19.9004,246.5458,0.2510,3.8000,-0.4500,359.1581,188.3325,6.2824
118.374,603.1092,20.0034,246.5456,0.2510,3.8000,-0.4500,359.1581,188.3325,6.2824
118.484,603.1209,20.1223,246.5454,0.2510,3.8000,-0.4500,359.1581,188.3326,6.2824
118.586,603.1301,20.2154,246.5453,0.2510,3.8000,-0.4500,359.1581,188.3326,6.2824
118.688,603.1385,20.3014,246.5452,0.2510,3.8000,-0.4500,359.1581,188.3326,6.2824
118.799,603.1545,20.3747,246.5460,0.2510,3.8000,-0.4500,359.2208,188.3394,6.0202
118.900,603.1787,20.4442,246.5415,0.2510,3.8000,-0.4500,359.1729,188.3347,5.4675
119.005,603.1960,20.4902,246.5327,0.2510,3.8000,-0.4500,358.9801,188.3171,5.0318
119.117,603.2111,20.5250,246.5209,0.2510,3.8000,-0.4500,358.6910,188.2927,4.6156
119.217,603.2244,20.5484,246.5069,0.2510,3.8000,-0.4500,358.3354,188.2653,4.2121
119.323,603.2385,20.5617,246.4880,0.2510,3.8000,-0.4500,357.8481,188.2314,3.7436
119.435,603.2489,20.5607,246.4709,0.2510,3.8000,-0.4500,357.4069,188.2040,3.3716
119.536,603.2578,20.5495,246.4528,0.2510,3.8000,-0.4500,356.9445,188.1782,3.0232
119.644,603.2664,20.5236,246.4301,0.2510,3.8000,-0.4500,356.3733,188.1499,2.6466
119.745,603.2719,20.4930,246.4106,0.2510,3.8000,-0.4500,355.8929,188.1288,2.3756
119.853,603.2756,20.4552,246.3909,0.2510,3.8000,-0.4500,355.4161,188.1099,2.1499
119.956,603.2775,20.4117,246.3710,0.2510,3.8000,-0.4500,354.9492,188.0931,1.9746
