time_sec,world_x,world_y,world_z,world_rot_x,world_rot_y,world_rot_z,local_rot_x,local_rot_y,local_rot_z
0.000,599.8739,4.8678,250.0035,0.0000,180.0000,0.0000,0.0000,180.0000,0.0000
0.000,599.8739,4.8678,250.0035,0.0000,180.0000,0.0000,0.0000,180.0000,0.0000
0.104,599.6597,4.6766,250.0081,0.0000,180.0000,0.0000,0.0000,180.0000,0.0000
0.208,599.3533,4.4113,250.0122,0.0000,180.0000,0.0000,0.0000,180.0000,0.0000
0.318,598.8761,4.0053,250.0167,0.0000,180.0000,0.0000,0.0000,180.0000,0.0000
0.431,598.3966,3.6013,250.0200,0.0000,180.0000,0.0000,0.0000,180.0000,0.0000
0.542,597.7335,3.0463,250.0213,0.0000,180.0000,0.0000,0.0000,180.0000,0.0000
0.653,597.1158,2.5313,250.0179,0.0000,180.0000,0.0000,0.0000,180.0000,0.0000
0.764,596.3052,1.8570,250.0074,0.0000,180.0000,0.0000,0.0000,180.0000,0.0000
0.876,595.4268,1.1280,249.9894,0.0000,180.0000,0.0000,0.0000,180.0000,0.0000
0.987,594.6489,0.4832,249.9688,0.0000,180.0000,0.0000,0.0000,180.0000,0.0000
1.099,593.6663,-0.3304,249.9380,0.0000,180.0000,0.0000,0.0000,180.0000,0.0000
1.211,592.8105,-1.0383,249.9083,0.0000,180.0000,0.0000,0.0000,180.0000,0.0000
1.321,591.7441,-1.9197,249.8691,0.0000,180.0000,0.0000,0.0000,180.0000,0.0000
1.432,590.8408,-2.6656,249.8347,0.0000,180.0000,0.0000,0.0000,180.0000,0.0000
1.543,590.0451,-3.4174,249.8084,356.8152,179.9998,0.0082,356.8152,179.9998,0.0082
1.655,589.5803,-3.7622,249.8070,353.8629,179.9992,0.0129,353.8629,179.9992,0.0129
1.764,589.1538,-3.9282,249.8271,351.8231,179.9987,0.0102,351.8231,179.9987,0.0102
1.877,588.8063,-3.9479,249.8589,350.8857,179.9987,-0.0003,350.8857,179.9987,-0.0003
1.989,588.5499,-3.9339,249.8851,350.7917,179.9987,-0.0027,350.7917,179.9987,-0.0027
2.098,588.2642,-3.9440,249.9087,350.7917,179.9987,-0.0027,350.7917,179.9987,-0.0027
2.209,588.0363,-3.9971,249.9191,350.7917,179.9987,-0.0027,350.7917,179.9987,-0.0027
2.321,587.7698,-4.1169,249.9206,350.7917,179.9987,-0.0027,350.7917,179.9987,-0.0027
2.432,587.5509,-4.2535,249.9149,350.7917,179.9987,-0.0027,350.7917,179.9987,-0.0027
2.541,587.2901,-4.4441,249.9062,350.7917,179.9987,-0.0027,350.7917,179.9987,-0.0027
2.655,587.0732,-4.6123,249.9016,350.7917,179.9987,-0.0027,350.7917,179.9987,-0.0027
2.765,586.8132,-4.8140,249.9008,350.7917,179.9987,-0.0027,350.7917,179.9987,-0.0027
2.876,586.5532,-5.0089,249.9053,350.7917,179.9987,-0.0027,350.7917,179.9987,-0.0027
2.986,586.3365,-5.1647,249.9123,350.7917,179.9986,-0.0027,350.7917,179.9986,-0.0027
3.098,586.0762,-5.3455,249.9235,350.7917,179.9986,-0.0027,350.7917,179.9986,-0.0027
3.210,585.8590,-5.4929,249.9335,350.7917,179.9986,-0.0027,350.7917,179.9986,-0.0027
3.311,585.6416,-5.6390,249.9420,350.7385,179.9987,359.8445,350.7385,179.9987,359.8445
3.418,585.3806,-5.8142,249.9485,350.7385,179.9987,359.8445,350.7385,179.9987,359.8445
3.529,585.1629,-5.9612,249.9513,350.7379,179.9987,359.5940,350.7379,179.9987,359.5940
3.641,584.9022,-6.1387,249.9505,350.7379,179.9987,359.5940,350.7379,179.9987,359.5940
3.752,584.6852,-6.2876,249.9468,350.7749,179.9984,359.4346,350.7749,179.9984,359.4346
3.862,584.4254,-6.4665,249.9381,350.8597,179.9974,359.2067,350.8597,179.9974,359.2067
3.974,584.2091,-6.6154,249.9284,350.9459,179.9961,359.0630,350.9459,179.9961,359.0630
4.085,583.9502,-6.7952,249.9317,351.0359,179.9945,358.9246,351.0359,179.9945,358.9246
4.197,583.6917,-6.9759,249.9501,351.1966,179.9911,358.7439,351.1966,179.9911,358.7439
4.307,583.4767,-7.1260,249.9734,351.3168,179.9883,358.6300,351.3168,179.9883,358.6300
4.419,583.2191,-7.3043,250.0084,351.5862,179.9814,358.4402,351.5862,179.9814,358.4402
4.541,582.9619,-7.4795,250.0499,351.7312,179.9773,358.3619,351.7312,179.9773,358.3619
4.653,582.7478,-7.6222,250.0883,352.1252,179.9653,358.2114,352.1252,179.9653,358.2114
4.766,582.4914,-7.7884,250.1385,352.2940,179.9600,358.1788,352.2940,179.9600,358.1788
4.880,582.2350,-7.9478,250.1923,352.7187,179.9461,358.1296,352.7187,179.9461,358.1296
4.983,582.0214,-8.0743,250.2394,353.0457,179.9353,358.1332,353.0457,179.9353,358.1332
5.086,581.8077,-8.1944,250.2878,353.3835,179.9244,358.1731,353.3835,179.9244,358.1731
5.195,581.5939,-8.3072,250.3370,353.7951,179.9114,358.2536,353.7951,179.9114,358.2536
5.308,581.3373,-8.4318,250.3956,354.1997,179.8994,358.3714,354.1997,179.8994,358.3714
5.418,581.0804,-8.5432,250.4530,354.6934,179.8861,358.5531,354.6934,179.8861,358.5531
5.528,580.8660,-8.6253,250.4989,355.1021,179.8763,358.7304,355.1021,179.8763,358.7304
5.639,580.6088,-8.7096,250.5505,355.5979,179.8663,358.9744,355.5979,179.8663,358.9744
5.752,580.3943,-8.7674,250.5899,356.0210,179.8596,359.2039,356.0210,179.8596,359.2039
5.861,580.1368,-8.8209,250.6318,356.5432,179.8537,359.5106,356.5432,179.8537,359.5106
5.975,579.9225,-8.8518,250.6619,356.9904,179.8510,359.7913,356.9904,179.8510,359.7913
6.084,579.6658,-8.8719,250.6926,357.5400,179.8507,0.1566,357.5400,179.8507,0.1566
6.195,579.4528,-8.8741,250.7158,358.0073,179.8533,0.4830,358.0073,179.8533,0.4830
6.308,579.1990,-8.8589,250.7440,358.5779,179.8602,0.8987,358.5779,179.8602,0.8987
6.419,578.9479,-8.8239,250.7753,359.1579,179.8715,1.3374,359.1579,179.8715,1.3374
6.528,578.7409,-8.7793,250.8053,359.6474,179.8845,1.7181,359.6474,179.8845,1.7181
6.639,578.4959,-8.7069,250.8472,0.2403,179.9048,2.1901,0.2403,179.9048,2.1901
6.752,578.2950,-8.6306,250.8877,0.7373,179.9255,2.5934,0.7373,179.9255,2.5934
6.860,578.0580,-8.5199,250.9435,1.3344,179.9551,3.0861,1.3344,179.9551,3.0861
6.960,577.8648,-8.4116,250.9962,1.8303,179.9837,3.5013,1.8303,179.9837,3.5013
7.072,577.6754,-8.2889,251.0546,2.3222,180.0156,3.9183,2.3222,180.0156,3.9183
7.182,577.4532,-8.1229,251.1322,2.9037,180.0580,4.4176,2.9037,180.0580,4.4176
7.295,577.2725,-7.9691,251.2031,3.3782,180.0964,4.8303,3.3782,180.0964,4.8303
7.405,577.0613,-7.7666,251.2953,3.9317,180.1457,5.3179,3.9317,180.1457,5.3179
7.514,576.8904,-7.5834,251.3781,4.3767,180.1888,5.7152,4.3767,180.1888,5.7152
7.627,576.6915,-7.3471,251.4840,4.8877,180.2422,6.1780,4.8877,180.2422,6.1780
7.739,576.4991,-7.0938,251.5968,5.3697,180.2964,6.6220,5.3697,180.2964,6.6220
7.847,576.3436,-6.8705,251.6958,5.7464,180.3415,6.9752,5.7464,180.3415,6.9752
7.961,576.1626,-6.5891,251.8203,6.1655,180.3946,7.3760,6.1655,180.3946,7.3760
8.071,576.0165,-6.3443,251.9286,6.4851,180.4371,7.6888,6.4851,180.4371,7.6888
8.181,575.8463,-6.0394,252.0638,6.7825,180.4783,7.9884,6.7825,180.4783,7.9884
8.294,575.7085,-5.7771,252.1801,6.9548,180.5030,8.1668,6.9548,180.5030,8.1668
8.404,575.5471,-5.4538,252.3235,7.1253,180.5279,8.3492,7.1253,180.5279,8.3492
8.513,575.4153,-5.1785,252.4458,7.2918,180.5528,8.5349,7.2918,180.5528,8.5349
8.618,575.2604,-4.8427,252.5956,7.3979,180.5690,8.6606,7.3979,180.5690,8.6606
8.725,575.1335,-4.5593,252.7226,7.4507,180.5771,8.7250,7.4507,180.5771,8.7250
8.833,575.0076,-4.2740,252.8513,7.5477,180.5922,8.8570,7.5477,180.5922,8.8570
8.945,574.8578,-3.9305,253.0082,7.5477,180.5922,8.8570,7.5477,180.5922,8.8570
9.058,574.7086,-3.5873,253.1672,7.5477,180.5922,8.8570,7.5477,180.5922,8.8570
9.166,574.5842,-3.3029,253.3008,7.5477,180.5922,8.8570,7.5477,180.5922,8.8570
9.277,574.4345,-2.9652,253.4627,7.5477,180.5922,8.8570,7.5477,180.5922,8.8570
9.390,574.3090,-2.6881,253.5989,7.5477,180.5922,8.8570,7.5477,180.5922,8.8570
9.501,574.1569,-2.3618,253.7643,7.5477,180.5922,8.8570,7.5477,180.5922,8.8570
9.612,574.0290,-2.0963,253.9038,7.5477,180.5922,8.8570,7.5477,180.5922,8.8570
9.714,573.8994,-1.8378,254.0451,7.5477,180.5922,8.8570,7.5477,180.5922,8.8570
9.820,573.7413,-1.5375,254.2182,7.0325,180.5115,8.7918,7.0325,180.5115,8.7918
9.931,573.6072,-1.2963,254.3657,6.6319,180.4496,8.6484,6.6319,180.4496,8.6484
10.042,573.4413,-1.0254,254.4449,6.2572,180.3929,8.4331,6.2572,180.3929,8.4331
10.154,573.2975,-0.8218,254.3834,5.8946,180.3397,8.1739,5.8946,180.3397,8.1739
10.265,573.1197,-0.5974,254.2303,5.4952,180.2832,7.8368,5.4952,180.2832,7.8368
10.374,572.9672,-0.4236,254.0691,5.1859,180.2412,7.5386,5.1859,180.2412,7.5386
10.475,572.8109,-0.2604,253.8943,4.8896,180.2027,7.2239,4.8896,180.2027,7.2239
10.585,572.6186,-0.0772,253.6795,4.5426,180.1598,6.8226,4.5426,180.1598,6.8226
10.697,572.4210,0.0927,253.4678,4.1992,180.1199,6.3941,4.1992,180.1199,6.3941
10.808,572.2540,0.2233,253.2725,3.9140,180.0888,6.0160,3.9140,180.0888,6.0160
10.919,572.0582,0.3610,252.9138,3.5783,180.0547,5.5406,3.5783,180.0547,5.5406
11.029,571.8989,0.4594,252.5004,3.3161,180.0302,5.1324,3.3161,180.0302,5.1324
11.141,571.7104,0.5605,251.9006,3.0332,180.0059,4.6345,3.0332,180.0059,4.6345
11.253,571.5540,0.6324,251.3424,2.8250,179.9898,4.2143,2.8250,179.9898,4.2143
11.354,571.3970,0.6946,250.7509,2.6387,179.9767,3.7888,2.6387,179.9767,3.7888
11.461,571.2072,0.7573,250.0154,2.4379,179.9643,3.2694,2.4379,179.9643,3.2694
11.571,571.0455,0.8011,249.4286,2.2843,179.9561,2.8282,2.2843,179.9561,2.8282
11.683,570.8416,0.8462,248.8403,2.1053,179.9481,2.2851,2.1053,179.9481,2.2851
11.794,570.6617,0.8775,248.4684,1.9491,179.9425,1.8171,1.9491,179.9425,1.8171
11.905,570.4341,0.9059,248.1497,1.7437,179.9370,1.2344,1.7437,179.9370,1.2344
12.015,570.2359,0.9199,247.9681,1.5571,179.9338,0.7321,1.5571,179.9338,0.7321
12.124,569.9899,0.9234,247.8240,1.3216,179.9321,0.1135,1.3216,179.9321,0.1135
12.238,569.7371,0.9110,247.7368,1.0851,179.9329,359.4838,1.0851,179.9329,359.4838
12.349,569.5228,0.8882,247.6921,0.8968,179.9355,358.9558,0.8968,179.9355,358.9558
12.462,569.2634,0.8461,247.6731,0.6921,179.9403,358.3244,0.6921,179.9403,358.3244
12.572,569.0463,0.7993,247.6810,0.5466,179.9452,357.8041,0.5466,179.9452,357.8041
12.682,568.7855,0.7300,247.7131,0.4091,179.9512,357.1918,0.4091,179.9512,357.1918
12.794,568.5685,0.6618,247.7562,0.3213,179.9559,356.6949,0.3213,179.9559,356.6949
12.905,568.3087,0.5676,247.8257,0.2235,179.9620,356.1182,0.2235,179.9620,356.1182
13.014,568.0931,0.4789,247.8976,0.1316,179.9686,355.6567,0.1316,179.9686,355.6567
13.126,567.8358,0.3601,247.9998,-0.0025,179.9795,355.1287,-0.0025,179.9795,355.1287
13.236,567.5803,0.2279,248.1181,359.8328,179.9943,354.6322,359.8328,179.9943,354.6322
13.347,567.3687,0.1076,248.2280,359.6717,180.0100,354.2450,359.6717,180.0100,354.2450
13.460,567.1165,-0.0488,248.3724,359.4800,180.0299,353.8742,359.4800,180.0299,353.8742
13.569,566.9079,-0.1887,248.5013,359.2633,180.0539,353.5215,359.2633,180.0539,353.5215
13.681,566.6593,-0.3679,248.6654,359.0575,180.0777,353.2511,359.0575,180.0777,353.2511
13.793,566.4538,-0.5261,248.8089,358.8398,180.1040,352.9980,358.8398,180.1040,352.9980
13.902,566.2084,-0.7259,248.9888,358.5841,180.1360,352.7637,358.5841,180.1360,352.7637
14.014,566.0055,-0.9000,249.1441,358.3233,180.1696,352.5553,358.3233,180.1696,352.5553
14.126,565.7635,-1.1173,249.3368,358.0380,180.2073,352.3872,358.0380,180.2073,352.3872
14.237,565.5233,-1.3426,249.5349,357.8085,180.2383,352.2873,357.8085,180.2383,352.2873
14.349,565.3244,-1.5356,249.7031,357.4933,180.2813,352.1824,357.4933,180.2813,352.1824
14.460,565.0867,-1.7724,249.9085,357.2407,180.3161,352.1495,357.2407,180.3161,352.1495
14.569,564.8895,-1.9732,250.0812,356.9079,180.3621,352.1422,356.9079,180.3621,352.1422
14.674,564.6928,-2.1763,250.2549,356.7395,180.3853,352.1679,356.7395,180.3853,352.1679
14.803,564.4182,-2.4631,250.4978,356.3318,180.4412,352.2697,356.3318,180.4412,352.2697
14.907,564.2219,-2.6687,250.6705,356.0213,180.4830,352.4140,356.0213,180.4830,352.4140
15.014,564.0256,-2.8741,250.8410,355.8024,180.5120,352.5374,355.8024,180.5120,352.5374
15.132,563.7897,-3.1196,251.0425,355.4668,180.5554,352.7921,355.4668,180.5554,352.7921
15.249,563.5529,-3.3628,251.2389,355.1002,180.6008,353.1420,355.1002,180.6008,353.1420
15.357,563.3151,-3.6029,251.4292,354.9340,180.6206,353.3382,354.9340,180.6206,353.3382
15.463,563.1161,-3.7997,251.5831,354.6617,180.6516,353.7030,354.6617,180.6516,353.7030
15.579,562.8758,-4.0314,251.7601,354.4271,180.6769,354.0589,354.4271,180.6769,354.0589
15.691,562.6746,-4.2201,251.9013,354.2571,180.6942,354.3624,354.2571,180.6942,354.3624
15.796,562.4317,-4.4410,252.0627,354.0248,180.7164,354.8238,354.0248,180.7164,354.8238
15.913,562.2280,-4.6197,252.1896,353.8922,180.7281,355.1192,353.8922,180.7281,355.1192
16.021,561.9825,-4.8275,252.3336,353.7371,180.7409,355.5178,353.7371,180.7409,355.5178
16.125,561.7767,-4.9948,252.4463,353.5967,180.7515,355.9165,353.5967,180.7515,355.9165
16.237,561.5286,-5.1881,252.5725,353.4758,180.7598,356.3071,353.4758,180.7598,356.3071
16.349,561.3209,-5.3430,252.6703,353.4089,180.7640,356.5521,353.4089,180.7640,356.5521
16.461,561.0707,-5.5210,252.7795,353.2848,180.7710,357.0602,353.2848,180.7710,357.0602
16.571,560.8610,-5.6627,252.8628,353.2327,180.7735,357.2996,353.2327,180.7735,357.2996
16.682,560.6089,-5.8246,252.9545,353.1441,180.7774,357.7927,353.1441,180.7774,357.7927
16.793,560.3979,-5.9529,253.0238,353.1193,180.7783,357.9532,353.1193,180.7783,357.9532
16.905,560.1443,-6.0986,253.0998,353.0562,180.7803,358.4756,353.0562,180.7803,358.4756
17.016,559.8901,-6.2354,253.1674,353.0271,180.7810,358.8062,353.0271,180.7810,358.8062
17.127,559.6778,-6.3425,253.2178,353.0078,180.7813,359.1349,353.0078,180.7813,359.1349
17.236,559.4232,-6.4630,253.2722,353.0020,180.7814,359.4787,353.0020,180.7814,359.4787
17.349,559.2106,-6.5568,253.3134,353.0030,180.7814,359.7293,353.0030,180.7814,359.7293
17.460,558.9561,-6.6615,253.3594,353.0212,180.7814,0.0753,353.0212,180.7814,0.0753
17.569,558.7441,-6.7423,253.3964,353.0485,180.7815,0.4114,353.0485,180.7815,0.4114
17.680,558.4907,-6.8319,253.4412,353.0849,180.7818,0.6665,353.0849,180.7818,0.6665
17.794,558.2800,-6.9006,253.4805,353.1413,180.7827,0.9955,353.1413,180.7827,0.9955
17.901,558.0285,-6.9759,253.5316,353.2022,180.7839,1.2418,353.2022,180.7839,1.2418
18.015,557.8199,-7.0327,253.5783,353.2916,180.7861,1.5572,353.2916,180.7861,1.5572
18.126,557.5713,-7.0939,253.6403,353.3537,180.7879,1.7184,353.3537,180.7879,1.7184
18.236,557.3239,-7.1472,253.7088,353.5213,180.7935,2.1101,353.5213,180.7935,2.1101
18.347,557.1188,-7.1856,253.7715,353.5635,180.7951,2.1864,353.5635,180.7951,2.1864
18.459,556.8746,-7.2240,253.8525,353.8368,180.8067,2.6374,353.8368,180.8067,2.6374
18.570,556.6726,-7.2497,253.9259,353.9367,180.8115,2.7720,353.9367,180.8115,2.7720
18.680,556.4317,-7.2724,254.0202,354.1480,180.8223,3.0321,354.1480,180.8223,3.0321
18.791,556.2324,-7.2845,254.1041,354.4327,180.8382,3.3323,354.4327,180.8382,3.3323
18.902,555.9951,-7.2905,254.2110,354.6246,180.8497,3.5023,354.6246,180.8497,3.5023
19.015,555.7987,-7.2882,254.3047,354.8879,180.8664,3.7189,354.8879,180.8664,3.7189
19.127,555.5649,-7.2763,254.4229,355.2296,180.8894,3.9625,355.2296,180.8894,3.9625
19.235,555.3716,-7.2585,254.5258,355.5073,180.9092,4.1420,355.5073,180.9092,4.1420
19.349,555.1415,-7.2276,254.6542,355.8788,180.9368,4.3522,355.8788,180.9368,4.3522
19.460,554.9136,-7.1859,254.7876,356.2530,180.9660,4.5445,356.2530,180.9660,4.5445
19.571,554.7256,-7.1427,254.9022,356.5598,180.9909,4.6874,356.5598,180.9909,4.6874
19.682,554.5018,-7.0806,255.0434,357.0423,181.0314,4.8900,357.0423,181.0314,4.8900
19.793,554.3173,-7.0202,255.1637,357.4419,181.0661,5.0430,357.4419,181.0661,5.0430
19.902,554.0975,-6.9372,255.3109,357.8537,181.1030,5.1852,357.8537,181.1030,5.1852
20.013,553.9160,-6.8593,255.4351,358.2701,181.1413,5.3176,358.2701,181.1413,5.3176
20.113,553.7360,-6.7733,255.5603,358.6799,181.1799,5.4368,358.6799,181.1799,5.4368
20.222,553.5219,-6.6598,255.7115,359.1675,181.2269,5.5647,359.1675,181.2269,5.5647
20.324,553.3448,-6.5566,255.8381,359.5082,181.2603,5.6439,359.5082,181.2603,5.6439
20.432,553.1692,-6.4456,255.9646,359.9441,181.3038,5.7365,359.9441,181.3038,5.7365
20.540,552.9603,-6.3028,256.1163,0.4561,181.3557,5.8316,0.4561,181.3557,5.8316
20.655,552.7875,-6.1758,256.2423,0.8737,181.3985,5.8973,0.8737,181.3985,5.8973
20.765,552.5815,-6.0143,256.3928,1.2864,181.4414,5.9506,1.2864,181.4414,5.9506
20.877,552.3768,-5.8433,256.5420,1.8042,181.4956,5.9999,1.8042,181.4956,5.9999
20.988,552.2073,-5.6940,256.6649,2.2261,181.5401,6.0268,2.2261,181.5401,6.0268
21.098,552.0048,-5.5073,256.8102,2.6394,181.5838,6.0379,2.6394,181.5838,6.0379
21.208,551.8367,-5.3461,256.9291,3.0560,181.6279,6.0340,3.0560,181.6279,6.0340
21.319,551.6352,-5.1463,257.0688,3.3875,181.6630,6.0164,3.3875,181.6630,6.0164
21.432,551.4678,-4.9751,257.1822,3.8116,181.7076,5.9766,3.8116,181.7076,5.9766
21.542,551.2666,-4.7652,257.3142,4.0531,181.7329,5.9454,4.0531,181.7329,5.9454
21.653,551.0988,-4.5869,257.4212,4.4802,181.7772,5.8607,4.4802,181.7772,5.8607
21.765,550.8968,-4.3698,257.5447,4.8047,181.8104,5.7814,4.8047,181.8104,5.7814
21.876,550.6939,-4.1503,257.6635,5.1141,181.8416,5.6818,5.1141,181.8416,5.6818
21.987,550.5240,-3.9661,257.7589,5.4381,181.8736,5.5470,5.4381,181.8736,5.5470
22.098,550.3188,-3.7447,257.8679,5.7395,181.9026,5.4026,5.7395,181.9026,5.4026
22.210,550.1465,-3.5604,257.9547,5.9627,181.9236,5.2659,5.9627,181.9236,5.2659
22.320,549.9376,-3.3404,258.0535,6.2442,181.9492,5.0747,6.2442,181.9492,5.0747
22.432,549.7620,-3.1587,258.1312,6.4992,181.9715,4.8576,6.4992,181.9715,4.8576
22.541,549.5490,-2.9433,258.2187,6.7357,181.9912,4.6168,6.7357,181.9912,4.6168
22.653,549.3692,-2.7669,258.2863,6.8443,181.9999,4.4957,6.8443,181.9999,4.4957
22.754,549.1877,-2.5934,258.3498,7.0481,182.0156,4.2133,7.0481,182.0156,4.2133
22.861,548.9669,-2.3899,258.4198,7.1863,182.0256,4.0018,7.1863,182.0256,4.0018
22.973,548.7806,-2.2248,258.4732,7.3801,182.0386,3.6294,7.3801,182.0386,3.6294
23.085,548.5541,-2.0323,258.5309,7.4777,182.0447,3.4009,7.4777,182.0447,3.4009
23.196,548.3240,-1.8463,258.5819,7.5934,182.0513,3.0872,7.5934,182.0513,3.0872
23.307,548.1301,-1.6967,258.6196,7.6860,182.0561,2.7650,7.6860,182.0561,2.7650
23.418,547.8943,-1.5234,258.6586,7.7269,182.0580,2.6072,7.7269,182.0580,2.6072
23.528,547.6959,-1.3843,258.6872,7.8087,182.0615,2.1885,7.8087,182.0615,2.1885
23.644,547.4551,-1.2235,258.7166,7.8344,182.0625,2.0265,7.8344,182.0625,2.0265
23.752,547.2524,-1.0942,258.7375,7.8673,182.0636,1.7773,7.8673,182.0636,1.7773
23.861,547.0074,-0.9443,258.7590,7.8924,182.0643,1.5324,7.8924,182.0643,1.5324
23.972,546.8016,-0.8232,258.7743,7.9060,182.0646,1.3650,7.9060,182.0646,1.3650
24.085,546.5530,-0.6815,258.7899,7.9124,182.0648,1.2823,7.9124,182.0648,1.2823
24.194,546.3452,-0.5659,258.8011,7.9172,182.0649,1.2012,7.9172,182.0649,1.2012
24.307,546.0947,-0.4289,258.8131,7.9212,182.0650,1.1191,7.9212,182.0650,1.1191
24.418,545.8436,-0.2939,258.8241,7.9212,182.0650,1.1191,7.9212,182.0650,1.1191
24.528,545.6340,-0.1828,258.8327,7.9232,182.0650,1.0380,7.9232,182.0650,1.0380
24.639,545.3814,-0.0518,258.8425,7.9243,182.0650,0.8758,7.9243,182.0650,0.8758
24.751,545.1724,0.0523,258.8128,7.9230,182.0650,0.7926,7.9230,182.0650,0.7926
24.861,544.9344,0.1475,258.5533,7.9174,182.0649,0.5394,7.9174,182.0649,0.5394
24.974,544.7471,0.1966,258.1496,7.9084,182.0648,0.2044,7.9084,182.0648,0.2044
25.085,544.5300,0.2279,257.5263,7.9042,182.0649,359.9631,7.9042,182.0649,359.9631
25.196,544.3167,0.2389,256.8271,7.9037,182.0648,359.6971,7.9037,182.0648,359.6971
25.308,544.1396,0.2377,256.2209,7.9054,182.0648,359.3530,7.9054,182.0648,359.3530
25.417,543.9279,0.2262,255.4715,7.9095,182.0648,359.0839,7.9095,182.0648,359.0839
25.527,543.7504,0.2106,254.8554,7.9174,182.0646,358.6448,7.9174,182.0646,358.6448
25.638,543.5320,0.1931,254.1885,7.9235,182.0645,358.3074,7.9235,182.0645,358.3074
25.738,543.3442,0.1828,253.7115,7.9282,182.0643,357.9800,7.9282,182.0643,357.9800
25.849,543.1510,0.1764,253.3006,7.9305,182.0642,357.6470,7.9305,182.0642,357.6470
25.960,542.9130,0.1714,252.8772,7.9305,182.0642,357.3145,7.9305,182.0642,357.3145
26.070,542.7104,0.1673,252.5677,7.9271,182.0644,356.8905,7.9271,182.0644,356.8905
26.181,542.4635,0.1599,252.2323,7.9233,182.0646,356.6394,7.9233,182.0646,356.6394
26.293,542.2556,0.1502,251.9733,7.9140,182.0652,356.1967,7.9140,182.0652,356.1967
26.404,542.0043,0.1327,251.6772,7.9052,182.0658,355.8619,7.9052,182.0658,355.8619
26.515,541.7939,0.1126,251.4378,7.8949,182.0666,355.5257,7.8949,182.0666,355.5257
26.624,541.5406,0.0814,251.1549,7.8828,182.0676,355.1823,7.8828,182.0676,355.1823
26.738,541.2864,0.0427,250.8788,7.8698,182.0687,354.8460,7.8698,182.0687,354.8460
26.849,541.0722,0.0069,250.6726,7.8556,182.0701,354.5106,7.8556,182.0701,354.5106
26.959,540.8121,-0.0372,250.4829,7.8437,182.0713,354.2575,7.8437,182.0713,354.2575
27.070,540.5927,-0.0659,250.4371,7.8356,182.0721,354.0928,7.8356,182.0721,354.0928
27.182,540.3271,-0.0936,250.4704,7.8180,182.0740,353.7645,7.8180,182.0740,353.7645
27.291,540.1052,-0.1142,250.5439,7.8088,182.0750,353.6022,7.8088,182.0750,353.6022
27.391,539.8828,-0.1346,250.6435,7.7931,182.0768,353.3434,7.7931,182.0768,353.3434
27.502,539.6158,-0.1600,250.7873,7.7878,182.0775,353.2589,7.7878,182.0775,353.2589
27.613,539.3936,-0.1827,250.9216,7.7715,182.0794,353.0042,7.7715,182.0794,353.0042
27.721,539.1272,-0.2121,251.0955,7.7607,182.0808,352.8389,7.7607,182.0808,352.8389
27.835,538.9052,-0.2387,251.2484,7.7553,182.0815,352.7566,7.7553,182.0815,352.7566
27.944,538.6392,-0.2730,251.4390,7.7444,182.0829,352.5909,7.7444,182.0829,352.5909
28.057,538.3732,-0.3096,251.6357,7.7288,182.0850,352.3468,7.7288,182.0850,352.3468
28.167,538.1520,-0.3416,251.8039,7.7288,182.0850,352.3468,7.7288,182.0850,352.3468
28.277,537.8862,-0.3816,252.0095,7.7242,182.0856,352.2672,7.7242,182.0856,352.2672
28.391,537.6650,-0.4159,252.1832,7.7198,182.0862,352.1877,7.7198,182.0862,352.1877
28.502,537.3998,-0.4582,252.3940,7.7198,182.0862,352.1877,7.7198,182.0862,352.1877
28.612,537.1785,-0.4942,252.5712,7.7161,182.0867,352.1065,7.7161,182.0867,352.1065
28.724,536.9129,-0.5382,252.7841,7.7161,182.0867,352.1065,7.7161,182.0867,352.1065
28.834,536.6917,-0.5757,252.9604,7.7133,182.0871,352.0252,7.7133,182.0871,352.0252
28.945,536.4258,-0.6215,253.1710,7.7133,182.0871,352.0252,7.7133,182.0871,352.0252
29.056,536.1600,-0.6680,253.3806,7.7118,182.0874,351.9446,7.7118,182.0874,351.9446
29.166,535.9385,-0.7073,253.5553,7.7118,182.0874,351.9446,7.7118,182.0874,351.9446
29.278,535.6726,-0.7550,253.7645,7.7119,182.0873,351.8648,7.7119,182.0873,351.8648
29.391,535.4509,-0.7953,253.9381,7.7119,182.0873,351.8648,7.7119,182.0873,351.8648
29.501,535.1851,-0.8443,254.1453,7.7119,182.0873,351.8648,7.7119,182.0873,351.8648
29.612,534.9635,-0.8857,254.3173,7.7132,182.0871,351.7852,7.7132,182.0871,351.7852
29.721,534.6973,-0.9361,254.5239,7.7132,182.0871,351.7852,7.7132,182.0871,351.7852
29.844,534.4315,-0.9874,254.7307,7.7132,182.0871,351.7852,7.7132,182.0871,351.7852
29.960,534.1655,-1.0395,254.9383,7.7167,182.0866,351.6251,7.7167,182.0866,351.6251
30.071,533.9453,-1.0916,255.0117,7.7167,182.0866,351.6251,7.7167,182.0866,351.6251
30.181,533.6844,-1.1747,254.9522,7.7167,182.0866,351.6251,7.7167,182.0866,351.6251
30.293,533.4686,-1.2550,254.8319,7.7167,182.0866,351.6251,7.7167,182.0866,351.6251
30.402,533.2112,-1.3596,254.6405,7.7167,182.0866,351.6251,7.7167,182.0866,351.6251
30.516,532.9547,-1.4700,254.4204,7.7167,182.0866,351.6251,7.7167,182.0866,351.6251
30.626,532.7415,-1.5645,254.2245,7.7167,182.0866,351.6251,7.7167,182.0866,351.6251
30.737,532.4860,-1.6798,253.9805,7.7167,182.0866,351.6251,7.7167,182.0866,351.6251
30.848,532.2737,-1.7767,253.7726,7.6784,182.0923,351.5533,7.6784,182.0923,351.5533
30.957,532.0192,-1.8933,253.5191,7.6393,182.0982,351.4832,7.6393,182.0982,351.4832
31.069,531.8074,-1.9908,253.3054,7.6393,182.0982,351.4832,7.6393,182.0982,351.4832
31.182,531.5534,-2.1078,253.0477,7.6393,182.0982,351.4832,7.6393,182.0982,351.4832
31.292,531.3419,-2.2051,252.8329,7.5715,182.1085,351.4419,7.5715,182.1085,351.4419
31.404,531.0883,-2.3215,252.5755,7.5715,182.1085,351.4419,7.5715,182.1085,351.4419
31.514,530.8770,-2.4181,252.3612,7.3333,182.1448,351.3700,7.3333,182.1448,351.3700
31.627,530.6240,-2.5335,252.1040,7.3333,182.1448,351.3700,7.3333,182.1448,351.3700
31.737,530.3709,-2.6479,251.8470,7.0089,182.1944,351.3814,7.0089,182.1944,351.3814
31.847,530.1600,-2.7416,251.6574,7.0089,182.1944,351.3814,7.0089,182.1944,351.3814
31.959,529.9043,-2.8375,251.6086,6.8527,182.2182,351.4308,6.8527,182.2182,351.4308
32.068,529.6896,-2.9059,251.6680,6.7766,182.2297,351.4566,6.7766,182.2297,351.4566
32.181,529.4307,-2.9792,251.8057,6.7766,182.2297,351.4566,6.7766,182.2297,351.4566
32.293,529.2147,-3.0353,251.9524,6.7058,182.2404,351.4944,6.7058,182.2404,351.4944
32.404,528.9550,-3.0984,252.1495,6.6380,182.2506,351.5398,6.6380,182.2506,351.5398
32.515,528.7382,-3.1483,252.3246,6.6381,182.2506,351.5398,6.6381,182.2506,351.5398
32.626,528.4782,-3.2054,252.5436,6.5749,182.2600,351.5902,6.5749,182.2600,351.5902
32.737,528.2185,-3.2595,252.7691,6.4082,182.2846,351.7729,6.4082,182.2846,351.7729
32.848,528.0021,-3.3023,252.9594,6.4082,182.2846,351.7729,6.4082,182.2846,351.7729
32.960,527.7422,-3.3509,253.1891,6.4082,182.2846,351.7729,6.4082,182.2846,351.7729
33.069,527.5257,-3.3888,253.3812,6.3704,182.2900,351.8478,6.3704,182.2900,351.8478
33.182,527.2656,-3.4311,253.6099,6.2752,182.3035,352.0802,6.2752,182.3035,352.0802
33.293,527.0486,-3.4639,253.7974,6.2752,182.3036,352.0801,6.2752,182.3036,352.0801
33.402,526.7879,-3.5002,254.0193,6.2442,182.3078,352.2439,6.2442,182.3078,352.2439
33.515,526.5704,-3.5279,254.2014,6.2442,182.3078,352.2439,6.2442,182.3078,352.2439
33.626,526.3091,-3.5584,254.4168,6.2303,182.3097,352.4898,6.2303,182.3097,352.4898
33.734,526.0910,-3.5817,254.5932,6.2303,182.3097,352.4898,6.2303,182.3097,352.4898
33.835,525.8729,-3.6034,254.7676,6.2303,182.3097,352.4898,6.2303,182.3097,352.4898
33.957,525.5673,-3.6315,255.0099,6.2303,182.3097,352.4898,6.2303,182.3097,352.4898
34.069,525.3491,-3.6507,255.1820,6.2751,182.3038,352.6466,6.2751,182.3038,352.6466
34.180,525.0871,-3.6734,255.3866,6.2751,182.3038,352.6466,6.2751,182.3038,352.6466
34.292,524.8684,-3.6924,255.5559,6.2751,182.3038,352.6466,6.2751,182.3038,352.6466
34.404,524.6055,-3.7153,255.7577,6.2751,182.3038,352.6466,6.2751,182.3038,352.6466
34.506,524.3860,-3.7344,255.9245,6.2751,182.3038,352.6466,6.2751,182.3038,352.6466
34.612,524.1664,-3.7530,256.0900,6.2751,182.3038,352.6466,6.2751,182.3038,352.6466
34.721,523.9026,-3.7741,256.2872,6.3492,182.2942,352.6747,6.3492,182.2942,352.6747
34.833,523.6823,-3.7902,256.4503,6.4966,182.2753,352.7287,6.4966,182.2753,352.7287
34.946,523.4175,-3.8075,256.6440,6.4966,182.2753,352.7287,6.4966,182.2753,352.7287
35.054,523.1964,-3.8198,256.8031,6.6501,182.2556,352.7826,6.6501,182.2556,352.7826
35.168,522.9306,-3.8323,256.9896,6.6501,182.2556,352.7826,6.6501,182.2556,352.7826
35.279,522.6644,-3.8419,257.1721,6.8752,182.2271,352.8880,6.8752,182.2271,352.8880
35.390,522.4421,-3.8476,257.3213,6.8752,182.2271,352.8880,6.8752,182.2271,352.8880
35.499,522.1752,-3.8519,257.4975,6.8752,182.2271,352.8880,6.8752,182.2271,352.8880
35.612,521.9528,-3.8532,257.6425,7.0664,182.2033,353.0405,7.0664,182.2033,353.0405
35.720,521.6858,-3.8525,257.8135,7.0664,182.2033,353.0405,7.0664,182.2033,353.0405
35.833,521.4633,-3.8502,257.9543,7.0664,182.2033,353.0405,7.0664,182.2033,353.0405
35.946,521.1965,-3.8457,258.1220,7.1526,182.1928,353.1790,7.1526,182.1928,353.1790
36.056,520.9297,-3.8397,258.2815,7.1772,182.1899,353.2563,7.1772,182.1899,353.2563
36.165,520.7089,-3.8434,258.3132,7.1929,182.1880,353.3364,7.1929,182.1880,353.3364
36.278,520.4456,-3.8609,258.2436,7.2119,182.1858,353.4961,7.2119,182.1858,353.4961
36.390,520.2271,-3.8817,258.1353,7.1829,182.1891,353.6635,7.1829,182.1891,353.6635
36.501,519.9655,-3.9103,257.9746,7.1180,182.1962,353.9019,7.1180,182.1962,353.9019
36.612,519.7479,-3.9349,257.8280,7.0557,182.2028,354.0514,7.0557,182.2028,354.0514
36.720,519.4867,-3.9637,257.6459,6.9429,182.2144,354.2721,6.9429,182.2144,354.2721
36.823,519.2690,-3.9865,257.4930,6.8574,182.2230,354.4176,6.8574,182.2230,354.4176
36.929,519.0512,-4.0076,257.3412,6.7712,182.2314,354.5594,6.7712,182.2314,354.5594
37.043,518.7901,-4.0307,257.1621,6.6348,182.2442,354.7611,6.6348,182.2442,354.7611
37.153,518.5721,-4.0481,257.0159,6.4853,182.2577,354.9612,6.4853,182.2577,354.9612
37.264,518.3106,-4.0672,256.8449,6.4356,182.2621,355.0258,6.4356,182.2621,355.0258
37.376,518.0493,-4.0845,256.6790,6.1611,182.2854,355.3387,6.1611,182.2854,355.3387
37.487,517.8311,-4.0981,256.5453,6.1017,182.2902,355.3968,6.1017,182.2902,355.3968
37.597,517.5694,-4.1093,256.4664,5.9182,182.3048,355.5692,5.9182,182.3048,355.5692
37.707,517.3509,-4.1130,256.4693,5.7123,182.3205,355.7248,5.7123,182.3205,355.7248
37.820,517.0883,-4.1154,256.5166,5.5762,182.3306,355.8192,5.5762,182.3306,355.8192
37.932,516.8694,-4.1180,256.5764,5.2756,182.3523,355.9624,5.2756,182.3523,355.9624
38.040,516.6069,-4.1243,256.6611,5.2013,182.3576,355.9931,5.2013,182.3576,355.9931
38.153,516.3886,-4.1334,256.7396,4.7732,182.3873,356.0887,4.7732,182.3873,356.0887
38.265,516.1273,-4.1504,256.8408,4.5270,182.4041,356.1200,4.5270,182.4041,356.1200
38.375,515.9098,-4.1706,256.9300,4.0975,182.4333,356.1234,4.0975,182.4333,356.1234
38.486,515.6495,-4.2032,257.0417,3.7615,182.4562,356.1006,3.7615,182.4562,356.1006
38.598,515.3902,-4.2460,257.1583,3.2317,182.4927,356.0229,3.2317,182.4927,356.0229
38.706,515.1746,-4.2902,257.2590,2.8021,182.5229,355.9387,2.8021,182.5229,355.9387
38.818,514.9165,-4.3541,257.3842,2.3664,182.5542,355.8356,2.3664,182.5542,355.8356
38.932,514.7022,-4.4170,257.4922,1.9147,182.5876,355.7177,1.9147,182.5876,355.7177
39.041,514.4460,-4.5047,257.6261,1.3737,182.6289,355.5660,1.3737,182.6289,355.5660
39.157,514.1907,-4.6060,257.7648,0.8299,182.6718,355.4057,0.8299,182.6718,355.4057
39.265,513.9788,-4.7012,257.8842,0.3721,182.7092,355.2668,0.3721,182.7092,355.2668
39.376,513.7261,-4.8283,258.0328,359.8178,182.7559,355.0964,359.8178,182.7559,355.0964
39.485,513.5167,-4.9450,258.1609,359.3547,182.7962,354.9536,359.3547,182.7962,354.9536
39.598,513.2667,-5.0978,258.3193,358.8021,182.8458,354.7845,358.8021,182.8458,354.7845
39.709,513.0595,-5.2353,258.4549,358.3486,182.8878,354.6487,358.3486,182.8878,354.6487
39.818,512.8120,-5.4120,258.6213,357.8185,182.9382,354.4958,357.8185,182.9382,354.4958
39.932,512.6068,-5.5683,258.7622,357.3929,182.9796,354.3802,357.3929,182.9796,354.3802
40.040,512.3616,-5.7657,258.9330,356.9862,183.0201,354.2783,356.9862,183.0201,354.2783
40.152,512.1581,-5.9373,259.0765,356.6503,183.0540,354.2064,356.6503,183.0540,354.2064
40.252,511.9554,-6.1145,259.2208,356.2444,183.0956,354.1321,356.2444,183.0956,354.1321
40.361,511.7126,-6.3330,259.3949,356.0785,183.1127,354.1139,356.0785,183.1127,354.1139
40.473,511.5107,-6.5188,259.5403,355.7509,183.1466,354.0886,355.7509,183.1466,354.0886
40.585,511.2689,-6.7443,259.7149,355.7509,183.1466,354.0886,355.7509,183.1466,354.0886
40.693,511.0675,-6.9328,259.8604,355.4176,183.1811,354.1235,355.4176,183.1811,354.1235
40.804,510.8259,-7.1579,260.0345,355.4176,183.1811,354.1235,355.4176,183.1811,354.1235
40.916,510.5842,-7.3796,260.2084,355.1954,183.2039,354.2342,355.1954,183.2039,354.2342
41.026,510.3825,-7.5600,260.3523,355.1954,183.2039,354.2342,355.1954,183.2039,354.2342
41.138,510.1397,-7.7690,260.5220,355.0020,183.2231,354.4998,355.0020,183.2231,354.4998
41.251,509.9365,-7.9353,260.6589,354.9388,183.2290,354.7332,354.9388,183.2290,354.7332
41.360,509.6909,-8.1234,260.8170,354.9224,183.2305,354.9756,354.9224,183.2305,354.9756
41.488,509.4436,-8.2968,260.9677,355.0485,183.2201,355.5141,355.0485,183.2201,355.5141
41.597,509.1943,-8.4537,261.1094,355.2755,183.2033,356.0359,355.2755,183.2033,356.0359
41.707,508.9850,-8.5701,261.2199,355.5230,183.1871,356.4570,355.5230,183.1871,356.4570
41.820,508.7325,-8.6914,261.3433,355.8786,183.1666,356.9683,355.8786,183.1666,356.9683
41.929,508.5211,-8.7761,261.4384,356.2187,183.1499,357.4091,356.2187,183.1499,357.4091
42.042,508.2667,-8.8572,261.5430,356.6742,183.1315,357.9596,356.6742,183.1315,357.9596
42.152,508.0544,-8.9069,261.6222,357.0899,183.1184,358.4355,357.0899,183.1184,358.4355
42.262,507.7997,-8.9445,261.7076,357.6272,183.1065,359.0235,357.6272,183.1065,359.0235
42.374,507.5881,-8.9574,261.7726,358.1032,183.1004,359.5238,358.1032,183.1004,359.5238
42.476,507.3355,-8.9504,261.8457,358.7041,183.0987,0.1316,358.7041,183.0987,0.1316
42.583,507.1268,-8.9259,261.9044,359.2261,183.1022,0.6401,359.2261,183.1022,0.6401
42.692,506.9201,-8.8844,261.9623,359.7646,183.1106,1.1469,359.7646,183.1106,1.1469
42.805,506.6753,-8.8124,262.0321,0.4284,183.1274,1.7479,0.4284,183.1274,1.7479
42.916,506.4347,-8.7164,262.1043,1.1066,183.1516,2.3359,1.1066,183.1516,2.3359
43.026,506.2379,-8.6183,262.1685,1.6791,183.1774,2.8121,1.6791,183.1774,2.8121
43.139,506.0064,-8.4795,262.2516,2.3707,183.2147,3.3630,2.3707,183.2147,3.3630
43.250,505.8177,-8.3466,262.3259,2.9474,183.2509,3.8019,2.9474,183.2509,3.8019
43.359,505.5964,-8.1672,262.4201,3.6352,183.2997,4.3006,3.6352,183.2997,4.3006
43.472,505.4161,-8.0018,262.5024,4.2012,183.3443,4.6904,4.2012,183.3443,4.6904
43.584,505.2048,-7.7853,262.6050,4.8668,183.4017,5.1241,4.8668,183.4017,5.1241
43.692,505.0327,-7.5909,262.6928,5.4068,183.4519,5.4553,5.4068,183.4519,5.4553
43.805,504.8309,-7.3420,262.8003,6.0331,183.5140,5.8143,6.0331,183.5140,5.8143
43.913,504.6663,-7.1225,262.8912,6.5340,183.5665,6.0803,6.5340,183.5665,6.0803
44.014,504.5046,-6.8933,262.9828,7.0136,183.6190,6.3155,7.0136,183.6190,6.3155
44.125,504.3141,-6.6060,263.0930,7.5584,183.6810,6.5583,7.5584,183.6810,6.5583
44.236,504.1273,-6.3065,263.2026,8.0663,183.7409,6.7681,8.0663,183.7409,6.7681
44.347,503.9740,-6.0482,263.2926,8.4591,183.7885,6.9314,8.4591,183.7885,6.9314
44.458,503.7928,-5.7287,263.3987,8.7751,183.8278,7.0782,8.7751,183.8278,7.0782
44.570,503.6441,-5.4549,263.4853,9.1514,183.8758,7.2725,9.1514,183.8758,7.2725
44.681,503.4684,-5.1175,263.5879,9.3639,183.9035,7.4034,9.3639,183.9035,7.4034
44.792,503.3245,-4.8297,263.6725,9.5735,183.9314,7.5430,9.5735,183.9314,7.5430
44.903,503.1542,-4.4772,263.7736,9.8430,183.9681,7.7571,9.8430,183.9681,7.7571
45.013,503.0147,-4.1783,263.8575,9.9065,183.9769,7.8104,9.9065,183.9769,7.8104
45.125,502.8496,-3.8143,263.9588,10.0836,184.0018,7.9866,10.0836,184.0018,7.9866
45.238,502.6869,-3.4457,264.0608,10.1358,184.0093,8.0471,10.1358,184.0093,8.0471
45.348,502.5526,-3.1359,264.1467,10.2309,184.0231,8.1815,10.2309,184.0231,8.1815
45.458,502.3929,-2.7626,264.2510,10.2309,184.0231,8.1815,10.2309,184.0231,8.1815
45.569,502.2605,-2.4512,264.3395,10.2309,184.0231,8.1815,10.2309,184.0231,8.1815
45.681,502.1019,-2.0783,264.4475,10.2309,184.0231,8.1815,10.2309,184.0231,8.1815
45.792,501.9698,-1.7695,264.5390,10.2310,184.0231,8.1815,10.2310,184.0231,8.1815
45.903,501.8109,-1.4027,264.6508,10.2309,184.0231,8.1815,10.2309,184.0231,8.1815
46.012,501.6778,-1.1015,264.7459,10.2310,184.0231,8.1815,10.2310,184.0231,8.1815
46.124,501.5170,-0.7465,264.8623,10.2309,184.0231,8.1815,10.2309,184.0231,8.1815
46.236,501.3551,-0.4001,264.9825,9.8574,183.9679,8.3508,9.8574,183.9679,8.3508
46.345,501.2193,-0.1188,265.0873,9.7721,183.9552,8.3489,9.7721,183.9552,8.3489
46.457,501.0542,0.2086,265.2186,9.2405,183.8764,8.2532,9.2405,183.8764,8.2532
46.570,500.9142,0.4722,265.3326,8.8354,183.8175,8.0855,8.8354,183.8175,8.0855
46.679,500.7423,0.7759,265.4732,8.3882,183.7543,7.8102,8.3882,183.7543,7.8102
46.792,500.5953,1.0172,265.5912,8.0276,183.7052,7.5331,8.0276,183.7052,7.5331
46.902,500.4135,1.2911,265.7303,7.5956,183.6490,7.1529,7.5956,183.6490,7.1529
47.012,500.2573,1.5054,265.8434,7.2333,183.6043,6.8002,7.2333,183.6043,6.8002
47.124,500.0639,1.7450,265.9748,6.7975,183.5537,6.3368,6.7975,183.5537,6.3368
47.235,499.8977,1.9296,266.0803,6.4371,183.5147,5.9191,6.4371,183.5147,5.9191
47.346,499.6921,2.1325,266.2013,6.0130,183.4725,5.3821,6.0130,183.4725,5.3821
47.458,499.4798,2.3147,266.3150,5.6046,183.4358,4.8086,5.6046,183.4358,4.8086
47.569,499.2979,2.4506,266.4034,5.2812,183.4099,4.3049,5.2812,183.4099,4.3049
47.680,499.0735,2.5945,266.5009,4.9193,183.3845,3.6720,4.9193,183.3845,3.6720
47.791,498.8818,2.6986,266.5742,4.6441,183.3681,3.1232,4.6441,183.3681,3.1232
47.903,498.6460,2.8043,266.6517,4.3459,183.3535,2.4415,4.3459,183.3535,2.4415
48.011,498.4450,2.8761,266.7072,4.1141,183.3448,1.8557,4.1141,183.3448,1.8557
48.125,498.1989,2.9423,266.7628,3.8398,183.3376,1.1331,3.8398,183.3376,1.1331
48.236,497.9476,2.9860,266.8074,3.5574,183.3339,0.3913,3.5574,183.3339,0.3913
48.345,497.7350,3.0049,266.8385,3.3099,183.3335,359.7605,3.3099,183.3335,359.7605
48.458,497.4771,3.0063,266.8737,2.9939,183.3370,358.9913,2.9939,183.3370,358.9913
48.569,497.2605,2.9895,266.9062,2.7130,183.3436,358.3421,2.7130,183.3436,358.3421
48.687,496.9997,2.9475,266.9543,2.3535,183.3565,357.5562,2.3535,183.3565,357.5562
48.792,496.7825,2.8940,267.0049,2.0349,183.3719,356.8977,2.0349,183.3719,356.8977
48.903,496.5226,2.8072,267.0812,1.6302,183.3967,356.1069,1.6302,183.3967,356.1069
49.012,496.3073,2.7159,267.1589,1.2749,183.4230,355.4504,1.2749,183.4230,355.4504
49.125,496.0511,2.5833,267.2699,0.8286,183.4616,354.6700,0.8286,183.4616,354.6700
49.234,495.8401,2.4536,267.3772,0.4417,183.4999,354.0297,0.4417,183.4999,354.0297
49.345,495.5903,2.2748,267.5239,359.9626,183.5532,353.2788,359.9626,183.5532,353.2788
49.458,495.3447,2.0713,267.6895,359.4710,183.6143,352.5533,359.4710,183.6143,352.5533
49.569,495.1437,1.8832,267.8414,359.0553,183.6708,351.9729,359.0553,183.6708,351.9729
49.680,494.9071,1.6360,268.0394,358.5539,183.7445,351.3116,358.5539,183.7445,351.3116
49.803,494.6758,1.3666,268.2533,358.0552,183.8235,350.6952,358.0552,183.8235,350.6952
49.916,494.4498,1.0762,268.4818,357.5653,183.9064,350.1306,357.5653,183.9064,350.1306
50.027,494.2656,0.8196,268.6823,357.1685,183.9770,349.7046,357.1685,183.9770,349.7046
50.138,494.0492,0.4958,268.9336,356.7113,184.0621,349.2520,356.7113,184.0621,349.2520
50.250,493.8724,0.2144,269.1507,356.3506,184.1318,348.9277,356.3506,184.1318,348.9277
50.360,493.6641,-0.1352,269.4193,355.9470,184.2121,348.6067,355.9470,184.2121,348.6067
50.472,493.4929,-0.4348,269.6489,355.8127,184.2394,348.5188,355.8127,184.2394,348.5188
50.582,493.2894,-0.8017,269.9294,355.6003,184.2829,348.3964,355.6003,184.2829,348.3964
50.695,493.1212,-1.1115,270.1665,355.3700,184.3305,348.3056,355.3700,184.3305,348.3056
50.804,492.9202,-1.4853,270.4536,355.3700,184.3305,348.3056,355.3700,184.3305,348.3056
50.915,492.7529,-1.7964,270.6947,355.2084,184.3641,348.2965,355.2084,184.3641,348.2965
51.030,492.5518,-2.1659,270.9852,355.0545,184.3960,348.3454,355.0545,184.3960,348.3454
51.133,492.3833,-2.4684,271.2272,354.9812,184.4112,348.3759,354.9812,184.4112,348.3759
51.234,492.2135,-2.7643,271.4689,354.7701,184.4543,348.6409,354.7701,184.4543,348.6409
51.345,492.0061,-3.1077,271.7556,354.5979,184.4884,349.1088,354.5979,184.4884,349.1088
51.459,491.7940,-3.4353,272.0359,354.5916,184.4897,349.6262,354.5916,184.4897,349.6262
51.567,491.6133,-3.6940,272.2634,354.6774,184.4744,350.1014,354.6774,184.4744,350.1014
51.680,491.3914,-3.9845,272.5281,354.8607,184.4434,350.7312,354.8607,184.4434,350.7312
51.792,491.2023,-4.2083,272.7405,355.0680,184.4105,351.3065,355.0680,184.4105,351.3065
51.900,490.9703,-4.4524,272.9843,355.3736,184.3657,352.0535,355.3736,184.3657,352.0535
52.001,490.7729,-4.6342,273.1770,355.6711,184.3258,352.7183,355.6711,184.3258,352.7183
52.111,490.5720,-4.7952,273.3591,356.0038,184.2853,353.4157,356.0038,184.2853,353.4157
52.222,490.3269,-4.9602,273.5624,356.4445,184.2377,354.2871,356.4445,184.2377,354.2871
52.332,490.1197,-5.0734,273.7179,356.8421,184.2005,355.0344,356.8421,184.2005,355.0344
52.445,489.8684,-5.1802,273.8865,357.3494,184.1605,355.9458,357.3494,184.1605,355.9458
52.556,489.6151,-5.2554,274.0348,357.8824,184.1270,356.8620,357.8824,184.1270,356.8620
52.665,489.4030,-5.2945,274.1425,358.3408,184.1049,357.6203,358.3408,184.1049,357.6203
52.778,489.1483,-5.3140,274.2529,358.9013,184.0860,358.5142,358.9013,184.0860,358.5142
52.888,488.9366,-5.3086,274.3303,359.3721,184.0768,359.2384,359.3721,184.0768,359.2384
52.998,488.6840,-5.2774,274.4084,359.9357,184.0735,0.0745,359.9357,184.0735,0.0745
53.112,488.4755,-5.2321,274.4644,0.4003,184.0768,0.7381,0.4003,184.0768,0.7381
53.221,488.2284,-5.1559,274.5257,0.9474,184.0874,1.4892,0.9474,184.0874,1.4892
53.334,488.0259,-5.0755,274.5767,1.3921,184.1013,2.0740,1.3921,184.1013,2.0740
53.444,487.7880,-4.9597,274.6487,1.9096,184.1230,2.7234,1.9096,184.1230,2.7234
53.554,487.5944,-4.8480,274.7209,2.3262,184.1446,3.2198,2.3262,184.1446,3.2198
53.665,487.3675,-4.6968,274.8221,2.8070,184.1740,3.7610,2.8070,184.1740,3.7610
53.778,487.1461,-4.5287,274.9360,3.2647,184.2061,4.2427,3.2647,184.2061,4.2427
53.886,486.9656,-4.3768,275.0387,3.6268,184.2342,4.5989,3.6268,184.2342,4.5989
54.000,486.7531,-4.1820,275.1662,4.0361,184.2685,4.9738,4.0361,184.2685,4.9738
54.112,486.5783,-4.0107,275.2704,4.2929,184.2914,5.1927,4.2929,184.2914,5.1927
54.221,486.3710,-3.7960,275.3910,4.6246,184.3224,5.4534,4.6246,184.3224,5.4534
54.334,486.2001,-3.6106,275.4886,4.7635,184.3359,5.5547,4.7635,184.3359,5.5547
54.444,485.9969,-3.3815,275.6032,5.0404,184.3634,5.7493,5.0404,184.3634,5.7493
54.554,485.8288,-3.1861,275.6979,5.1845,184.3781,5.8359,5.1845,184.3781,5.8359
54.665,485.6283,-2.9474,275.8106,5.4049,184.4009,5.9488,5.4049,184.4009,5.9488
54.778,485.4285,-2.7061,275.9228,5.4049,184.4009,5.9488,5.4049,184.4009,5.9488
54.889,485.2622,-2.5042,276.0162,5.5641,184.4176,5.9950,5.5641,184.4176,5.9950
54.998,485.0625,-2.2626,276.1279,5.7221,184.4343,6.0068,5.7221,184.4343,6.0068
55.111,484.8956,-2.0629,276.2208,5.7221,184.4344,6.0068,5.7221,184.4344,6.0068
55.220,484.6941,-1.8266,276.3317,6.0316,184.4668,5.8880,6.0316,184.4668,5.8880
55.333,484.5247,-1.6339,276.4231,6.0926,184.4731,5.8362,6.0926,184.4731,5.8362
55.445,484.3192,-1.4088,276.5313,6.3019,184.4942,5.5805,6.3019,184.4942,5.5805
55.553,484.1455,-1.2275,276.6189,6.3848,184.5022,5.4398,6.3848,184.5022,5.4398
55.666,483.9337,-1.0186,276.7206,6.5163,184.5143,4.9413,6.5163,184.5143,4.9413
55.777,483.7172,-0.8208,276.8162,6.5529,184.5174,4.5285,6.5529,184.5174,4.5285
55.887,483.5334,-0.6654,276.8907,6.5331,184.5159,4.1052,6.5331,184.5159,4.1052
55.998,483.3082,-0.4913,276.9735,6.4661,184.5114,3.5960,6.4661,184.5114,3.5960
56.111,483.1169,-0.3572,277.0368,6.3839,184.5065,3.1704,6.3839,184.5065,3.1704
56.223,482.8830,-0.2100,277.1059,6.2613,184.5003,2.6497,6.2613,184.5003,2.6497
56.332,482.6845,-0.0996,277.1580,6.1423,184.4952,2.2045,6.1423,184.4952,2.2045
56.445,482.4421,0.0181,277.2148,5.9828,184.4898,1.6569,5.9828,184.4898,1.6569
56.555,482.2371,0.1036,277.2579,5.8381,184.4862,1.1912,5.8381,184.4862,1.1912
56.667,481.9875,0.1909,277.3058,5.6528,184.4833,0.6248,5.6528,184.4833,0.6248
56.777,481.7346,0.2616,277.3514,5.4574,184.4821,0.0542,5.4574,184.4821,0.0542
56.889,481.5217,0.3081,277.3896,5.2887,184.4827,359.5792,5.2887,184.4827,359.5792
56.999,481.2642,0.3493,277.4380,5.0817,184.4852,359.0137,5.0817,184.4852,359.0137
57.111,481.0483,0.3717,277.4824,4.9071,184.4890,358.5497,4.9071,184.4890,358.5497
57.222,480.7881,0.3851,277.5425,4.6970,184.4953,358.0055,4.6970,184.4953,358.0055
57.331,480.5706,0.3853,277.5997,4.5234,184.5020,357.5658,4.5234,184.5020,357.5658
57.443,480.3094,0.3732,277.6779,4.3194,184.5116,357.0583,4.3194,184.5116,357.0583
57.556,480.0916,0.3533,277.7514,4.1550,184.5207,356.6552,4.1550,184.5207,356.6552
57.666,479.8305,0.3186,277.8496,3.9933,184.5307,356.2612,3.9933,184.5307,356.2612
57.778,479.5696,0.2731,277.9584,3.8646,184.5395,355.9464,3.8646,184.5395,355.9464
57.887,479.3525,0.2277,278.0565,3.7369,184.5489,355.6291,3.7369,184.5489,355.6291
58.000,479.0923,0.1655,278.1828,3.6464,184.5561,355.3963,3.6464,184.5561,355.3963
58.110,478.8758,0.1081,278.2944,3.5311,184.5657,355.0826,3.5311,184.5657,355.0826
58.222,478.6163,0.0339,278.4353,3.4807,184.5701,354.9240,3.4807,184.5701,354.9240
58.333,478.4002,-0.0312,278.5571,3.4371,184.5740,354.7639,3.4371,184.5740,354.7639
58.444,478.1408,-0.1120,278.6999,3.4170,184.5759,354.6853,3.4170,184.5759,354.6853
58.557,477.8814,-0.1983,278.7337,3.4046,184.5771,354.5258,3.4046,184.5771,354.5258
58.667,477.6658,-0.2745,278.6850,3.4046,184.5771,354.5258,3.4046,184.5771,354.5258
58.778,477.4079,-0.3684,278.5701,3.4219,184.5754,354.4486,3.4219,184.5754,354.4486
58.889,477.1935,-0.4472,278.4444,3.4439,184.5732,354.3737,3.4439,184.5732,354.3737
59.000,476.9369,-0.5410,278.2673,3.4938,184.5683,354.3087,3.4938,184.5683,354.3087
59.111,476.7281,-0.6198,278.0472,3.5997,184.5576,354.1850,3.5997,184.5576,354.1850
59.223,476.4879,-0.7190,277.6406,3.7415,184.5430,354.1041,3.7415,184.5430,354.1041
59.333,476.2948,-0.8059,277.1982,3.8195,184.5349,354.0753,3.8195,184.5349,354.0753
59.445,476.0693,-0.9139,276.5801,3.9778,184.5184,354.0241,3.9778,184.5184,354.0241
59.556,475.8479,-1.0241,275.9003,4.2253,184.4923,354.0019,4.2253,184.4923,354.0019
59.667,475.6655,-1.1162,275.3026,4.3899,184.4750,354.0003,4.3899,184.4750,354.0003
59.778,475.4485,-1.2264,274.5559,4.6346,184.4493,354.0495,4.6346,184.4493,354.0495
59.889,475.2682,-1.3165,273.9224,4.7135,184.4410,354.0690,4.7135,184.4410,354.0690
60.001,475.0520,-1.4212,273.1606,5.0271,184.4088,354.2146,5.0271,184.4088,354.2146
60.112,474.8715,-1.5045,272.5291,5.2325,184.3881,354.3399,5.2325,184.3881,354.3399
60.222,474.6544,-1.5992,271.7764,5.3642,184.3751,354.4494,5.3642,184.3751,354.4494
60.333,474.4730,-1.6731,271.1530,5.6130,184.3513,354.6797,5.6130,184.3513,354.6797
60.444,474.2552,-1.7556,270.4082,5.8268,184.3318,354.9352,5.8268,184.3318,354.9352
60.556,474.0370,-1.8309,269.6650,6.0170,184.3153,355.2013,6.0170,184.3153,355.2013
60.667,473.8559,-1.8887,269.0379,6.1491,184.3044,355.4246,6.1491,184.3044,355.4246
60.778,473.6351,-1.9473,268.3393,6.3874,184.2861,355.8741,6.3874,184.2861,355.8741
60.889,473.4441,-1.9799,267.8586,6.4565,184.2812,356.0240,6.4565,184.2812,356.0240
61.000,473.2048,-1.9952,267.4160,6.6673,184.2674,356.5295,6.6673,184.2674,356.5295
61.111,472.9981,-1.9881,267.1408,6.8283,184.2581,356.9457,6.8283,184.2581,356.9457
61.223,472.7440,-1.9573,266.8914,7.0064,184.2493,357.4362,7.0064,184.2493,357.4362
61.334,472.5291,-1.9151,266.7297,7.1478,184.2435,357.8481,7.1478,184.2435,357.8481
61.445,472.2694,-1.8467,266.5707,7.3112,184.2380,358.3521,7.3112,184.2380,358.3521
61.556,472.0094,-1.7610,266.4367,7.4663,184.2342,358.8662,7.4663,184.2342,358.8662
61.667,471.7930,-1.6773,266.3386,7.5869,184.2322,359.2998,7.5869,184.2322,359.2998
61.778,471.5343,-1.5630,266.2329,7.7182,184.2312,359.8227,7.7182,184.2312,359.8227
61.889,471.3200,-1.4570,266.1527,7.8142,184.2312,0.2575,7.8142,184.2312,0.2575
62.000,471.0647,-1.3176,266.0631,7.9106,184.2321,0.7743,7.9106,184.2321,0.7743
62.112,470.8537,-1.1918,265.9951,7.9736,184.2332,1.1984,7.9736,184.2332,1.1984
62.223,470.6032,-1.0284,265.9320,8.0261,184.2345,1.6961,8.0261,184.2345,1.6961
62.334,470.3975,-0.8821,265.8960,8.0412,184.2350,1.9433,8.0412,184.2350,1.9433
62.444,470.1544,-0.6955,265.8688,8.0465,184.2352,2.4744,8.0465,184.2352,2.4744
62.556,469.9163,-0.4983,265.8571,8.0269,184.2342,2.8897,8.0269,184.2342,2.8897
62.667,469.7210,-0.3271,265.8574,7.9933,184.2324,3.1409,7.9933,184.2324,3.1409
62.767,469.5289,-0.1502,265.8681,7.9127,184.2277,3.5627,7.9127,184.2277,3.5627
62.879,469.3029,0.0682,265.8968,7.8447,184.2232,3.7966,7.8447,184.2232,3.7966
62.990,469.1178,0.2544,265.9328,7.7243,184.2148,4.1097,7.7243,184.2148,4.1097
63.100,468.8990,0.4812,265.9887,7.5616,184.2026,4.4042,7.5616,184.2026,4.4042
63.218,468.6837,0.7099,266.0568,7.4235,184.1916,4.6090,7.4235,184.1916,4.6090
63.332,468.5064,0.9003,266.1216,7.1339,184.1673,4.9140,7.1339,184.1673,4.9140
63.453,468.2957,1.1273,266.2084,6.9313,184.1494,5.0663,6.9313,184.1494,5.0663
63.568,468.0870,1.3507,266.3050,6.4843,184.1085,5.3172,6.4843,184.1085,5.3172
63.678,467.8798,1.5689,266.4123,6.1672,184.0784,5.4252,6.1672,184.0784,5.4252
63.792,467.7078,1.7453,266.5091,5.7430,184.0376,5.5137,5.7430,184.0376,5.5137
63.903,467.5015,1.9489,266.6336,5.2360,183.9882,5.5521,5.2360,183.9882,5.5521
64.012,467.3291,2.1105,266.7435,4.8086,183.9465,5.5340,4.8086,183.9465,5.5340
64.122,467.1213,2.2929,266.8812,4.2768,183.8952,5.4590,4.2768,183.8952,5.4590
64.235,466.9469,2.4341,266.9998,3.8127,183.8511,5.3549,3.8127,183.8511,5.3549
64.343,466.7279,2.5180,267.1496,3.3388,183.8079,4.7966,3.3388,183.8079,4.7966
64.457,466.4979,2.5716,267.2957,2.9730,183.7829,2.7816,2.9730,183.7829,2.7816
64.566,466.2956,2.5925,267.4051,2.6854,183.7746,0.3973,2.6854,183.7746,0.3973
64.678,466.0436,2.5496,267.5215,2.4936,183.7771,358.0913,2.4936,183.7771,358.0913
64.788,465.8309,2.5142,267.6131,2.3930,183.7813,357.1767,2.3930,183.7813,357.1767
64.902,465.5742,2.4765,267.7221,2.3755,183.7822,357.0784,2.3755,183.7822,357.0784
65.011,465.3595,2.4513,267.8111,2.3755,183.7822,357.0784,2.3755,183.7822,357.0784
65.123,465.1016,2.4305,267.9150,2.3755,183.7822,357.0784,2.3755,183.7822,357.0784
65.234,464.8869,2.4215,267.9994,2.2744,183.7871,357.3372,2.2744,183.7871,357.3372
65.343,464.6296,2.4208,268.0957,2.1039,183.7943,357.8974,2.1039,183.7943,357.8974
65.456,464.3726,2.4307,268.1824,1.9889,183.7980,358.4307,1.9889,183.7980,358.4307
65.567,464.1587,2.4466,268.2445,1.9204,183.7996,358.8539,1.9204,183.7996,358.8539
65.677,463.9024,2.4743,268.3065,1.8760,183.8004,359.1880,1.8760,183.8004,359.1880
65.790,463.6894,2.5044,268.3494,1.8235,183.8009,359.6440,1.8235,183.8009,359.6440
65.901,463.4349,2.5486,268.3918,1.7669,183.8010,0.1707,1.7669,183.8010,0.1707
66.011,463.2238,2.5919,268.4217,1.7326,183.8008,0.4986,1.7326,183.8008,0.4986
66.124,462.9719,2.6513,268.4503,1.6879,183.8003,0.9145,1.6879,183.8003,0.9145
66.235,462.7633,2.7068,268.4701,1.6410,183.7993,1.3248,1.6410,183.7993,1.3248
66.345,462.5148,2.7801,268.4940,1.6079,183.7985,1.5791,1.6079,183.7985,1.5791
66.456,462.2687,2.8601,268.5201,1.5725,183.7975,1.8328,1.5725,183.7975,1.8328
66.567,462.0655,2.9307,268.5201,1.5012,183.7949,2.2560,1.5012,183.7949,2.2560
66.679,461.8242,3.0193,268.4910,1.4866,183.7943,2.3363,1.4866,183.7943,2.3363
66.791,461.6248,3.0959,268.4509,1.3961,183.7903,2.7525,1.3961,183.7903,2.7525
66.900,461.3876,3.1905,268.3881,1.3961,183.7903,2.7525,1.3961,183.7903,2.7525
67.013,461.1914,3.2710,268.3277,1.2998,183.7854,3.0819,1.2998,183.7854,3.0819
67.124,460.9576,3.3688,268.2470,1.2998,183.7854,3.0819,1.2998,183.7854,3.0819
67.235,460.7637,3.4507,268.1750,1.2696,183.7837,3.1575,1.2696,183.7837,3.1575
67.346,460.5320,3.5488,268.0848,1.1548,183.7772,3.3824,1.1548,183.7772,3.3824
67.458,460.3011,3.6457,267.9907,1.1548,183.7772,3.3824,1.1548,183.7772,3.3824
67.569,460.1090,3.7249,267.9103,1.1548,183.7772,3.3824,1.1548,183.7772,3.3824
67.680,459.8784,3.8172,267.8128,1.0227,183.7692,3.4899,1.0227,183.7692,3.4899
67.791,459.6865,3.8913,267.7306,0.9565,183.7652,3.5392,0.9565,183.7652,3.5392
67.902,459.4558,3.9758,267.6309,0.9565,183.7652,3.5392,0.9565,183.7652,3.5392
68.013,459.2632,4.0420,267.5481,0.7953,183.7551,3.5756,0.7953,183.7551,3.5756
68.124,459.0313,4.1157,267.4489,0.5444,183.7395,3.5713,0.5444,183.7395,3.5713
68.235,458.8372,4.1716,267.3669,0.2991,183.7243,3.5028,0.2991,183.7243,3.5028
68.346,458.6032,4.2314,267.2700,0.0692,183.7104,3.3968,0.0692,183.7104,3.3968
68.458,458.3678,4.2825,267.1758,359.8511,183.6977,3.2649,359.8511,183.6977,3.2649
68.568,458.1702,4.3178,267.1003,359.5150,183.6793,2.9813,359.5150,183.6793,2.9813
68.679,457.9311,4.3509,267.0150,359.2752,183.6673,2.7464,359.2752,183.6673,2.7464
68.791,457.7302,4.3701,266.9487,359.0430,183.6567,2.4744,359.0430,183.6567,2.4744
68.902,457.4869,4.3826,266.8760,358.7129,183.6436,2.0577,358.7129,183.6436,2.0577
69.013,457.2824,4.3837,266.8224,358.5627,183.6385,1.8565,358.5627,183.6385,1.8565
69.124,457.0347,4.3734,266.7659,358.2512,183.6296,1.4140,358.2512,183.6296,1.4140
69.235,456.8264,4.3548,266.7264,357.9980,183.6242,1.0430,357.9980,183.6242,1.0430
69.346,456.5742,4.3199,266.6892,357.7101,183.6200,0.6109,357.7101,183.6200,0.6109
69.458,456.3195,4.2709,266.6633,357.4314,183.6181,0.1839,357.4314,183.6181,0.1839
69.569,456.1057,4.2192,266.6502,357.2017,183.6181,359.8275,357.2017,183.6181,359.8275
69.679,455.8473,4.1439,266.6424,356.9272,183.6199,359.3978,356.9272,183.6199,359.3978
69.790,455.6313,4.0705,266.6372,356.6994,183.6230,359.0390,356.6994,183.6230,359.0390
69.901,455.3718,3.9701,266.6272,356.4287,183.6286,358.6105,356.4287,183.6286,358.6105
70.013,455.1557,3.8767,266.6134,356.2067,183.6347,358.2580,356.2067,183.6347,358.2580
70.124,454.8966,3.7535,266.5889,355.9784,183.6423,357.8954,355.9784,183.6423,357.8954
70.235,454.6812,3.6420,266.5614,355.7949,183.6496,357.6050,355.7949,183.6496,357.6050
70.346,454.4234,3.4983,266.5193,355.6098,183.6578,357.3135,355.6098,183.6578,357.3135
70.457,454.1663,3.3445,266.4679,355.3223,183.6725,356.8674,355.3223,183.6725,356.8674
70.568,453.9529,3.2094,266.4174,355.1406,183.6829,356.5904,355.1406,183.6829,356.5904
70.680,453.6977,3.0394,266.3483,355.0046,183.6913,356.3878,355.0046,183.6913,356.3878
70.790,453.4857,2.8917,266.2842,354.7703,183.7068,356.0499,354.7703,183.7068,356.0499
70.901,453.2323,2.7083,266.1997,354.7250,183.7100,355.9860,354.7250,183.7100,355.9860
71.013,453.0216,2.5506,266.1243,354.5206,183.7249,355.7147,354.5206,183.7249,355.7147
71.124,452.7695,2.3565,266.0278,354.3678,183.7367,355.5254,354.3678,183.7367,355.5254
71.235,452.5601,2.1912,265.9431,354.3159,183.7408,355.4634,354.3159,183.7408,355.4634
71.346,452.3089,1.9893,265.8374,354.2029,183.7499,355.3428,354.2029,183.7499,355.3428
71.457,452.0584,1.7844,265.7281,354.0827,183.7599,355.2277,354.0827,183.7599,355.2277
71.565,451.8499,1.6120,265.6346,354.0827,183.7599,355.2277,354.0827,183.7599,355.2277
71.679,451.6002,1.4039,265.5199,353.8817,183.7770,355.0745,353.8817,183.7770,355.0745
71.791,451.3924,1.2300,265.4226,353.8817,183.7770,355.0745,353.8817,183.7770,355.0745
71.902,451.1431,1.0215,265.3049,353.8057,183.7836,355.0462,353.8057,183.7836,355.0462
72.013,450.9357,0.8485,265.2062,353.8057,183.7836,355.0462,353.8057,183.7836,355.0462
72.124,450.6869,0.6425,265.0872,353.7270,183.7905,355.0299,353.7270,183.7905,355.0299
72.235,450.4798,0.4726,264.9879,353.6470,183.7975,355.0279,353.6470,183.7975,355.0279
72.346,450.2315,0.2713,264.8690,353.4875,183.8114,355.0613,353.4875,183.8114,355.0613
72.458,449.9833,0.0738,264.7509,353.3412,183.8241,355.1325,353.3412,183.8241,355.1325
72.569,449.7762,-0.0877,264.6536,353.2018,183.8359,355.2218,353.2018,183.8359,355.2218
72.680,449.5276,-0.2774,264.5394,353.0264,183.8504,355.3966,353.0264,183.8504,355.3966
72.790,449.3202,-0.4318,264.4473,352.8834,183.8618,355.5964,352.8834,183.8618,355.5964
72.900,449.0707,-0.6128,264.3414,352.7251,183.8737,355.8860,352.7251,183.8737,355.8860
73.012,448.8624,-0.7596,264.2579,352.6291,183.8804,356.1219,352.6291,183.8804,356.1219
73.122,448.6118,-0.9345,264.2028,352.5473,183.8859,356.3553,352.5473,183.8859,356.3553
73.234,448.4030,-1.0833,264.2106,352.4486,183.8919,356.6882,352.4486,183.8919,356.6882
73.345,448.1516,-1.2623,264.2515,352.3787,183.8958,356.9265,352.3787,183.8958,356.9265
73.457,447.8999,-1.4398,264.3087,352.2448,183.9026,357.3232,352.2448,183.9026,357.3232
73.566,447.6894,-1.5856,264.3601,352.1865,183.9053,357.4786,352.1865,183.9053,357.4786
73.679,447.4363,-1.7578,264.4212,351.9745,183.9138,357.9355,351.9745,183.9138,357.9355
73.789,447.2249,-1.8988,264.4686,351.9322,183.9154,358.0089,351.9322,183.9154,358.0089
73.900,446.9706,-2.0659,264.5208,351.7069,183.9225,358.3713,351.7069,183.9225,358.3713
74.013,446.7583,-2.2034,264.5596,351.6546,183.9240,358.4387,351.6546,183.9240,358.4387
74.122,446.5031,-2.3676,264.6010,351.4367,183.9295,358.7026,351.4367,183.9295,358.7026
74.234,446.2901,-2.5044,264.6313,351.3164,183.9321,358.8148,351.3164,183.9321,358.8148
74.347,446.0344,-2.6697,264.6643,351.2548,183.9334,358.8671,351.2548,183.9334,358.8671
74.455,445.8212,-2.8090,264.6909,351.1187,183.9360,358.9586,351.1187,183.9360,358.9586
74.567,445.5652,-2.9786,264.7226,350.8993,183.9398,359.0694,350.8993,183.9398,359.0694
74.679,445.3092,-3.1506,264.7544,350.7503,183.9422,359.1270,350.7503,183.9422,359.1270
74.788,445.0959,-3.2954,264.7811,350.6773,183.9433,359.1538,350.6773,183.9433,359.1538
74.900,444.8400,-3.4705,264.8134,350.4451,183.9466,359.2363,350.4451,183.9466,359.2363
75.013,444.6269,-3.6168,264.8409,350.4451,183.9466,359.2363,350.4451,183.9466,359.2363
75.123,444.3715,-3.7925,264.8773,350.2151,183.9495,359.3363,350.2151,183.9495,359.3363
75.234,444.1591,-3.9386,264.9106,350.2151,183.9495,359.3363,350.2151,183.9495,359.3363
75.345,443.9047,-4.1131,264.9541,350.1460,183.9503,359.3758,350.1460,183.9503,359.3758
75.456,443.6506,-4.2854,265.0003,349.9441,183.9523,359.5254,349.9441,183.9523,359.5254
75.565,443.4393,-4.4266,265.0408,349.8894,183.9527,359.5861,349.8894,183.9527,359.5861
75.678,443.1861,-4.5927,265.0907,349.7426,183.9535,359.7916,349.7426,183.9535,359.7916
75.789,442.9751,-4.7275,265.1331,349.6993,183.9537,359.8591,349.6993,183.9537,359.8591
75.902,442.7224,-4.8846,265.1847,349.6462,183.9538,0.0155,349.6462,183.9538,0.0155
76.013,442.5121,-5.0109,265.2289,349.5883,183.9536,0.2575,349.5883,183.9536,0.2575
76.121,442.2603,-5.1569,265.2844,349.5791,183.9536,0.4256,349.5791,183.9536,0.4256
76.235,442.0508,-5.2736,265.3331,349.5766,183.9535,0.5933,349.5766,183.9535,0.5933
76.345,441.8001,-5.4076,265.3952,349.6184,183.9541,0.9277,349.6184,183.9541,0.9277
76.454,441.5917,-5.5138,265.4509,349.6714,183.9551,1.1636,349.6714,183.9551,1.1636
76.569,441.3428,-5.6350,265.5228,349.7531,183.9570,1.4068,349.7531,183.9570,1.4068
76.677,441.0948,-5.7489,265.6009,349.8115,183.9585,1.5646,349.8115,183.9585,1.5646
76.788,440.8891,-5.8384,265.6707,349.9941,183.9642,1.9532,349.9941,183.9642,1.9532
76.902,440.6434,-5.9391,265.7605,350.0691,183.9669,2.0941,350.0691,183.9669,2.0941
77.013,440.4395,-6.0173,265.8384,350.2387,183.9736,2.3779,350.2387,183.9736,2.3779
77.124,440.1960,-6.1042,265.9363,350.4245,183.9819,2.6528,350.4245,183.9819,2.6528
77.236,439.9940,-6.1712,266.0197,350.4706,183.9841,2.7185,350.4706,183.9841,2.7185
77.347,439.7536,-6.2378,266.0608,350.7356,183.9977,3.0568,350.7356,183.9977,3.0568
77.455,439.5547,-6.2813,266.0527,350.7880,184.0005,3.1206,350.7880,184.0005,3.1206
77.568,439.3177,-6.3225,266.0132,350.9466,184.0096,3.3123,350.9466,184.0096,3.3123
77.680,439.0826,-6.3542,265.9527,351.0504,184.0157,3.4364,351.0504,184.0157,3.4364
77.789,438.8880,-6.3746,265.8902,351.2118,184.0258,3.6292,351.2118,184.0258,3.6292
77.899,438.6561,-6.3929,265.8036,351.2653,184.0293,3.6930,351.2653,184.0293,3.6930
78.013,438.4640,-6.4038,265.7242,351.4272,184.0402,3.8872,351.4272,184.0402,3.8872
78.124,438.2347,-6.4125,265.6220,351.4789,184.0437,3.9494,351.4789,184.0437,3.9494
78.235,438.0446,-6.4165,265.5326,351.5842,184.0512,4.0768,351.5842,184.0512,4.0768
78.346,437.8174,-6.4181,265.4224,351.6362,184.0550,4.1399,351.6362,184.0550,4.1399
78.455,437.6283,-6.4174,265.3365,351.6882,184.0588,4.2031,351.6882,184.0588,4.2031
78.568,437.4008,-6.4238,265.3252,351.7944,184.0668,4.3287,351.7944,184.0668,4.3287
78.679,437.1727,-6.4386,265.3919,351.7944,184.0668,4.3287,351.7944,184.0668,4.3287
78.790,436.9825,-6.4542,265.4806,351.9111,184.0759,4.4420,351.9111,184.0759,4.4420
78.902,436.7541,-6.4749,265.6099,351.9111,184.0759,4.4420,351.9111,184.0759,4.4420
79.012,436.5640,-6.4925,265.7289,351.9739,184.0808,4.4892,351.9739,184.0808,4.4892
79.124,436.3358,-6.5135,265.8794,352.1164,184.0922,4.5692,352.1164,184.0922,4.5692
79.235,436.1456,-6.5304,266.0087,352.1164,184.0922,4.5692,352.1164,184.0922,4.5692
79.346,435.9176,-6.5497,266.1667,352.2712,184.1048,4.6225,352.2712,184.1048,4.6225
79.457,435.6896,-6.5680,266.3265,352.2712,184.1048,4.6225,352.2712,184.1048,4.6225
79.568,435.4996,-6.5823,266.4605,352.5190,184.1251,4.6620,352.5190,184.1251,4.6620
79.679,435.2717,-6.5984,266.6219,352.5190,184.1251,4.6620,352.5190,184.1251,4.6620
79.790,435.0817,-6.6108,266.7571,352.6756,184.1380,4.6669,352.6756,184.1380,4.6669
79.901,434.8539,-6.6245,266.9224,352.8372,184.1513,4.6608,352.8372,184.1513,4.6608
80.012,434.6643,-6.6351,267.0648,352.9188,184.1580,4.6539,352.9188,184.1580,4.6539
80.122,434.4372,-6.6463,267.2415,353.0821,184.1713,4.6390,353.0821,184.1713,4.6390
80.235,434.2484,-6.6542,267.3928,353.2449,184.1846,4.6201,353.2449,184.1846,4.6201
80.346,434.0223,-6.6610,267.5777,353.4934,184.2048,4.5912,353.4934,184.2048,4.5912
80.457,433.7965,-6.6644,267.7644,353.7447,184.2250,4.5672,353.7447,184.2250,4.5672
80.568,433.6093,-6.6595,267.8410,353.9057,184.2379,4.5537,353.9057,184.2379,4.5537
80.679,433.3911,-6.6364,267.7630,353.9905,184.2447,4.5544,353.9905,184.2447,4.5544
80.790,433.2160,-6.6042,267.5754,354.2409,184.2648,4.5630,354.2409,184.2648,4.5630
80.902,433.0126,-6.5531,267.2412,354.2409,184.2648,4.5630,354.2409,184.2648,4.5630
81.013,432.8474,-6.5024,266.8987,354.2409,184.2648,4.5630,354.2409,184.2648,4.5630
81.124,432.6534,-6.4342,266.4328,354.4734,184.2836,4.6487,354.4734,184.2836,4.6487
81.235,432.4962,-6.3707,265.9807,354.4734,184.2836,4.6487,354.4734,184.2836,4.6487
81.346,432.3133,-6.2860,265.3584,354.6040,184.2944,4.7533,354.6040,184.2944,4.7533
81.457,432.1349,-6.1940,264.6773,354.6660,184.2996,4.8063,354.6660,184.2996,4.8063
81.568,431.9884,-6.1131,264.0833,354.6660,184.2996,4.8063,354.6660,184.2996,4.8063
81.679,431.8145,-6.0122,263.3536,354.8036,184.3114,5.0134,354.8036,184.3114,5.0134
81.790,431.6707,-5.9257,262.7409,354.8036,184.3114,5.0134,354.8036,184.3114,5.0134
81.902,431.4986,-5.8198,262.0090,354.8732,184.3176,5.1630,354.8732,184.3176,5.1630
82.012,431.3557,-5.7301,261.4048,354.9053,184.3206,5.2391,354.9053,184.3206,5.2391
82.124,431.1843,-5.6210,260.6868,355.0016,184.3296,5.4678,355.0016,184.3296,5.4678
82.235,431.0421,-5.5288,260.0934,355.0016,184.3296,5.4678,355.0016,184.3296,5.4678
82.346,430.8719,-5.4165,259.3858,355.0370,184.3331,5.5410,355.0370,184.3331,5.5410
82.458,430.7025,-5.3021,258.6740,355.1117,184.3404,5.6838,355.1117,184.3404,5.6838
82.568,430.5589,-5.2072,258.1322,355.1117,184.3404,5.6838,355.1117,184.3404,5.6838
82.679,430.3776,-5.0986,257.6213,355.2535,184.3549,5.8937,355.2535,184.3549,5.8937
82.791,430.2185,-5.0121,257.3099,355.4346,184.3739,6.0771,355.4346,184.3739,6.0771
82.902,430.0212,-4.9111,257.0830,355.6232,184.3943,6.2392,355.6232,184.3943,6.2392
83.012,429.8537,-4.8298,257.0477,356.0001,184.4364,6.4468,356.0001,184.4364,6.4468
83.124,429.6519,-4.7293,257.1153,356.4897,184.4927,6.6428,356.4897,184.4927,6.6428
83.235,429.4845,-4.6393,257.2278,356.9175,184.5431,6.7721,356.9175,184.5431,6.7721
83.346,429.2857,-4.5210,257.4033,357.4609,184.6084,6.9097,357.4609,184.6084,6.9097
83.457,429.0893,-4.3892,257.6050,358.0361,184.6788,7.0418,358.0361,184.6788,7.0418
83.568,428.9276,-4.2684,257.7848,358.5347,184.7410,7.1515,358.5347,184.7410,7.1515
83.679,428.7363,-4.1096,258.0081,359.1484,184.8187,7.2835,359.1484,184.8187,7.2835
83.790,428.5790,-3.9660,258.1976,359.6670,184.8855,7.3931,359.6670,184.8855,7.3931
83.901,428.3928,-3.7800,258.4268,0.2914,184.9672,7.5225,0.2914,184.9672,7.5225
84.013,428.2396,-3.6143,258.6182,0.8092,185.0361,7.6276,0.8092,185.0361,7.6276
84.124,428.0581,-3.4027,258.8470,1.4223,185.1189,7.7490,1.4223,185.1189,7.7490
84.235,427.9089,-3.2165,259.0366,1.9229,185.1875,7.8456,1.9229,185.1875,7.8456
84.346,427.7319,-2.9815,259.2621,2.5073,185.2686,7.9552,2.5073,185.2686,7.9552
84.457,427.5572,-2.7345,259.4851,3.0695,185.3478,8.0577,3.0695,185.3478,8.0577
84.568,427.4132,-2.5200,259.6690,3.5179,185.4117,8.1401,3.5179,185.4117,8.1401
84.679,427.2423,-2.2524,259.8871,4.0281,185.4853,8.2439,4.0281,185.4853,8.2439
84.790,427.1017,-2.0211,260.0669,4.2708,185.5207,8.3018,4.2708,185.5207,8.3018
84.901,426.9352,-1.7334,260.2803,4.7740,185.5950,8.4612,4.7740,185.5950,8.4612
85.013,426.7986,-1.4858,260.4557,5.1619,185.6535,8.6157,5.1619,185.6535,8.6157
85.123,426.6365,-1.1797,260.6581,5.3201,185.6777,8.6997,5.3201,185.6777,8.6997
85.234,426.5029,-0.9182,260.8166,5.7069,185.7379,8.9277,5.7069,185.7379,8.9277
85.346,426.3448,-0.5972,260.9973,5.9104,185.7703,9.0735,5.9104,185.7703,9.0735
85.457,426.1891,-0.2686,261.1715,6.1692,185.8124,9.2992,6.1692,185.8124,9.2992
85.569,426.0616,0.0102,261.3136,6.2295,185.8223,9.3557,6.2295,185.8223,9.3557
85.677,425.9111,0.3506,261.4826,6.4490,185.8592,9.6170,6.4490,185.8592,9.6170
85.790,425.7878,0.6276,261.4942,6.4939,185.8669,9.6871,6.4939,185.8669,9.6871
85.901,425.6454,0.9247,261.2132,6.5756,185.8811,9.8347,6.5756,185.8811,9.8347
86.013,425.5314,1.1455,260.7845,6.6461,185.8935,9.9876,6.6461,185.8935,9.9876
86.122,425.3979,1.3894,260.1301,6.6929,185.9018,10.1497,6.6929,185.9018,10.1497
86.235,425.2886,1.5823,259.5204,6.7144,185.9057,10.2299,6.7144,185.9057,10.2299
86.343,425.1589,1.8079,258.7485,6.7415,185.9107,10.3902,6.7415,185.9107,10.3902
86.458,425.0306,2.0309,257.9535,6.7415,185.9106,10.3902,6.7415,185.9106,10.3902
86.567,424.9244,2.2164,257.2820,6.7492,185.9121,10.4729,6.7492,185.9121,10.4729
86.679,424.7981,2.4394,256.4705,6.7554,185.9132,10.5534,6.7554,185.9132,10.5534
86.790,424.6933,2.6258,255.7916,6.7554,185.9132,10.5534,6.7554,185.9132,10.5534
86.901,424.5678,2.8499,254.9747,6.7554,185.9132,10.5534,6.7554,185.9132,10.5534
87.012,424.4633,3.0364,254.2926,6.7554,185.9132,10.5534,6.7554,185.9132,10.5534
87.124,424.3378,3.2593,253.4733,6.7554,185.9132,10.5534,6.7554,185.9132,10.5534
87.235,424.2329,3.4438,252.7902,6.7554,185.9132,10.5534,6.7554,185.9132,10.5534
87.346,424.1063,3.6630,251.9698,6.7554,185.9132,10.5534,6.7554,185.9132,10.5534
87.457,423.9790,3.8788,251.1458,6.7554,185.9132,10.5534,6.7554,185.9132,10.5534
87.568,423.8717,4.0565,250.4675,6.7554,185.9132,10.5534,6.7554,185.9132,10.5534
87.679,423.7410,4.2689,249.6776,6.7554,185.9132,10.5534,6.7554,185.9132,10.5534
87.790,423.6301,4.4453,249.0421,6.7554,185.9132,10.5534,6.7554,185.9132,10.5534
87.901,423.4947,4.6557,248.3036,6.7554,185.9132,10.5534,6.7554,185.9132,10.5534
88.012,423.3794,4.8293,247.7096,6.7554,185.9132,10.5534,6.7554,185.9132,10.5534
88.123,423.2346,5.0414,247.0838,6.7522,185.9127,10.0974,6.7522,185.9127,10.0974
88.234,423.1061,5.2260,246.6593,6.7400,185.9105,9.6630,6.7400,185.9105,9.6630
88.344,422.9440,5.4534,246.2478,6.7129,185.9060,9.3171,6.7129,185.9060,9.3171
88.457,422.7768,5.6971,246.0582,6.6452,185.8951,8.7958,6.6452,185.8951,8.7958
88.568,422.6340,5.9097,246.0340,6.5510,185.8809,8.3702,6.5510,185.8809,8.3702
88.679,422.4580,6.1650,246.0946,6.3777,185.8560,7.8496,6.3777,185.8560,7.8496
88.788,422.3065,6.3711,246.1876,6.1786,185.8293,7.3951,6.1786,185.8293,7.3951
88.901,422.1185,6.6046,246.3265,5.8745,185.7912,6.8171,5.8745,185.7912,6.8171
89.012,421.9563,6.7843,246.4542,5.5695,185.7560,6.3065,5.5695,185.7560,6.3065
89.123,421.7547,6.9787,246.6134,5.1465,185.7115,5.6590,5.1465,185.7115,5.6590
89.234,421.5811,7.1211,246.7473,4.7503,185.6741,5.0920,4.7503,185.6741,5.0920
89.346,421.3659,7.2669,246.9062,4.2275,185.6306,4.3811,4.2275,185.6306,4.3811
89.456,421.1437,7.3840,247.0610,3.6586,185.5907,3.6404,3.6586,185.5907,3.6404
89.568,420.9535,7.4589,247.1861,3.1534,185.5613,3.0037,3.1534,185.5613,3.0037
89.679,420.7198,7.5210,247.3310,2.5150,185.5322,2.2207,2.5150,185.5322,2.2207
89.790,420.5211,7.5493,247.4478,1.9599,185.5139,1.5560,1.9599,185.5139,1.5560
89.913,420.2785,7.5549,247.5840,1.2710,185.5000,0.7489,1.2710,185.5000,0.7489
90.025,420.0326,7.5293,247.7199,0.5618,185.4958,359.9372,0.5618,185.4958,359.9372
90.136,419.7846,7.4726,247.8591,359.8363,185.5017,359.1274,359.8363,185.5017,359.1274
90.245,419.5771,7.4017,247.9787,359.2219,185.5147,358.4586,359.2219,185.5147,358.4586
90.345,419.3694,7.3093,248.1022,358.6009,185.5350,357.7995,358.6009,185.5350,357.7995
90.457,419.1206,7.1703,248.2560,357.8507,185.5689,357.0265,357.8507,185.5689,357.0265
90.566,418.9144,7.0318,248.3894,357.2244,185.6049,356.4019,357.2244,185.6049,356.4019
90.679,418.6688,6.8387,248.5568,356.4759,185.6568,355.6812,356.4759,185.6568,355.6812
90.790,418.4662,6.6563,248.7024,355.8578,185.7067,355.1089,355.8578,185.7067,355.1089
90.900,418.2262,6.4126,248.8846,355.1272,185.7737,354.4610,355.1272,185.7737,354.4610
91.013,418.0287,6.1897,249.0423,354.5308,185.8344,353.9572,354.5308,185.8344,353.9572
91.125,417.7951,5.9003,249.2361,353.8343,185.9120,353.4002,353.8343,185.9120,353.4002
91.233,417.6030,5.6428,249.3963,353.2737,185.9794,352.9787,353.2737,185.9794,352.9787
91.344,417.3750,5.3161,249.5853,352.6306,186.0618,352.5275,352.6306,186.0618,352.5275
91.457,417.1501,4.9724,249.7722,352.0247,186.1442,352.1388,352.0247,186.1442,352.1388
91.578,416.9279,4.6138,249.9584,351.4597,186.2247,351.8152,351.4597,186.2247,351.8152
91.679,416.7441,4.3089,250.0731,351.0221,186.2892,351.5966,351.0221,186.2892,351.5966
91.789,416.5587,4.0174,250.0684,350.6256,186.3492,351.4245,350.6256,186.3492,351.4245
91.901,416.3348,3.6825,249.9613,350.5462,186.3614,351.3969,350.5462,186.3614,351.3969
92.012,416.1478,3.4126,249.8184,350.3052,186.3985,351.3174,350.3052,186.3985,351.3174
92.125,415.9230,3.0972,249.6078,350.2259,186.4108,351.3003,350.2259,186.4108,351.3003
92.233,415.7357,2.8399,249.4117,350.1461,186.4232,351.2858,350.1461,186.4232,351.2858
92.346,415.5107,2.5368,249.1600,350.0659,186.4357,351.2819,350.0659,186.4357,351.2819
92.457,415.2859,2.2398,248.8947,349.8240,186.4733,351.3354,349.8240,186.4733,351.3354
92.566,415.0984,1.9975,248.6662,349.7498,186.4848,351.3578,349.7498,186.4848,351.3578
92.671,414.9108,1.7598,248.4342,349.7498,186.4848,351.3578,349.7498,186.4848,351.3578
92.777,414.6853,1.4810,248.1531,349.5373,186.5172,351.6022,349.5373,186.5172,351.6022
92.887,414.4963,1.2543,247.9190,349.4220,186.5343,351.8142,349.4220,186.5343,351.8142
92.999,414.2683,0.9898,247.6410,349.3284,186.5476,352.2249,349.3284,186.5476,352.2249
93.110,414.0768,0.7757,247.4151,349.3112,186.5500,352.4807,349.3112,186.5500,352.4807
93.220,413.8450,0.5267,247.1534,349.3344,186.5471,353.0119,349.3344,186.5471,353.0119
93.330,413.6501,0.3261,246.9443,349.3920,186.5401,353.4363,349.3920,186.5401,353.4363
93.442,413.4142,0.0950,246.7043,349.4940,186.5286,353.9358,349.4940,186.5286,353.9358
93.553,413.2161,-0.0891,246.5130,349.6007,186.5175,354.3573,349.6007,186.5175,354.3573
93.663,412.9769,-0.2991,246.2943,349.7518,186.5031,354.8774,349.7518,186.5031,354.8774
93.776,412.7762,-0.4649,246.1224,349.8957,186.4906,355.3236,349.8957,186.4906,355.3236
93.887,412.5339,-0.6519,245.9286,350.0892,186.4754,355.8724,350.0892,186.4754,355.8724
93.990,412.3310,-0.7976,245.7768,350.2678,186.4631,356.3376,350.2678,186.4631,356.3376
94.094,412.1275,-0.9337,245.6328,350.4620,186.4513,356.8063,350.4620,186.4513,356.8063
94.204,411.8827,-1.0839,245.4690,350.7159,186.4382,357.3676,350.7159,186.4382,357.3676
94.317,411.6370,-1.2202,245.3203,350.9923,186.4267,357.9207,350.9923,186.4267,357.9207
94.428,411.4310,-1.3245,245.2160,351.2397,186.4187,358.3706,351.2397,186.4187,358.3706
94.540,411.1825,-1.4388,245.1140,351.5575,186.4110,358.8921,351.5575,186.4110,358.8921
94.651,410.9745,-1.5247,245.0450,351.8397,186.4065,359.3067,351.8397,186.4065,359.3067
94.762,410.7246,-1.6163,244.9758,352.1999,186.4037,359.7731,352.1999,186.4037,359.7731
94.873,410.5166,-1.6828,244.9259,352.5176,186.4034,0.1299,352.5176,186.4034,0.1299
94.984,410.2667,-1.7511,244.8785,352.9188,186.4057,0.5190,352.9188,186.4057,0.5190
95.092,410.0585,-1.7985,244.8501,353.2689,186.4099,0.8200,353.2689,186.4099,0.8200
95.193,409.8508,-1.8380,244.8486,353.6325,186.4160,1.1137,353.6325,186.4160,1.1137
95.304,409.6027,-1.8743,244.8774,354.0866,186.4264,1.4745,354.0866,186.4264,1.4745
95.415,409.3976,-1.8936,244.9190,354.4797,186.4376,1.7908,354.4797,186.4376,1.7908
95.526,409.1537,-1.9020,244.9843,354.9684,186.4547,2.1932,354.9684,186.4547,2.1932
95.635,408.9529,-1.8958,245.0506,355.3891,186.4721,2.5479,355.3891,186.4721,2.5479
95.748,408.7151,-1.8717,245.1440,355.9085,186.4974,2.9953,355.9085,186.4974,2.9953
95.859,408.4815,-1.8285,245.2513,356.4423,186.5275,3.4641,356.4423,186.5275,3.4641
95.971,408.2902,-1.7774,245.3499,356.8964,186.5567,3.8686,356.8964,186.5567,3.8686
96.082,408.0649,-1.6974,245.4781,357.4502,186.5966,4.3666,357.4502,186.5966,4.3666
96.193,407.8810,-1.6150,245.5922,357.9170,186.6340,4.7887,357.9170,186.6340,4.7887
96.307,407.6649,-1.4974,245.7357,358.4806,186.6838,5.2986,358.4806,186.6838,5.2986
96.415,407.4890,-1.3838,245.8606,358.9508,186.7291,5.7222,358.9508,186.7291,5.7222
96.524,407.2831,-1.2290,246.0164,359.5125,186.7879,6.2234,359.5125,186.7879,6.2234
96.635,407.1160,-1.0852,246.1513,359.9760,186.8401,6.6310,359.9760,186.8401,6.6310
96.746,406.9208,-0.8955,246.3187,0.5240,186.9061,7.1027,0.5240,186.9061,7.1027
96.859,406.7315,-0.6878,246.4914,1.0598,186.9750,7.5498,1.0598,186.9750,7.5498
96.968,406.5781,-0.5018,246.6385,1.4949,187.0341,7.8994,1.4949,187.0341,7.8994
97.080,406.3990,-0.2642,246.8183,2.0009,187.1061,8.2869,2.0009,187.1061,8.2869
97.191,406.2537,-0.0551,246.9706,2.4074,187.1664,8.5796,2.4074,187.1664,8.5796
97.302,406.0836,0.2080,247.1559,2.8752,187.2384,8.8910,2.8752,187.2384,8.8910
97.415,405.9452,0.4362,247.3121,3.2471,187.2974,9.1144,3.2471,187.2974,9.1144
97.524,405.7825,0.7199,247.5012,3.4621,187.3322,9.2320,3.4621,187.3322,9.2320
97.634,405.6489,0.9631,247.6598,3.8617,187.3979,9.4102,3.8617,187.3979,9.4102
97.746,405.4910,1.2617,247.8500,4.0956,187.4370,9.5004,4.0956,187.4370,9.5004
97.858,405.3347,1.5660,248.0399,4.4141,187.4907,9.5842,4.4141,187.4907,9.5842
97.969,405.2049,1.8228,248.1976,4.7446,187.5468,9.6234,4.7446,187.5468,9.6234
98.082,405.0494,2.1332,248.3850,4.9053,187.5741,9.6225,4.9053,187.5741,9.6225
98.190,404.9195,2.3925,248.5399,5.2362,187.6303,9.5677,5.2362,187.6303,9.5677
98.303,404.7623,2.7030,248.7229,5.3140,187.6435,9.5490,5.3140,187.6435,9.5490
98.415,404.6299,2.9602,248.8734,5.6971,187.7076,9.3457,5.6971,187.7076,9.3457
98.523,404.4679,3.2655,249.0493,5.9535,187.7495,9.1459,5.9535,187.7495,9.1459
98.634,404.3300,3.5159,249.1916,6.1722,187.7845,8.9072,6.1722,187.7845,8.9072
98.748,404.1604,3.8104,249.3566,6.3993,187.8197,8.5687,6.3993,187.8197,8.5687
98.858,403.9858,4.0970,249.5156,6.6214,187.8525,8.1117,6.6214,187.8525,8.1117
98.971,403.8358,4.3290,249.6428,6.7707,187.8734,7.7148,6.7707,187.8734,7.7148
99.082,403.6501,4.5979,249.7882,6.9183,187.8929,7.2196,6.9183,187.8929,7.2196
99.203,403.4581,4.8552,249.9250,7.0443,187.9084,6.6962,7.0443,187.9084,6.6962
99.316,403.2593,5.0999,250.0525,7.1571,187.9212,6.1414,7.1571,187.9212,6.1414
99.427,403.0885,5.2935,250.1519,7.2447,187.9303,5.6553,7.2447,187.9303,5.6553
99.539,402.8774,5.5128,250.2631,7.3448,187.9398,5.0458,7.3448,187.9398,5.0458
99.648,402.6964,5.6844,250.3489,7.4258,187.9467,4.5184,7.4258,187.9467,4.5184
99.760,402.4731,5.8762,250.4436,7.5215,187.9537,3.8654,7.5215,187.9537,3.8654
99.872,402.2821,6.0240,250.5159,7.6004,187.9587,3.3071,7.6004,187.9587,3.3071
99.983,402.0471,6.1863,250.5935,7.6898,187.9634,2.6222,7.6898,187.9634,2.6222
100.095,401.8463,6.3079,250.6461,7.7533,187.9660,2.0400,7.7533,187.9660,2.0400
100.203,401.5994,6.4363,250.6941,7.8080,187.9677,1.3281,7.8080,187.9677,1.3281
100.317,401.3468,6.5451,250.7292,7.8324,187.9681,0.6028,7.8324,187.9681,0.6028
100.426,401.1326,6.6207,250.7531,7.8253,187.9681,359.9894,7.8253,187.9681,359.9894
100.537,400.8722,6.6935,250.7816,7.7796,187.9685,359.2449,7.7796,187.9685,359.2449
100.648,400.6532,6.7393,250.8105,7.7078,187.9698,358.6194,7.7078,187.9698,358.6194
100.760,400.3888,6.7765,250.8569,7.5778,187.9739,357.8657,7.5778,187.9739,357.8657
100.871,400.1679,6.7924,250.9078,7.4304,187.9803,357.2376,7.4304,187.9803,357.2376
100.984,399.9026,6.7931,250.9856,7.2041,187.9929,356.4870,7.2041,187.9929,356.4870
101.105,399.6379,6.7731,251.0831,6.9215,188.0123,355.7438,6.9215,188.0123,355.7438
101.220,399.3743,6.7317,251.2008,6.5811,188.0401,355.0123,6.5811,188.0401,355.0123
101.330,399.1561,6.6802,251.3147,6.2532,188.0706,354.4151,6.2532,188.0706,354.4151
101.440,398.8965,6.5978,251.4703,5.8073,188.1173,353.7174,5.8073,188.1173,353.7174
101.553,398.6824,6.5114,251.6154,5.3931,188.1653,353.1554,5.3931,188.1653,353.1554
101.663,398.4287,6.3861,251.8070,4.8476,188.2342,352.5088,4.8476,188.2342,352.5088
101.774,398.2203,6.2636,251.9805,4.3553,188.3015,351.9970,4.3553,188.3015,351.9970
101.886,397.9742,6.0950,252.2043,3.7237,188.3938,351.4202,3.7237,188.3938,351.4202
101.997,397.7327,5.9031,252.4441,3.0533,188.4984,350.8895,3.0533,188.4984,350.8895
102.106,397.5353,5.7258,252.6552,2.4696,188.5943,350.4863,2.4696,188.5943,350.4863
102.219,397.3028,5.4928,252.9201,1.7455,188.7186,350.0542,1.7455,188.7186,350.0542
102.330,397.1127,5.2826,253.1489,1.1278,188.8287,349.7405,1.1278,188.8287,349.7405
102.441,396.8887,5.0124,253.4313,0.3765,188.9669,349.4241,0.3765,188.9669,349.4241
102.553,396.7052,4.7734,253.6717,359.7476,189.0856,349.2133,359.7476,189.0856,349.2133
102.662,396.4885,4.4718,253.9645,358.9968,189.2300,349.0271,358.9968,189.2300,349.0271
102.773,396.3103,4.2096,254.2105,358.3799,189.3502,348.9296,358.3799,189.3502,348.9296
102.885,396.0988,3.8841,254.5061,357.6566,189.4922,348.8841,357.6566,189.4922,348.8841
102.998,395.8888,3.5494,254.7992,356.9591,189.6293,348.9181,356.9591,189.6293,348.9181
103.106,395.7142,3.2655,255.0401,356.4024,189.7381,349.0078,356.4024,189.7381,349.0078
103.218,395.5047,2.9213,255.3240,355.7690,189.8605,349.1887,355.7690,189.8605,349.1887
103.329,395.3295,2.6334,255.5557,355.2739,189.9544,349.3999,355.2739,189.9544,349.3999
103.438,395.1177,2.2896,255.8268,354.7225,190.0564,349.7238,354.7225,190.0564,349.7238
103.539,394.9395,2.0063,256.0458,354.3014,190.1320,350.0503,354.3014,190.1320,350.0503
103.645,394.7592,1.7276,256.2572,353.9170,190.1985,350.4254,353.9170,190.1985,350.4254
103.747,394.5764,1.4555,256.4603,353.5711,190.2559,350.8460,353.5711,190.2559,350.8460
103.858,394.3537,1.1393,256.6930,353.2085,190.3130,351.4052,353.2085,190.3130,351.4052
103.970,394.1651,0.8862,256.8774,352.9508,190.3511,351.9113,352.9508,190.3511,351.9113
104.081,393.9351,0.5964,257.0872,352.6958,190.3862,352.5589,352.6958,190.3862,352.5589
104.189,393.7405,0.3679,257.2529,352.5285,190.4075,353.1252,352.5285,190.4075,353.1252
104.290,393.5435,0.1519,257.4109,352.4021,190.4222,353.7089,352.4021,190.4222,353.7089
104.400,393.3042,-0.0903,257.5908,352.3037,190.4326,354.4224,352.3037,190.4326,354.4224
104.509,393.1026,-0.2774,257.7326,352.2653,190.4362,355.0190,352.2653,190.4362,355.0190
104.622,392.8584,-0.4841,257.8938,352.2708,190.4358,355.7256,352.2708,190.4358,355.7256
104.734,392.6535,-0.6417,258.0210,352.3170,190.4326,356.2971,352.3170,190.4326,356.2971
104.842,392.4063,-0.8138,258.1657,352.4216,190.4264,356.9495,352.4216,190.4264,356.9495
104.957,392.1583,-0.9683,258.3023,352.5781,190.4189,357.5516,352.5781,190.4189,357.5516
105.066,391.9511,-1.0845,258.4114,352.7459,190.4124,358.0053,352.7459,190.4124,358.0053
105.177,391.7023,-1.2094,258.5381,352.9879,190.4049,358.4908,352.9879,190.4049,358.4908
105.289,391.4953,-1.3022,258.6416,353.2200,190.3996,358.8553,353.2200,190.3996,358.8553
105.400,391.2471,-1.4003,258.7642,353.5292,190.3945,359.2613,353.5292,190.3945,359.2613
105.509,391.0408,-1.4713,258.8652,353.8079,190.3917,359.5813,353.8079,190.3917,359.5813
105.609,390.8349,-1.5325,258.9652,354.1022,190.3903,359.8862,354.1022,190.3903,359.8862
105.719,390.5887,-1.5937,259.0845,354.4229,190.3905,0.1829,354.4229,190.3905,0.1829
105.830,390.3843,-1.6349,259.1839,354.7641,190.3925,0.4685,354.7641,190.3925,0.4685
105.942,390.1399,-1.6733,259.3039,355.1080,190.3961,0.7247,355.1080,190.3961,0.7247
106.054,389.9369,-1.6967,259.4039,355.4731,190.4015,0.9592,355.4731,190.4015,0.9592
106.162,389.6939,-1.7152,259.5215,355.7665,190.4068,1.1246,355.7665,190.4068,1.1246
106.273,389.4918,-1.7234,259.6172,356.1673,190.4154,1.3039,356.1673,190.4154,1.3039
106.384,389.2496,-1.7257,259.7297,356.6457,190.4270,1.4722,356.6457,190.4270,1.4722
106.495,389.0480,-1.7221,259.8219,356.8171,190.4315,1.5098,356.8171,190.4315,1.5098
106.608,388.8062,-1.7124,259.9306,357.3470,190.4459,1.5911,357.3470,190.4459,1.5911
106.720,388.5642,-1.6978,260.0368,357.7603,190.4575,1.6062,357.7603,190.4575,1.6062
106.829,388.3622,-1.6828,260.1225,358.0070,190.4644,1.5904,358.0070,190.4644,1.5904
106.941,388.1191,-1.6626,260.2215,358.4559,190.4766,1.5103,358.4559,190.4766,1.5103
107.053,387.9157,-1.6447,260.3008,358.8821,190.4874,1.3962,358.8821,190.4874,1.3962
107.162,387.6706,-1.6227,260.3918,359.2770,190.4966,1.2438,359.2770,190.4966,1.2438
107.274,387.4653,-1.6049,260.4642,359.6565,190.5042,1.0591,359.6565,190.5042,1.0591
107.386,387.2177,-1.5848,260.5479,0.0221,190.5103,0.8407,0.0221,190.5103,0.8407
107.498,386.9685,-1.5669,260.6288,0.4513,190.5155,0.5429,0.4513,190.5155,0.5429
107.609,386.7597,-1.5543,260.6942,0.7892,190.5179,0.2781,0.7892,190.5179,0.2781
107.720,386.5076,-1.5425,260.7709,1.1779,190.5187,359.9420,1.1779,190.5187,359.9420
107.830,386.2964,-1.5356,260.8338,1.4932,190.5176,359.6472,1.4932,190.5176,359.6472
107.941,386.0416,-1.5313,260.9087,1.8656,190.5141,359.2783,1.8656,190.5141,359.2783
108.053,385.8280,-1.5312,260.9709,2.1725,190.5094,358.9607,2.1725,190.5094,358.9607
108.161,385.5706,-1.5354,261.0463,2.5381,190.5015,358.5715,2.5381,190.5015,358.5715
108.274,385.3552,-1.5423,261.1109,2.8414,190.4930,358.2434,2.8414,190.4930,358.2434
108.386,385.0957,-1.5545,261.1919,3.2043,190.4807,357.8497,3.2043,190.4807,357.8497
108.496,384.8354,-1.5708,261.2782,3.5670,190.4658,357.4602,3.5670,190.4658,357.4602
108.607,384.6178,-1.5871,261.3534,3.8696,190.4515,357.1424,3.8696,190.4515,357.1424
108.718,384.3559,-1.6096,261.4465,4.2334,190.4321,356.7727,4.2334,190.4321,356.7727
108.830,384.1370,-1.6305,261.5274,4.5367,190.4141,356.4774,4.5367,190.4141,356.4774
108.941,383.8739,-1.6574,261.6295,4.8561,190.3936,356.1841,4.8561,190.3936,356.1841
109.053,383.6542,-1.6808,261.7194,5.1791,190.3712,355.9035,5.1791,190.3712,355.9035
109.162,383.3901,-1.7093,261.8337,5.4485,190.3513,355.6883,5.4485,190.3513,355.6883
109.273,383.1697,-1.7328,261.9342,5.7994,190.3239,355.4278,5.7994,190.3239,355.4278
109.384,382.9050,-1.7600,262.0618,6.0013,190.3074,355.2882,6.0013,190.3074,355.2882
109.494,382.6842,-1.7813,262.1729,6.3726,190.2759,355.0663,6.3726,190.2759,355.0663
109.607,382.4188,-1.8045,262.3118,6.5913,190.2566,354.9465,6.5913,190.2566,354.9465
109.717,382.1527,-1.8246,262.4553,6.9838,190.2210,354.7739,6.9838,190.2210,354.7739
109.830,381.9306,-1.8385,262.5781,7.1379,190.2068,354.7136,7.1379,190.2068,354.7136
109.941,381.6636,-1.8514,262.7278,7.4584,190.1766,354.6210,7.4584,190.1766,354.6210
110.052,381.4406,-1.8588,262.8541,7.5358,190.1692,354.6038,7.5358,190.1692,354.6038
110.163,381.1727,-1.8634,263.0066,7.8621,190.1380,354.5597,7.8621,190.1380,354.5597
110.275,380.9489,-1.8636,263.1342,7.8621,190.1380,354.5597,7.8621,190.1380,354.5597
110.383,380.6801,-1.8593,263.2872,8.1122,190.1140,354.5710,8.1122,190.1140,354.5710
110.494,380.4558,-1.8521,263.4146,8.1894,190.1066,354.5885,8.1894,190.1066,354.5885
110.611,380.1866,-1.8393,263.5668,8.2649,190.0993,354.6097,8.2649,190.0993,354.6097
110.736,379.8723,-1.8186,263.7437,8.3987,190.0867,354.7078,8.3987,190.0867,354.7078
110.860,379.6029,-1.7945,263.8937,8.5172,190.0757,354.8317,8.5172,190.0757,354.8317
110.974,379.3782,-1.7687,264.0162,8.6817,190.0610,355.0242,8.6817,190.0610,355.0242
111.098,379.0634,-1.7219,264.1813,8.9189,190.0408,355.3759,8.9189,190.0408,355.3759
111.214,378.8381,-1.6797,264.2928,9.1417,190.0233,355.7338,9.1417,190.0233,355.7338
111.324,378.5675,-1.6185,264.4180,9.3635,190.0072,356.0946,9.3635,190.0072,356.0946
111.436,378.2968,-1.5447,264.5325,9.6366,189.9894,356.5334,9.6366,189.9894,356.5334
111.542,378.0711,-1.4733,264.6185,9.8658,189.9760,356.8974,9.8658,189.9760,356.8974
111.656,377.8004,-1.3753,264.7096,10.1456,189.9617,357.3419,10.1456,189.9617,357.3419
111.769,377.5750,-1.2832,264.7748,10.3823,189.9514,357.7234,10.3823,189.9514,357.7234
111.877,377.3050,-1.1603,264.8396,10.6667,189.9411,358.1961,10.6667,189.9411,358.1961
111.991,377.0805,-1.0476,264.8819,10.9000,189.9344,358.6012,10.9000,189.9344,358.6012
112.092,376.8568,-0.9259,264.9134,11.1260,189.9296,359.0145,11.1260,189.9296,359.0145
112.204,376.5894,-0.7681,264.9366,11.3830,189.9263,359.5183,11.3830,189.9263,359.5183
112.313,376.3679,-0.6273,264.9437,11.5814,189.9253,359.9421,11.5814,189.9253,359.9421
112.425,376.1036,-0.4477,264.9378,11.7968,189.9260,0.4520,11.7968,189.9260,0.4520
112.539,375.8413,-0.2569,264.9170,11.9841,189.9284,0.9599,11.9841,189.9284,0.9599
112.645,375.6244,-0.0899,264.8886,12.1164,189.9311,1.3791,12.1164,189.9311,1.3791
112.746,375.4093,0.0840,264.8513,12.2258,189.9342,1.7925,12.2258,189.9342,1.7925
112.858,375.1535,0.3015,264.7965,12.3110,189.9372,2.1983,12.3110,189.9372,2.1983
112.967,374.9425,0.4900,264.7449,12.3590,189.9392,2.5351,12.3590,189.9392,2.5351
113.080,374.6924,0.7245,264.6782,12.4027,189.9414,3.0577,12.4027,189.9414,3.0577
113.191,374.4871,0.9268,264.6215,12.4094,189.9418,3.3034,12.4094,189.9418,3.3034
113.300,374.2439,1.1773,264.5543,12.3853,189.9402,3.7198,12.3853,189.9402,3.7198
113.414,374.0444,1.3922,264.5013,12.3413,189.9372,4.0514,12.3413,189.9372,4.0514
113.525,373.8085,1.6569,264.4420,12.2577,189.9308,4.3891,12.2577,189.9308,4.3891
113.635,373.6153,1.8824,264.3977,12.1528,189.9223,4.7049,12.1528,189.9223,4.7049
113.745,373.3867,2.1579,264.3519,12.0442,189.9129,4.9294,12.0442,189.9129,4.9294
113.858,373.1620,2.4374,264.3146,11.8696,189.8971,5.2142,11.8696,189.8971,5.2142
113.969,372.9774,2.6724,264.2906,11.7170,189.8826,5.4065,11.7170,189.8826,5.4065
114.080,372.7588,2.9555,264.2704,11.4134,189.8524,5.6852,11.4134,189.8524,5.6852
114.191,372.5787,3.1914,264.2613,11.1388,189.8241,5.8592,11.1388,189.8241,5.8592
114.301,372.3643,3.4668,264.2128,10.8390,189.7924,5.9941,10.8390,189.7924,5.9941
114.415,372.1862,3.6823,264.1171,10.4337,189.7487,6.1086,10.4337,189.7487,6.1086
114.524,371.9730,3.9284,263.9662,10.0989,189.7121,6.1604,10.0989,189.7121,6.1604
114.633,371.7954,4.1248,263.8236,9.6513,189.6629,6.1823,9.6513,189.6629,6.1823
114.746,371.5825,4.3511,263.6427,9.1316,189.6059,6.1533,9.1316,189.6059,6.1533
114.858,371.3692,4.5674,263.4574,8.6269,189.5512,6.0637,8.6269,189.5512,6.0637
114.968,371.1906,4.7397,263.3023,8.2055,189.5064,5.9421,8.2055,189.5064,5.9421
115.080,370.9752,4.9362,263.1170,7.6887,189.4530,5.7394,7.6887,189.4530,5.7394
115.191,370.7943,5.0906,262.9646,7.2452,189.4089,5.5252,7.2452,189.4089,5.5252
115.302,370.5751,5.2636,262.7861,6.6950,189.3567,5.2175,6.6950,189.3567,5.2175
115.413,370.3903,5.3966,262.6423,6.2205,189.3143,4.9216,6.2205,189.3143,4.9216
115.524,370.1658,5.5417,262.4775,5.6316,189.2654,4.5210,5.6316,189.2654,4.5210
115.634,369.9760,5.6497,262.3477,5.1245,189.2268,4.1502,5.1245,189.2268,4.1502
115.745,369.7449,5.7624,262.2024,4.4968,189.1837,3.6622,4.4968,189.1837,3.6622
115.857,369.5100,5.8552,262.0691,3.8493,189.1452,3.1293,3.8493,189.1452,3.1293
115.969,369.3113,5.9165,261.9676,3.2961,189.1171,2.6525,3.2961,189.1171,2.6525
116.078,369.0695,5.9695,261.8572,2.6177,189.0893,2.0443,2.6177,189.0893,2.0443
116.190,368.8653,5.9957,261.7737,2.0427,189.0714,1.5102,2.0427,189.0714,1.5102
116.302,368.6175,6.0048,261.6804,1.3446,189.0570,0.8410,1.3446,189.0570,0.8410
116.413,368.4092,5.9932,261.6067,0.7599,189.0514,0.2640,0.7599,189.0514,0.2640
116.523,368.1573,5.9562,261.5214,0.0601,189.0525,359.5546,0.0601,189.0525,359.5546
116.634,367.9462,5.9060,261.4515,359.4827,189.0600,358.9541,359.4827,189.0600,358.9541
116.743,367.6921,5.8230,261.3670,358.8025,189.0767,358.2288,358.8025,189.0767,358.2288
116.843,367.4801,5.7352,261.2954,358.2506,189.0967,357.6255,358.2506,189.0967,357.6255
116.954,367.2681,5.6310,261.2218,357.7160,189.1216,357.0280,357.7160,189.1216,357.0280
117.064,367.0144,5.4855,261.1286,357.1024,189.1573,356.3242,357.1024,189.1573,356.3242
117.177,366.7620,5.3190,261.0274,356.5244,189.1979,355.6415,356.5244,189.1979,355.6415
117.286,366.5529,5.1656,260.9354,356.0740,189.2345,355.0934,356.0740,189.2345,355.0934
117.398,366.3038,4.9654,260.8146,355.5751,189.2802,354.4659,355.5751,189.2802,354.4659
117.510,366.0979,4.7865,260.7051,355.1967,189.3186,353.9715,355.1967,189.3186,353.9715
117.619,365.8530,4.5589,260.5628,354.7899,189.3637,353.4161,354.7899,189.3637,353.4161
117.732,365.6506,4.3598,260.4353,354.4919,189.3994,352.9873,354.4919,189.3994,352.9873
117.843,365.4098,4.1111,260.2713,354.1846,189.4386,352.5156,354.1846,189.4386,352.5156
117.953,365.2108,3.8970,260.1259,354.0108,189.4620,352.2282,354.0108,189.4620,352.2282
118.066,364.9731,3.6331,259.9429,353.8923,189.4785,352.0056,353.8923,189.4785,352.0056
118.178,364.7370,3.3632,259.7517,353.7801,189.4946,351.7772,353.7801,189.4946,351.7772
118.287,364.5409,3.1348,259.5870,353.6878,189.5082,351.5404,353.6878,189.5082,351.5404
118.399,364.3063,2.8580,259.3837,353.6665,189.5114,351.4622,353.6665,189.5114,351.4622
118.510,364.1112,2.6259,259.2108,353.6512,189.5137,351.3827,353.6512,189.5137,351.3827
118.622,363.8770,2.3473,258.9998,353.6512,189.5137,351.3827,353.6512,189.5137,351.3827
118.724,363.6820,2.1159,258.8221,353.6524,189.5136,351.3022,353.6524,189.5136,351.3022
118.826,363.4866,1.8861,258.6426,353.6524,189.5136,351.3022,353.6524,189.5136,351.3022
118.926,363.2910,1.6589,258.4623,353.7363,189.5005,351.1638,353.7363,189.5005,351.1638
119.037,363.0563,1.3909,258.2440,353.8639,189.4805,351.0647,353.8639,189.4805,351.0647
119.149,362.8607,1.1726,258.0603,354.0079,189.4576,350.9949,354.0079,189.4576,350.9949
119.259,362.6261,0.9175,257.8378,354.4917,189.3801,350.9241,354.4917,189.3801,350.9241
119.370,362.4302,0.7118,257.6506,354.6658,189.3522,350.9556,354.6658,189.3522,350.9556
119.481,362.1944,0.4737,257.4254,355.2083,189.2663,351.1136,355.2083,189.2663,351.1136
119.593,361.9970,0.2834,257.2383,355.6400,189.1992,351.2942,355.6400,189.1992,351.2942
119.703,361.7586,0.0654,257.0159,356.1459,189.1227,351.5519,356.1459,189.1227,351.5519
119.815,361.5585,-0.1068,256.8330,356.5737,189.0599,351.7946,356.5737,189.0599,351.7946
119.926,361.3166,-0.3013,256.6171,357.1055,188.9846,352.1146,357.1055,188.9846,352.1146
