time_sec,world_x,world_y,world_z,rot_x,rot_y,rot_z
0.085,599.9802,5.0162,250.0146,358.1149,180.0043,359.7200
0.192,599.9298,5.0510,250.1102,355.4866,180.0298,359.1305
0.304,599.8489,5.0640,250.3531,352.9854,180.0851,358.3109
0.406,599.7709,5.0275,250.6190,351.2532,180.1463,357.6901
0.520,599.6694,4.9218,250.9692,349.3321,180.2349,357.1413
0.632,599.5809,4.7903,251.2675,347.8252,180.3154,356.8883
0.746,599.4717,4.5971,251.6225,346.1833,180.4085,356.8289
0.860,599.3785,4.4194,251.9139,345.0027,180.4749,356.9565
0.975,599.2646,4.1989,252.2594,343.8467,180.5358,357.2721
1.093,599.1493,3.9796,252.6027,342.9821,180.5757,357.7047
1.207,599.0325,3.7664,252.9458,342.3931,180.5980,358.1913
1.320,598.9146,3.5605,253.2896,342.0500,180.6080,358.6747
1.436,598.8160,3.3943,253.5770,341.9837,180.6096,358.8266
1.550,598.6982,3.1996,253.9231,341.9763,180.6097,359.1555
1.665,598.5803,3.0086,254.2698,341.9763,180.6097,359.1555
1.781,598.4630,2.8193,254.6164,342.0364,180.6089,359.3103
1.897,598.3652,2.6602,254.9046,342.0364,180.6089,359.3103
2.013,598.2480,2.4637,255.2491,342.0364,180.6089,359.3103
2.138,598.1306,2.2563,255.5913,341.5514,180.6135,359.5937
2.247,598.0124,2.0357,255.9295,340.5932,180.6189,359.7572
2.354,597.9133,1.8423,256.2077,339.6467,180.6231,359.7527
2.459,597.8142,1.6415,256.4825,338.7128,180.6282,359.6443
2.564,597.6949,1.3930,256.8082,337.7757,180.6364,359.3862
2.669,597.5955,1.1822,257.0773,337.2554,180.6438,359.0608
2.778,597.4962,0.9709,257.3453,337.0426,180.6482,358.6335
2.883,597.3774,0.7205,257.6676,337.2556,180.6409,357.9962
2.989,597.2786,0.5182,257.9385,337.8585,180.6142,357.3799
3.095,597.1796,0.3253,258.2131,338.8693,180.5578,356.7113
3.209,597.0598,0.1117,258.5493,340.6364,180.4351,355.8792
3.320,596.9380,-0.0756,258.8939,343.0106,180.2363,355.0621
3.421,596.8340,-0.2063,259.1872,345.4372,180.0038,354.4255
3.532,596.7270,-0.3099,259.4851,348.2344,179.7083,353.8550
3.634,596.6160,-0.3838,259.7852,351.3391,179.3546,353.3719
3.750,596.4777,-0.4313,260.1439,355.3365,178.8701,352.9312
3.853,596.3579,-0.4375,260.4375,358.7509,178.4383,352.6942
3.965,596.2101,-0.4089,260.7788,2.7493,177.9203,352.5785
4.069,596.0847,-0.3595,261.0513,5.8554,177.5153,352.6281
4.177,595.9584,-0.2912,261.3121,8.6549,177.1542,352.8117
4.286,595.8076,-0.1896,261.6097,11.5312,176.7948,353.2059
4.390,595.6840,-0.0920,261.8456,13.5021,176.5620,353.6724
4.606,595.4219,0.1540,262.3333,16.5540,176.2453,355.0947
4.713,595.3091,0.2773,262.5435,17.4398,176.1719,355.8989
4.814,595.2012,0.4067,262.7486,18.0779,176.1288,356.7874
4.920,595.0987,0.5418,262.9495,18.5180,176.1064,357.7497
5.024,594.9835,0.7107,263.1864,18.8531,176.0959,358.9873
5.133,594.8945,0.8568,263.3810,19.0242,176.0943,0.0742
5.236,594.8124,1.0074,263.5739,19.1394,176.0956,1.1977
5.348,594.7231,1.1937,263.8028,19.2492,176.0994,2.5708
5.467,594.6445,1.3856,264.0294,19.3675,176.1066,3.9375
5.574,594.5870,1.5499,264.2161,19.5008,176.1178,5.0376
5.676,594.5367,1.7175,264.4007,19.6915,176.1376,6.0701
5.782,594.4851,1.9224,264.6187,19.9982,176.1756,7.1759
5.891,594.4482,2.0952,264.7977,20.2735,176.2146,7.9509
6.009,594.4100,2.3033,265.0098,20.5316,176.2548,8.6681
6.133,594.3754,2.5103,265.2208,20.5816,176.2630,8.8504
6.255,594.3414,2.7137,265.4336,20.5815,176.2630,8.8504
6.361,594.3062,2.9102,265.6518,19.9629,176.1593,8.9490
6.468,594.2739,3.0665,265.8413,19.1591,176.0263,8.7366
6.569,594.2368,3.2133,266.0403,18.0844,175.8567,8.2539
6.674,594.1931,3.3471,266.2514,16.7133,175.6575,7.5202
6.776,594.1415,3.4640,266.4768,15.0274,175.4410,6.5498
6.878,594.0807,3.5593,266.7184,13.0233,175.2256,5.3529
6.984,593.9949,3.6379,267.0306,10.2233,175.0006,3.6352
7.106,593.8958,3.6701,267.3661,7.0729,174.8532,1.6447
7.210,593.8049,3.6577,267.6608,4.2891,174.8171,359.8199
7.312,593.7088,3.6093,267.9654,1.4926,174.8725,357.8965
7.416,593.6097,3.5274,268.2762,358.8268,175.0156,355.9340
7.524,593.4894,3.3925,268.6523,355.9992,175.2731,353.6178
7.631,593.3896,3.2576,268.9655,354.0908,175.5176,351.7896
7.735,593.2902,3.1097,269.2769,352.6774,175.7434,350.1045
7.840,593.1908,2.9558,269.5862,351.8042,175.9082,348.5923
7.945,593.0706,2.7716,269.9552,351.4894,175.9752,347.0209
8.046,592.9680,2.6245,270.2615,351.8281,175.8918,345.9060
8.148,592.8621,2.4881,270.5674,352.6865,175.6656,344.9449
8.256,592.7511,2.3663,270.8730,354.0261,175.2915,344.1056
8.367,592.6098,2.2443,271.2389,356.1964,174.6517,343.2123
8.467,592.4844,2.1664,271.5418,358.3935,173.9734,342.5339
8.571,592.3514,2.1115,271.8412,0.8445,173.1868,341.9023
8.684,592.1813,2.0757,272.1926,3.9540,172.1482,341.2072
8.786,592.0325,2.0688,272.4770,6.5251,171.2564,340.6939
8.902,591.8472,2.0828,272.8068,9.3727,170.2344,340.1846
9.006,591.6893,2.1079,273.0726,11.3884,169.4895,339.8730
9.119,591.5298,2.1402,273.3317,12.9503,168.9007,339.6814
9.230,591.3386,2.1836,273.6376,14.1107,168.4576,339.6082
9.336,591.1804,2.2198,273.8914,14.4013,168.3462,339.6238
9.441,590.9924,2.2591,274.1982,14.4013,168.3462,339.6238
9.546,590.8383,2.2851,274.4581,14.0848,168.4672,339.7042
9.652,590.6868,2.3013,274.7239,13.2774,168.7736,339.7942
9.760,590.5096,2.3025,275.0529,11.8958,169.2945,339.7796
9.867,590.3671,2.2837,275.3369,10.4035,169.8566,339.6502
9.979,590.2299,2.2430,275.6300,8.6169,170.5326,339.4107
10.086,590.0742,2.1614,275.9928,6.1524,171.4764,338.9866
10.189,589.9528,2.0649,276.3017,3.9284,172.3438,338.5428
10.292,589.8390,1.9436,276.6136,1.6676,173.2446,338.0568
10.398,589.7325,1.8004,276.9255,359.4939,174.1308,337.5837
10.500,589.6320,1.6400,277.2349,357.5275,174.9505,337.1902
10.611,589.5165,1.4331,277.6006,355.5862,175.7744,336.9240
10.716,589.4217,1.2559,277.9004,354.4104,176.2774,336.9539
10.820,589.3057,1.0473,278.2555,353.6142,176.6156,337.3796
10.925,589.2042,0.8847,278.5494,353.5104,176.6590,338.1133
11.029,589.0963,0.7399,278.8433,353.9484,176.4877,339.2254
11.141,588.9563,0.6005,279.1976,355.2181,176.0285,341.0797
11.243,588.8305,0.5217,279.4943,356.9003,175.4834,343.0493
11.349,588.6982,0.4839,279.7907,359.1169,174.8567,345.3662
11.452,588.5635,0.4911,280.0833,1.7825,174.2251,347.9593
11.562,588.4058,0.5582,280.4234,5.3641,173.5684,351.2890
11.666,588.2845,0.6569,280.6928,8.4363,173.1717,354.1008
11.766,588.1768,0.7854,280.9471,11.3680,172.9350,356.8163
11.877,588.0849,0.9347,281.1858,13.9888,172.8444,359.3362
11.982,587.9957,1.1306,281.4535,16.5728,172.8749,2.0084
12.083,587.9371,1.3015,281.6638,18.2092,172.9630,3.9045
12.185,587.8909,1.4758,281.8653,19.3849,173.0646,5.4938
12.291,587.8547,1.6515,282.0606,20.1418,173.1507,6.7886
12.391,587.8262,1.8277,282.2525,20.5411,173.2048,7.8089
12.495,587.8036,2.0039,282.4427,20.6580,173.2226,8.5778
12.600,587.7816,2.2151,282.6709,20.5519,173.2046,9.1989
12.702,587.7659,2.3916,282.8616,20.5197,173.1991,9.2726
12.805,587.7511,2.5692,283.0520,20.5197,173.1991,9.2726
12.911,587.7367,2.7487,283.2411,20.5197,173.1991,9.2726
13.016,587.7221,2.9312,283.4275,20.6790,173.2267,9.1874
13.119,587.7065,3.1168,283.6089,21.2961,173.3315,8.8370
13.229,587.6852,3.3431,283.8173,22.3096,173.4953,8.2193
13.337,587.6644,3.5336,283.9819,23.2605,173.6385,7.5788
13.441,587.6338,3.7634,284.1682,24.3931,173.7938,6.6905
13.551,587.6030,3.9549,284.3151,25.2420,173.8970,5.8701
13.656,587.5664,4.1458,284.4555,25.9444,173.9713,4.9955
13.769,587.5147,4.3730,284.6177,26.5400,174.0235,3.9046
13.885,587.4535,4.5971,284.7767,26.8225,174.0427,2.8132
13.989,587.3953,4.7798,284.9099,26.7878,174.0414,1.9336
14.102,587.3169,4.9915,285.0750,26.3888,174.0309,0.9326
14.209,587.2447,5.1595,285.2206,25.7355,174.0245,0.1477
14.321,587.1501,5.3475,285.4094,24.5383,174.0320,359.2624
14.425,587.0650,5.4898,285.5821,23.1731,174.0607,358.5675
14.526,586.9747,5.6157,285.7716,21.4526,174.1184,357.9071
14.629,586.8797,5.7217,285.9798,19.3613,174.2126,357.2779
14.732,586.7809,5.8040,286.2081,16.8925,174.3502,356.6786
14.839,586.6791,5.8591,286.4568,14.0561,174.5360,356.1118
14.944,586.5547,5.8838,286.7807,10.2123,174.8255,355.4906
15.045,586.4507,5.8661,287.0691,6.7149,175.1183,355.0662
15.147,586.3477,5.8125,287.3701,3.0650,175.4443,354.7974
15.253,586.2467,5.7254,287.6788,359.4119,175.7796,354.7597
15.354,586.1481,5.6102,287.9909,355.9212,176.0938,355.0180
15.467,586.0325,5.4453,288.3657,352.1628,176.4015,355.7741
15.572,585.9377,5.2949,288.6767,349.5258,176.5771,356.7872
15.675,585.8437,5.1404,288.9866,347.4122,176.6748,358.1263
15.778,585.7502,4.9879,289.2967,345.8415,176.7066,359.7447
15.885,585.6390,4.8139,289.6710,344.6434,176.6909,1.9604
15.997,585.5478,4.6798,289.9859,344.1552,176.6660,3.9381
16.097,585.4589,4.5576,290.3040,344.0498,176.6576,5.9376
16.211,585.3561,4.4271,290.6901,344.3026,176.6915,8.2371
16.317,585.2747,4.3313,291.0145,344.7202,176.7614,9.9746
16.428,585.1821,4.2298,291.4060,345.3424,176.8856,11.7576
16.533,585.1089,4.1550,291.7331,345.8864,177.0089,12.9630
16.639,585.0394,4.0888,292.0605,346.4296,177.1428,13.9268
16.751,584.9612,4.0228,292.4534,347.1858,177.3423,14.7981
16.855,584.9005,3.9808,292.7804,348.0299,177.5751,15.3008
16.960,584.8441,3.9516,293.1059,349.0905,177.8745,15.5853
17.072,584.7805,3.9322,293.4929,350.5461,178.2880,15.5849
17.174,584.7291,3.9264,293.8112,351.7856,178.6345,15.2484
17.278,584.6771,3.9265,294.1250,352.9361,178.9443,14.5673
17.390,584.6102,3.9285,294.4956,354.0779,179.2306,13.2657
17.492,584.5488,3.9263,294.8003,354.7568,179.3831,11.7766
17.604,584.4653,3.9119,295.1625,355.1898,179.4666,9.5410
17.709,584.3872,3.8848,295.4626,355.2196,179.4720,7.3647
17.811,584.3012,3.8403,295.7622,354.9637,179.4451,4.9877
17.924,584.1891,3.7608,296.1213,354.3364,179.4078,2.0163
18.028,584.0906,3.6724,296.4203,353.6196,179.3983,359.5827
18.129,583.9896,3.5655,296.7186,352.8097,179.4208,357.3221
18.230,583.8872,3.4435,297.0159,351.9899,179.4741,355.3528
18.334,583.7845,3.3107,297.3119,351.2396,179.5465,353.7760
18.444,583.6613,3.1445,297.6658,350.5271,179.6336,352.5110
18.557,583.5583,3.0065,297.9601,350.2091,179.6772,352.0906
18.660,583.4546,2.8749,298.2552,350.2091,179.6772,352.0906
18.772,583.3293,2.7328,298.6113,350.3105,179.6639,352.8947
18.880,583.2247,2.6333,298.9105,350.6995,179.6197,354.2560
18.992,583.1001,2.5424,299.2728,351.5257,179.5527,356.5194
19.097,582.9995,2.4930,299.5773,352.4576,179.5147,358.8382
19.198,582.9046,2.4680,299.8830,353.5402,179.5173,1.4350
19.310,582.8018,2.4678,300.2494,354.9276,179.5924,4.7287
19.415,582.7272,2.4887,300.5524,356.0641,179.7140,7.4551
19.528,582.6523,2.5331,300.9113,357.3022,179.9099,10.5161
19.640,582.5930,2.5924,301.2637,358.3271,180.1250,13.1981
19.758,582.5537,2.6491,301.5520,358.9895,180.2918,15.0809
19.868,582.5168,2.7229,301.8919,359.5553,180.4537,16.9035
19.981,582.4901,2.8044,302.2259,359.9818,180.5892,18.2829
20.093,582.4752,2.8806,302.4993,0.4751,180.7568,19.1331
20.198,582.4671,2.9679,302.7664,1.3049,181.0504,19.7463
20.298,582.4658,3.0681,303.0246,2.5157,181.4907,20.1505
20.410,582.4717,3.2055,303.3190,4.3544,182.1719,20.3917
20.524,582.4827,3.3595,303.5930,6.3930,182.9340,20.3975
20.627,582.4935,3.4976,303.8046,8.0783,183.5635,20.2410
20.741,582.5058,3.6714,304.0391,9.9305,184.2490,19.8773
20.844,582.5132,3.8202,304.2199,11.2532,184.7301,19.4396
20.949,582.5168,3.9705,304.3899,12.3351,185.1146,18.8899
21.061,582.5146,4.1508,304.5834,13.2941,185.4442,18.0982
21.163,582.5064,4.2993,304.7388,13.8082,185.6135,17.3429
21.276,582.4920,4.4450,304.8921,14.0673,185.6952,16.5160
21.378,582.4711,4.5867,305.0459,14.0775,185.6985,15.6337
21.491,582.4371,4.7498,305.2345,13.7682,185.6133,14.5266
21.603,582.3932,4.9030,305.4312,13.1138,185.4465,13.3979
21.710,582.3497,5.0214,305.6037,12.3073,185.2570,12.4665
21.812,582.2998,5.1295,305.7857,11.2660,185.0310,11.5663
21.913,582.2443,5.2256,305.9786,9.9937,184.7764,10.7189
22.018,582.1832,5.3079,306.1833,8.4988,184.5007,9.9448
22.119,582.1172,5.3747,306.4001,6.7960,184.2104,9.2624
22.233,582.0325,5.4320,306.6766,4.5121,183.8508,8.5852
22.338,581.9578,5.4595,306.9197,2.4502,183.5473,8.1502
22.450,581.8641,5.4671,307.2255,359.8581,183.1850,7.7877
22.561,581.7669,5.4475,307.5440,357.2365,182.8315,7.5917
22.663,581.6838,5.4119,307.8174,355.1142,182.5493,7.5408
22.764,581.5989,5.3608,308.0964,353.1236,182.2840,7.5735
22.866,581.5129,5.2968,308.3797,351.3310,182.0421,7.6683
22.970,581.4261,5.2230,308.6664,349.7936,181.8305,7.8030
23.081,581.3216,5.1260,309.0140,348.3489,181.6266,7.9867
23.181,581.2347,5.0418,309.3061,347.5131,181.5056,8.1366
23.285,581.1481,4.9579,309.6001,347.0953,181.4440,8.2440
23.386,581.0622,4.8769,309.8960,347.0953,181.4440,8.2440
23.505,580.9606,4.7867,310.2528,347.0953,181.4440,8.2440
23.617,580.8773,4.7192,310.5509,347.5117,181.5062,8.3290
23.724,580.7787,4.6479,310.9091,348.3539,181.6327,8.3712
23.827,580.6977,4.5984,311.2076,349.1558,181.7527,8.3173
23.941,580.6021,4.5540,311.5647,350.3741,181.9319,8.1449
24.045,580.5237,4.5336,311.8603,351.7724,182.1316,7.9083
24.157,580.4468,4.5307,312.1523,353.5535,182.3759,7.5841
24.258,580.3705,4.5458,312.4385,355.6400,182.6474,7.1674
24.362,580.2786,4.5859,312.7715,358.3621,182.9754,6.5361
24.473,580.2004,4.6343,313.0387,0.6455,183.2245,5.8932
24.585,580.1031,4.7052,313.3459,3.2162,183.4702,4.9777
24.696,580.0178,4.7703,313.5917,5.1053,183.6212,4.0992
24.803,579.9097,4.8504,313.8762,6.9760,183.7377,2.9237
24.904,579.8143,4.9154,314.1069,8.1657,183.7885,1.8664
25.004,579.7138,4.9761,314.3342,9.0056,183.8086,0.7671
25.109,579.6086,5.0304,314.5598,9.4959,183.8111,359.6579
25.221,579.4767,5.0851,314.8311,9.6340,183.8095,358.3621
25.321,579.3629,5.1200,315.0596,9.3881,183.8193,357.3529
25.423,579.2463,5.1440,315.2915,8.8301,183.8504,356.4437
25.535,579.1281,5.1561,315.5277,7.9765,183.9105,355.6640
25.645,578.9851,5.1534,315.8174,6.5892,184.0264,354.9326
25.749,578.8661,5.1359,316.0641,5.1566,184.1599,354.5115
25.859,578.7480,5.1039,316.3154,3.5011,184.3234,354.2687
25.971,578.6082,5.0457,316.6222,1.2650,184.5501,354.2072
26.073,578.4937,4.9805,316.8814,359.2383,184.7539,354.3309
26.184,578.3590,4.8815,317.1951,356.6798,185.0014,354.6488
26.287,578.2488,4.7818,317.4575,354.5036,185.1992,355.0063
26.400,578.1188,4.6422,317.7719,351.9211,185.4158,355.4751
26.505,578.0117,4.5105,318.0325,349.8564,185.5744,355.8468
26.613,577.9055,4.3665,318.2911,347.9241,185.7118,356.1649
26.725,577.7785,4.1802,318.5983,345.8387,185.8498,356.4487
26.832,577.6729,4.0161,318.8516,344.3335,185.9443,356.6002
26.944,577.5461,3.8120,319.1528,342.8397,186.0353,356.7011
27.046,577.4406,3.6383,319.4021,341.8701,186.0935,356.7531
27.158,577.3351,3.4638,319.6506,341.1570,186.1358,356.8228
27.262,577.2085,3.2565,319.9491,340.6988,186.1622,356.9631
27.375,577.1036,3.0881,320.1993,340.6361,186.1656,357.1222
27.477,576.9988,2.9260,320.4514,340.6074,186.1672,357.6693
27.581,576.8737,2.7431,320.7577,340.7987,186.1608,358.5834
27.681,576.7701,2.6027,321.0167,341.0932,186.1558,359.5829
27.785,576.6682,2.4754,321.2797,341.4907,186.1573,0.8218
27.891,576.5683,2.3639,321.5469,342.0012,186.1721,2.3121
28.004,576.4536,2.2543,321.8730,342.7887,186.2210,4.4305
28.116,576.3642,2.1854,322.1486,343.6030,186.3022,6.4499
28.235,576.2672,2.1317,322.4821,344.7612,186.4671,9.1218
28.340,576.1969,2.1111,322.7600,345.8485,186.6717,11.4889
28.451,576.1278,2.1138,323.0899,347.2401,187.0008,14.3905
28.553,576.0840,2.1365,323.3588,348.4162,187.3363,16.7675
28.660,576.0485,2.1843,323.6709,349.7771,187.7899,19.4594
28.762,576.0323,2.2379,323.9200,350.8243,188.1867,21.4968
28.863,576.0275,2.3012,324.1580,351.7639,188.5786,23.3007
28.966,576.0323,2.3720,324.3845,352.5812,188.9472,24.8461
29.078,576.0453,2.4486,324.6000,353.2707,189.2784,26.1238
29.191,576.0698,2.5459,324.8452,353.9323,189.6136,27.3083
29.304,576.1009,2.6471,325.0776,354.4238,189.8732,28.1307
29.407,576.1299,2.7333,325.2635,354.7149,190.0310,28.5590
29.520,576.1666,2.8380,325.4802,354.7149,190.0310,28.5590
29.632,576.1968,2.9250,325.6578,354.7149,190.0310,28.5590
29.740,576.2254,3.0107,325.8341,354.7149,190.0310,28.5590
29.847,576.2560,3.1111,326.0453,354.7666,190.0591,28.2574
29.948,576.2770,3.1922,326.2220,354.7794,190.0661,27.6033
30.053,576.2928,3.2703,326.4005,354.7110,190.0308,26.8201
30.164,576.3036,3.3591,326.6182,354.5692,189.9605,25.7245
30.265,576.3052,3.4284,326.8033,354.4404,189.8996,24.6824
30.378,576.2993,3.4930,326.9921,354.3344,189.8519,23.5275
30.489,576.2823,3.5642,327.2235,354.2783,189.8279,22.0058
30.602,576.2542,3.6285,327.4598,354.3459,189.8538,20.3573
30.702,576.2220,3.6773,327.6596,354.5292,189.9193,18.9059
30.808,576.1824,3.7221,327.8615,354.8495,190.0245,17.3997
30.911,576.1353,3.7635,328.0645,355.3168,190.1642,15.8516
31.024,576.0690,3.8088,328.3084,356.0626,190.3627,13.9474
31.128,576.0056,3.8429,328.5112,356.8060,190.5364,12.3181
31.229,575.9342,3.8724,328.7129,357.6032,190.6985,10.6336
31.331,575.8552,3.8966,328.9136,358.3900,190.8340,8.8701
31.436,575.7686,3.9150,329.1135,359.1511,190.9403,7.0160
31.537,575.6744,3.9275,329.3123,359.9648,191.0262,5.0678
31.638,575.5726,3.9349,329.5098,0.9624,191.0963,3.0343
31.742,575.4408,3.9388,329.7435,2.5292,191.1436,0.5233
31.847,575.3229,3.9390,329.9348,4.1434,191.1278,358.4129
31.959,575.1978,3.9370,330.1222,5.9677,191.0430,356.3232
32.073,575.0380,3.9319,330.3416,8.3044,190.8407,353.8965
32.177,574.8978,3.9258,330.5199,10.2698,190.5939,351.9941
32.289,574.7216,3.9169,330.7287,12.5405,190.2248,349.9322
32.389,574.5687,3.9093,330.8987,14.2976,189.8797,348.4623
32.494,574.4109,3.9017,331.0656,15.9042,189.5215,347.2701
32.606,574.2175,3.8915,331.2625,17.6380,189.0942,346.2259
32.719,574.0539,3.8819,331.4245,18.9242,188.7545,345.6463
32.842,573.8225,3.8676,331.6491,20.4772,188.3245,345.1742
32.946,573.6560,3.8578,331.8082,21.4027,188.0605,344.9989
33.046,573.4882,3.8497,331.9661,22.1697,187.8383,344.8954
33.149,573.3190,3.8442,332.1228,22.7740,187.6613,344.8157
33.256,573.1483,3.8421,332.2785,23.2173,187.5302,344.7243
33.357,572.9767,3.8423,332.4334,23.2173,187.5302,344.7243
33.468,572.7692,3.8450,332.6187,23.2173,187.5302,344.7243
33.571,572.5958,3.8493,332.7726,23.2173,187.5302,344.7243
33.684,572.3875,3.8574,332.9569,23.2173,187.5302,344.7243
33.787,572.2144,3.8669,333.1105,23.1234,187.5580,344.9046
33.896,572.0423,3.8792,333.2646,22.7277,187.6713,345.5199
33.997,571.8721,3.8947,333.4194,22.1286,187.8338,346.3111
34.097,571.7045,3.9138,333.5754,21.3289,188.0359,347.2554
34.201,571.5081,3.9408,333.7651,20.0832,188.3209,348.5629
34.302,571.3492,3.9655,333.9263,18.7809,188.5850,349.7599
34.403,571.1956,3.9906,334.0918,17.2118,188.8641,351.0086
34.508,571.0477,4.0137,334.2627,15.3510,189.1486,352.2596
34.619,570.9060,4.0315,334.4404,13.1788,189.4286,353.4614
34.730,570.7441,4.0408,334.6642,10.1460,189.7462,354.7698
34.850,570.5906,4.0299,334.9002,6.6590,190.0331,355.8630
34.954,570.4683,4.0002,335.1058,3.4452,190.2454,356.5694
35.064,570.3265,3.9348,335.3613,359.3156,190.4703,357.1455
35.183,570.1885,3.8344,335.6228,355.0489,190.6711,357.4251
35.290,570.0750,3.7243,335.8419,351.5424,190.8282,357.4533
35.390,569.9624,3.5928,336.0600,348.2242,190.9811,357.3310
35.502,569.8276,3.4123,336.3180,344.6708,191.1598,357.0500
35.607,569.7153,3.2483,336.5294,342.1986,191.2988,356.7662
35.708,569.6028,3.0772,336.7380,340.2710,191.4186,356.4958
35.811,569.4904,2.9037,336.9453,338.9584,191.5069,356.2885
35.922,569.3557,2.6986,337.1943,338.3776,191.5478,356.1943
36.027,569.2437,2.5350,337.4044,338.3776,191.5478,356.1943
36.128,569.1317,2.3829,337.6180,339.0952,191.4979,356.3846
36.235,569.0198,2.2464,337.8363,340.4245,191.4124,356.7079
36.338,568.9083,2.1296,338.0596,342.3089,191.3057,357.1438
36.441,568.7747,2.0213,338.3327,345.2337,191.1709,357.7872
36.551,568.6638,1.9612,338.5623,348.1473,191.0712,358.3948
36.654,568.5533,1.9302,338.7902,351.3952,190.9974,359.0380
36.759,568.4430,1.9280,339.0125,354.8568,190.9588,359.6893
36.881,568.2886,1.9683,339.3072,359.7982,190.9703,0.5707
36.989,568.1782,2.0224,339.5020,3.2104,191.0218,1.1562
37.094,568.0677,2.0922,339.6822,6.3960,191.1014,1.6957
37.197,567.9571,2.1734,339.8477,9.2783,191.2000,2.1881
37.306,567.8235,2.2812,340.0279,12.2800,191.3309,2.7201
37.410,567.7120,2.3764,340.1644,14.3913,191.4415,3.1164
37.551,567.5557,2.5131,340.3382,16.7861,191.5870,3.5813
37.687,567.3989,2.6493,340.4968,18.5892,191.7107,3.8759
37.796,567.2860,2.7440,340.6039,19.5525,191.7804,3.9225
37.898,567.1719,2.8350,340.7082,20.2699,191.8320,3.7802
38.003,567.0321,2.9372,340.8325,20.8312,191.8696,3.2913
38.109,566.9122,3.0149,340.9378,21.0655,191.8828,2.5619
38.211,566.7879,3.0837,341.0469,21.0984,191.8843,1.4922
38.312,566.6584,3.1414,341.1619,20.9397,191.8824,0.0463
38.420,566.4956,3.1912,341.3102,20.5171,191.8913,357.7969
38.532,566.3537,3.2125,341.4441,19.9849,191.9247,355.5190
38.646,566.1772,3.2092,341.6182,19.1431,192.0199,352.3878
38.755,566.0271,3.1795,341.7739,18.2858,192.1641,349.5546
38.858,565.8768,3.1241,341.9374,17.3065,192.3814,346.6428
38.959,565.7284,3.0434,342.1062,16.2312,192.6785,343.7831
39.071,565.5556,2.9156,342.3114,14.8584,193.1374,340.5989
39.171,565.4172,2.7866,342.4807,13.6850,193.5924,338.2788
39.285,565.2583,2.6105,342.6776,12.2890,194.1976,336.0131
39.386,565.1306,2.4506,342.8341,11.1678,194.7247,334.6134
39.495,565.0056,2.2831,342.9827,10.1075,195.2483,333.6826
39.605,564.8568,2.0776,343.1501,8.9373,195.8428,333.1944
39.718,564.7315,1.9074,343.2815,8.0598,196.2907,333.3108
39.823,564.5770,1.7104,343.4315,7.1352,196.7532,334.0769
39.947,564.4154,1.5284,343.5756,6.3609,197.1214,335.5308
40.049,564.2739,1.3941,343.6934,5.8413,197.3504,337.2763
40.150,564.1258,1.2808,343.8107,5.4511,197.5065,339.5153
40.262,563.9409,1.1795,343.9521,5.1824,197.6001,342.8532
40.370,563.7833,1.1285,344.0707,5.1315,197.6150,346.1459
40.470,563.6266,1.1104,344.1895,5.2107,197.5986,349.8296
40.582,563.4464,1.1307,344.3303,5.3976,197.5731,354.6011
40.683,563.3080,1.1783,344.4445,5.5413,197.5644,358.6896
40.792,563.1843,1.2479,344.5549,5.5872,197.5641,2.7004
40.903,563.0578,1.3517,344.6816,5.4204,197.5478,7.1989
41.024,562.9554,1.4690,344.8022,4.9703,197.4725,11.1877
41.137,562.8877,1.5719,344.8992,4.3881,197.3406,14.0605
41.249,562.8251,1.6977,345.0133,3.4744,197.0846,16.9567
41.352,562.7862,1.8023,345.1082,2.5619,196.7877,18.9330
41.459,562.7574,1.9055,345.2049,1.5340,196.4178,20.5446
41.571,562.7335,2.0259,345.3260,0.1706,195.8850,22.0448
41.675,562.7203,2.1219,345.4332,358.9398,195.3742,22.9701
41.787,562.7097,2.2301,345.5723,357.3623,194.6918,23.7299
41.901,562.7015,2.3284,345.7253,355.6876,193.9460,24.1401
42.012,562.6942,2.4009,345.8651,354.2282,193.2874,24.2325
42.115,562.6841,2.4633,346.0172,352.7218,192.6064,24.1074
42.228,562.6661,2.5223,346.2166,350.8723,191.7777,23.6764
42.338,562.6445,2.5565,346.3971,349.3188,191.0953,23.0855
42.461,562.6011,2.5791,346.6707,347.1765,190.1874,21.9070
42.568,562.5596,2.5759,346.8797,345.7137,189.5982,20.8199
42.679,562.5089,2.5563,347.0986,344.3511,189.0791,19.5398
42.792,562.4363,2.5119,347.3723,342.9107,188.5709,17.7772
42.900,562.3670,2.4588,347.6076,341.9284,188.2557,16.1585
43.020,562.2751,2.3792,347.8969,341.0850,188.0138,14.1080
43.128,562.1754,2.2867,348.1918,340.6919,187.9156,12.0344
43.241,562.0703,2.1870,348.4906,340.8354,187.9434,10.0351
43.345,561.9799,2.1029,348.7420,341.4203,188.0430,8.4865
43.453,561.8881,2.0228,348.9948,342.4687,188.1926,7.0866
43.561,561.7765,1.9386,349.2993,344.3784,188.4126,5.6454
43.661,561.6827,1.8842,349.5526,346.5282,188.6117,4.6682
43.772,561.5882,1.8495,349.8038,349.1739,188.8133,3.9070
43.883,561.4738,1.8395,350.0984,352.9359,189.0503,3.2786
44.007,561.3580,1.8675,350.3796,357.1903,189.2804,2.9386
44.120,561.2598,1.9188,350.5987,0.9518,189.4697,2.8472
44.233,561.1396,2.0088,350.8384,5.4911,189.6979,2.9280
44.346,561.0166,2.1218,351.0500,9.8023,189.9286,3.1670
44.449,560.9124,2.2277,351.2048,13.0595,190.1203,3.4450
44.561,560.7858,2.3630,351.3668,16.4392,190.3418,3.8225
44.662,560.6791,2.4796,351.4847,18.7656,190.5115,4.1374
44.783,560.5502,2.6218,351.6094,20.9522,190.6865,4.4767
44.888,560.4424,2.7415,351.7025,22.2864,190.8017,4.7071
44.999,560.3346,2.8624,351.7880,23.2281,190.8874,4.8876
45.107,560.2052,3.0090,351.8835,23.9650,190.9573,5.0452
45.219,560.0970,3.1325,351.9588,24.2292,190.9830,5.1009
45.323,559.9669,3.2820,352.0458,24.4804,191.0076,5.1344
45.436,559.8583,3.4066,352.1158,24.8205,191.0414,5.1593
45.541,559.7277,3.5555,352.1981,24.9788,191.0571,5.1400
45.661,559.5964,3.7025,352.2799,24.9788,191.0571,5.1400
45.775,559.4860,3.8227,352.3490,25.0347,191.0627,5.0826
45.883,559.3517,3.9632,352.4346,25.1179,191.0706,4.6652
45.990,559.2378,4.0761,352.5098,24.9177,191.0538,4.1855
46.104,559.0986,4.2052,352.6074,24.2899,191.0074,3.5436
46.216,558.9803,4.3064,352.6969,23.4503,190.9556,2.9390
46.324,558.8356,4.4178,352.8171,22.0550,190.8891,2.1227
46.436,558.7134,4.5001,352.9299,20.5519,190.8400,1.3731
46.548,558.5649,4.5824,353.0828,18.3136,190.8035,0.4117
46.653,558.4401,4.6341,353.2261,16.0695,190.8039,359.5861
46.767,558.2902,4.6714,353.4177,12.9161,190.8560,358.6127
46.869,558.1656,4.6785,353.5927,9.9214,190.9507,357.8626
46.975,558.0425,4.6616,353.7802,6.6346,191.0942,357.2172
47.088,557.8974,4.6086,354.0178,2.4013,191.3235,356.6506
47.202,557.7555,4.5216,354.2643,358.0082,191.5929,356.3887
47.304,557.6395,4.4266,354.4731,354.3648,191.8227,356.4534
47.415,557.5254,4.3155,354.6828,350.8582,192.0326,356.8040
47.524,557.3904,4.1671,354.9344,346.9686,192.2286,357.6165
47.633,557.2794,4.0362,355.1440,344.0805,192.3284,358.6118
47.738,557.1697,3.9028,355.3542,341.5670,192.3648,359.8712
47.841,557.0405,3.7438,355.6089,339.0832,192.3318,1.6777
47.952,556.9353,3.6155,355.8241,337.4695,192.2565,3.3730
48.066,556.8128,3.4702,356.0874,336.0800,192.1406,5.5546
48.179,556.7153,3.3588,356.3115,335.3694,192.0531,7.4305
48.292,556.6052,3.2399,356.5863,335.0371,192.0000,9.6720
48.410,556.5044,3.1407,356.8667,335.2479,192.0460,11.8299
48.511,556.4294,3.0760,357.1037,335.8077,192.1853,13.5264
48.614,556.3638,3.0302,357.3420,336.6803,192.4297,15.1206
48.735,556.2993,3.0020,357.6267,338.0842,192.8675,16.9081
48.855,556.2512,3.0039,357.9051,339.7947,193.4550,18.5773
48.960,556.2236,3.0277,358.1280,341.3727,194.0392,19.8872
49.097,556.2025,3.0910,358.4200,343.6546,194.9458,21.5948
49.201,556.1981,3.1674,358.6468,345.5166,195.7365,22.9228
49.313,556.2018,3.2422,358.8175,346.8940,196.3507,23.9150
49.425,556.2125,3.3401,359.0015,348.2340,196.9738,24.9470
49.525,556.2244,3.4248,359.1392,349.0223,197.3538,25.6603
49.636,556.2379,3.5096,359.2656,349.4634,197.5719,26.2312
49.748,556.2543,3.6085,359.4076,349.5503,197.6157,26.5030
49.863,556.2691,3.7008,359.5456,349.0490,197.3588,26.8548
49.969,556.2790,3.7701,359.6627,348.2604,196.9503,26.9652
50.082,556.2860,3.8412,359.8112,346.9225,196.2545,26.8499
50.195,556.2858,3.8875,359.9453,345.5171,195.5263,26.5573
50.299,556.2784,3.9194,360.0913,343.8808,194.6865,26.0950
50.399,556.2616,3.9341,360.2509,342.0477,193.7601,25.4690
50.512,556.2272,3.9253,360.4606,339.6466,192.5747,24.5105
50.613,556.1848,3.8932,360.6498,337.5398,191.5653,23.5498
50.722,556.1168,3.8230,360.8914,334.9823,190.3849,22.2246
50.834,556.0460,3.7379,361.1021,332.9154,189.4728,21.0020
50.938,555.9636,3.6295,361.3185,330.9925,188.6639,19.7034
51.045,555.8519,3.4721,361.5828,328.9840,187.8685,18.0976
51.152,555.7507,3.3219,361.8049,327.6396,187.3717,16.7723
51.258,555.6448,3.1584,362.0280,326.6543,187.0315,15.5116
51.367,555.5144,2.9508,362.2978,326.0059,186.8239,14.1591
51.475,555.4055,2.7741,362.5256,325.9478,186.8061,13.2283
51.594,555.2770,2.5654,362.8051,326.4918,186.9538,12.4238
51.701,555.1534,2.3701,363.0943,327.7320,187.2724,12.0360
51.812,555.0566,2.2256,363.3447,329.3073,187.6661,12.0793
51.922,554.9510,2.0844,363.6572,331.8342,188.2994,12.6081
52.024,554.8746,2.0009,363.9253,334.4247,188.9704,13.4496
52.136,554.8108,1.9537,364.1959,337.3701,189.7763,14.6254
52.247,554.7535,1.9470,364.5146,341.1920,190.9085,16.3822
52.351,554.7221,1.9802,364.7661,344.4271,191.9561,18.0129
52.463,554.7022,2.0580,365.0402,348.1276,193.2673,19.9840
52.573,554.6978,2.1461,365.2404,350.9112,194.3394,21.4975
52.681,554.7020,2.2695,365.4446,353.7847,195.5266,23.0199
52.796,554.7100,2.3808,365.5860,355.7701,196.3940,23.9774
52.905,554.7210,2.5191,365.7253,357.6917,197.2658,24.7183
53.010,554.7289,2.6356,365.8204,358.9543,197.8515,24.9955
53.122,554.7344,2.7749,365.9152,0.1288,198.3993,24.9358
53.230,554.7338,2.8893,365.9823,0.8718,198.7424,24.5748
53.338,554.7273,3.0013,366.0424,1.4380,198.9980,23.9419
53.449,554.7095,3.1309,366.1099,1.9252,199.2095,22.8304
53.557,554.6852,3.2335,366.1655,2.1997,199.3220,21.6105
53.663,554.6427,3.3477,366.2352,2.4054,199.4003,19.7883
53.766,554.5950,3.4333,366.2981,2.5019,199.4335,17.9652
53.877,554.5349,3.5080,366.3670,2.5620,199.4519,15.8644
53.986,554.4457,3.5800,366.4591,2.6427,199.4725,12.9897
54.087,554.3571,3.6230,366.5438,2.7761,199.4998,10.3288
54.203,554.2343,3.6521,366.6544,3.0982,199.5476,6.8858
54.315,554.1195,3.6568,366.7528,3.5620,199.5906,3.8883
54.424,553.9691,3.6394,366.8763,4.4093,199.6196,0.2646
54.534,553.8353,3.6075,366.9818,5.3766,199.5981,357.3300
54.640,553.6665,3.5512,367.1096,6.8358,199.4852,354.0356
54.745,553.5204,3.4925,367.2159,8.2629,199.3020,351.5572
54.849,553.3703,3.4258,367.3215,9.8332,199.0338,349.3732
54.956,553.2170,3.3542,367.4260,11.4959,198.6868,347.5167
55.060,553.0604,3.2803,367.5293,13.2005,198.2753,346.0113
55.160,552.8686,3.1919,367.6521,15.2520,197.7203,344.6883
55.265,552.7054,3.1203,367.7536,16.9413,197.2264,343.9888
55.388,552.5062,3.0396,367.8746,18.9059,196.6250,343.6113
55.501,552.3030,2.9670,367.9947,20.7498,196.0487,343.6979
55.608,552.1310,2.9145,368.0940,22.1511,195.6132,344.0836
55.714,551.9566,2.8708,368.1922,23.3926,195.2365,344.7083
55.818,551.7802,2.8371,368.2889,24.4437,194.9303,345.5150
55.925,551.5667,2.8102,368.4024,25.4349,194.6585,346.6325
56.034,551.3881,2.7982,368.4950,26.0259,194.5082,347.6216
56.149,551.1744,2.7953,368.6040,26.4305,194.4135,348.8095
56.261,550.9623,2.8027,368.7118,26.4714,194.4042,349.9349
56.365,550.7877,2.8149,368.8018,26.2028,194.4547,350.7814
56.488,550.5814,2.8338,368.9119,25.4895,194.5764,351.6402
56.601,550.3794,2.8537,369.0267,24.3236,194.7571,352.2819
56.729,550.1819,2.8700,369.1488,22.6837,194.9924,352.6650
56.829,550.0211,2.8769,369.2580,20.9466,195.2310,352.7638
56.951,549.8329,2.8719,369.3994,18.4206,195.5745,352.6006
57.064,549.6501,2.8465,369.5526,15.4406,195.9910,352.1295
57.171,549.5020,2.8059,369.6883,12.6551,196.4030,351.5195
57.279,549.3579,2.7449,369.8295,9.6578,196.8793,350.7462
57.389,549.1899,2.6441,370.0025,5.8942,197.5343,349.6772
57.498,549.0537,2.5382,370.1461,2.7282,198.1392,348.7506
57.606,548.8939,2.3890,370.3139,359.0332,198.9097,347.7164
57.727,548.7367,2.2224,370.4739,355.5842,199.6885,346.9000
57.829,548.6070,2.0756,370.6007,352.9731,200.3103,346.4761
57.937,548.4774,1.9263,370.7221,350.6422,200.8806,346.3470
58.043,548.3217,1.7494,370.8627,348.2440,201.4687,346.6393
58.154,548.1915,1.6080,370.9778,346.5903,201.8623,347.2867
58.266,548.0349,1.4505,371.1162,345.0274,202.2093,348.5679
58.372,547.9047,1.3330,371.2342,344.0805,202.3960,350.0571
58.485,547.7503,1.2129,371.3807,343.3748,202.5120,352.3309
58.592,547.6253,1.1334,371.5078,343.1440,202.5408,354.5972
58.697,547.5049,1.0748,371.6390,343.2267,202.5357,357.1492
58.798,547.3917,1.0384,371.7733,343.5964,202.5268,359.9180
58.907,547.2676,1.0240,371.9349,344.3518,202.5509,3.4012
59.012,547.1758,1.0348,372.0666,345.1588,202.6226,6.3186
59.124,547.0807,1.0714,372.2164,346.2087,202.7753,9.6821
59.250,547.0021,1.1282,372.3534,347.1955,202.9763,12.7464
59.364,546.9382,1.1996,372.4754,347.9839,203.1782,15.3962
59.476,546.8945,1.2667,372.5656,348.4328,203.3122,17.2442
59.580,546.8518,1.3528,372.6617,348.7006,203.4010,19.0200
59.688,546.8227,1.4270,372.7337,348.6990,203.4000,20.1478
59.800,546.7979,1.5019,372.8008,348.5030,203.3247,20.9819
59.902,546.7722,1.5911,372.8783,348.0361,203.1382,21.6336
60.013,546.7529,1.6634,372.9433,347.4797,202.9104,21.9160
60.119,546.7341,1.7325,373.0112,346.7925,202.6261,21.9858
60.233,546.7105,1.8095,373.0992,345.8135,202.2206,21.8141
60.339,546.6888,1.8670,373.1801,344.8793,201.8373,21.4739
60.444,546.6582,1.9256,373.2883,343.6285,201.3339,20.8424
60.556,546.6274,1.9637,373.3890,342.4888,200.8885,20.1359
60.662,546.5823,1.9936,373.5235,341.0210,200.3376,19.0756
60.770,546.5366,2.0031,373.6468,339.7325,199.8784,18.0165
60.891,546.4708,1.9939,373.8077,338.1389,199.3468,16.5398
61.003,546.3919,1.9598,373.9813,336.5377,198.8586,14.8499
61.108,546.3162,1.9115,374.1340,335.2377,198.5012,13.2960
61.213,546.2318,1.8450,374.2925,334.0078,198.1998,11.6348
61.327,546.1202,1.7421,374.4882,332.6788,197.9210,9.5501
61.434,546.0198,1.6385,374.6540,331.7383,197.7584,7.7952
61.543,545.8926,1.4958,374.8548,330.8625,197.6389,5.7615
61.646,545.7826,1.3646,375.0229,330.3796,197.5901,4.2091
61.762,545.6477,1.1974,375.2256,330.1347,197.5724,2.6241
61.873,545.5344,1.0542,375.3959,330.2345,197.5761,1.6144
61.994,545.3986,0.8842,375.6034,330.7466,197.5879,0.8655
62.108,545.2649,0.7238,375.8164,331.7126,197.6018,0.7018
62.217,545.1559,0.6042,375.9995,332.8801,197.6214,1.0589
62.327,545.0301,0.4857,376.2263,334.7242,197.6771,2.1118
62.450,544.9125,0.4034,376.4600,337.0343,197.8075,3.8449
62.553,544.8235,0.3679,376.6565,339.2696,198.0093,5.7710
62.659,544.7447,0.3646,376.8501,341.7109,198.3229,8.0628
62.768,544.6664,0.4020,377.0700,344.7659,198.8617,11.1465
62.870,544.6158,0.4630,377.2357,347.2746,199.4340,13.8398
62.978,544.5783,0.5450,377.3803,349.6294,200.0853,16.5000
63.085,544.5488,0.6627,377.5217,352.1385,200.9101,19.4847
63.197,544.5352,0.7708,377.6118,353.9169,201.5832,21.7031
63.304,544.5293,0.9072,377.6876,355.6694,202.3243,23.9804
63.410,544.5311,1.0238,377.7264,356.8364,202.8638,25.5476
63.522,544.5393,1.1654,377.7473,357.9341,203.4069,27.0514
63.628,544.5500,1.2840,377.7467,358.6392,203.7747,28.0187
63.733,544.5630,1.4029,377.7325,359.1901,204.0725,28.7546
63.835,544.5778,1.5218,377.7074,359.6163,204.3090,29.2846
63.942,544.5964,1.6644,377.6662,359.9427,204.4933,29.6305
64.048,544.6119,1.7833,377.6255,359.9427,204.4933,29.6305
64.160,544.6269,1.9019,377.5818,359.9427,204.4933,29.6305
64.265,544.6430,2.0433,377.5274,0.0112,204.5323,29.5940
64.367,544.6538,2.1602,377.4811,0.3171,204.7051,29.2999
64.471,544.6614,2.2758,377.4348,0.5103,204.8127,28.8454
64.582,544.6647,2.4126,377.3808,0.6186,204.8716,28.1023
64.690,544.6617,2.5245,377.3386,0.6461,204.8862,27.3151
64.792,544.6528,2.6338,377.3003,0.6436,204.8849,26.3671
64.902,544.6326,2.7607,377.2609,0.6256,204.8762,25.0029
65.008,544.6068,2.8618,377.2346,0.6157,204.8718,23.6638
65.122,544.5634,2.9759,377.2122,0.6350,204.8797,21.7977
65.226,544.5156,3.0632,377.2018,0.6999,204.9043,20.0157
65.334,544.4563,3.1417,377.1992,0.8326,204.9499,18.0213
65.445,544.3688,3.2217,377.2066,1.1162,205.0344,15.3493
65.553,544.2820,3.2744,377.2209,1.4861,205.1271,12.9038
65.658,544.1825,3.3125,377.2422,2.0047,205.2331,10.2861
65.771,544.0469,3.3368,377.2757,2.8578,205.3616,6.9723
65.886,543.8959,3.3362,377.3159,3.9896,205.4648,3.5571
65.993,543.7597,3.3166,377.3529,5.1479,205.5074,0.7146
66.114,543.5867,3.2710,377.4002,6.7719,205.4791,357.4097
66.226,543.4059,3.2037,377.4491,8.5993,205.3443,354.3281
66.335,543.2510,3.1336,377.4904,10.2282,205.1456,352.0029
66.439,543.0933,3.0532,377.5318,11.9079,204.8729,349.9489
66.540,542.9014,2.9471,377.5818,13.9308,204.4650,347.8960
66.647,542.7400,2.8535,377.6239,15.5847,204.0765,346.5632
66.754,542.5775,2.7567,377.6666,17.2176,203.6535,345.5832
66.860,542.4143,2.6577,377.7105,18.8488,203.2013,344.9338
66.966,542.2173,2.5381,377.7653,20.7963,202.6350,344.5287
67.072,542.0520,2.4401,377.8130,22.3830,202.1608,344.4456
67.185,541.8508,2.3278,377.8726,24.1981,201.6126,344.5866
67.293,541.6801,2.2415,377.9236,25.6023,201.1895,344.8636
67.400,541.5061,2.1638,377.9751,26.8989,200.8035,345.2584
67.511,541.2929,2.0830,378.0362,28.3448,200.3831,345.8880
67.620,541.0748,2.0170,378.0952,29.6871,200.0085,346.7414
67.728,540.8895,1.9747,378.1411,30.7155,199.7379,347.6814
67.832,540.7015,1.9454,378.1827,31.6425,199.5124,348.8728
67.940,540.4739,1.9291,378.2248,32.5923,199.3088,350.6668
68.047,540.2839,1.9324,378.2517,33.2254,199.1963,352.4677
68.159,540.0955,1.9520,378.2701,33.6973,199.1310,354.5251
68.271,539.8747,1.9974,378.2795,34.0345,199.1005,357.2737
68.379,539.6978,2.0531,378.2763,34.1170,199.0972,359.7276
68.490,539.4976,2.1403,378.2593,33.9784,199.0922,2.7632
68.600,539.3140,2.2474,378.2293,33.5915,199.0561,5.7787
68.706,539.1756,2.3499,378.1961,33.0935,198.9824,8.1927
68.819,539.0513,2.4627,378.1568,32.4506,198.8561,10.4580
68.920,538.9207,2.6091,378.1046,31.5067,198.6246,12.9233
69.026,538.8279,2.7387,378.0591,30.5895,198.3603,14.7364
69.132,538.7484,2.8738,378.0139,29.5612,198.0295,16.3143
69.244,538.6692,3.0416,377.9633,28.1837,197.5443,17.8901
69.369,538.6058,3.2140,377.9202,26.6436,196.9622,19.1205
69.476,538.5634,3.3600,377.8928,25.2230,196.4020,19.8856
69.587,538.5228,3.5366,377.8739,23.3287,195.6365,20.4952
69.696,538.4957,3.6834,377.8732,21.5634,194.9169,20.7472
69.804,538.4678,3.8564,377.8947,19.1727,193.9496,20.7397
69.914,538.4465,3.9951,377.9353,16.9056,193.0523,20.4691
70.030,538.4193,4.1494,378.0166,13.7841,191.8635,19.8155
70.139,538.3920,4.2619,378.1154,10.7909,190.7837,18.9875
70.248,538.3486,4.3669,378.2753,6.6685,189.4013,17.6480
70.371,538.2888,4.4253,378.4811,1.9543,187.9726,15.9447
70.482,538.2090,4.4224,378.7281,356.7461,186.5817,13.9278
70.591,538.1268,4.3663,378.9576,352.2083,185.5281,12.0769
70.700,538.0328,4.2612,379.1998,347.7247,184.6327,10.1543
70.813,537.9092,4.0788,379.4960,342.7602,183.8168,7.8763
70.921,537.7797,3.8498,379.7901,338.5827,183.2859,5.7640
71.027,537.6707,3.6352,380.0310,335.8564,183.0271,4.2103
71.139,537.5624,3.4078,380.2684,333.8574,182.8895,2.8876
71.248,537.4343,3.1265,380.5503,332.3799,182.8232,1.6285
71.358,537.3291,2.8903,380.7852,331.8352,182.8093,0.8488
71.466,537.2045,2.6093,381.0691,331.8506,182.8088,0.2063
71.567,537.1015,2.3786,381.3088,332.2560,182.8089,359.8757
71.674,536.9990,2.1506,381.5510,332.8162,182.8064,359.6841
71.784,536.8763,1.8768,381.8434,333.2114,182.8036,359.5972
71.904,536.7534,1.5971,382.1337,333.2114,182.8036,359.5972
72.016,536.6506,1.3542,382.3722,332.8433,182.8068,359.5318
72.124,536.5273,1.0498,382.6507,331.6832,182.8194,359.3668
72.224,536.4245,0.7865,382.8755,330.5223,182.8360,359.1929
72.338,536.3220,0.5166,383.0940,329.3888,182.8567,358.9863
72.451,536.1992,0.1881,383.3496,328.2708,182.8828,358.7190
72.567,536.0771,-0.1405,383.6018,327.5863,182.9023,358.4879
72.675,535.9755,-0.4107,383.8133,327.5863,182.9023,358.4879
72.777,535.8739,-0.6727,384.0292,327.6759,182.8996,358.5044
72.892,535.7524,-0.9693,384.2997,328.6848,182.8716,358.8265
72.994,535.6511,-1.1945,384.5393,330.1467,182.8459,359.4601
73.095,535.5506,-1.3907,384.7959,332.2310,182.8448,0.5098
73.207,535.4333,-1.5729,385.1292,335.6463,182.9407,2.4114
73.315,535.3422,-1.6666,385.4271,339.2902,183.1805,4.5677
73.422,535.2488,-1.6960,385.7983,344.5240,183.7752,7.7879
73.527,535.1916,-1.6503,386.1039,349.3600,184.5893,10.8505
73.639,535.1570,-1.5508,386.3897,354.2794,185.6860,14.0416
73.746,535.1448,-1.3834,386.6894,359.8068,187.2609,17.7237
73.856,535.1543,-1.2227,386.8964,3.8029,188.6448,20.4573
73.969,535.1823,-1.0212,387.0938,7.7023,190.2145,23.1901
74.075,535.2147,-0.8531,387.2198,10.2143,191.3517,24.9895
74.181,535.2599,-0.6545,387.3323,12.4510,192.4548,26.6232
74.293,535.3008,-0.4922,387.4001,13.7754,193.1512,27.6088
74.400,535.3430,-0.3322,387.4496,14.7043,193.6599,28.3107
74.512,535.3951,-0.1426,387.4911,15.4023,194.0536,28.8428
74.624,535.4472,0.0455,387.5202,15.5510,194.1387,28.9549
74.730,535.4901,0.2015,387.5400,15.5510,194.1387,28.9550
74.849,535.5397,0.3871,387.5624,15.5509,194.1388,28.9550
